{
  "GEM_2025_B_7055523.json": {
    "source_file": "GEM_2025_B_7055523.pdf",
    "num_pages": 7,
    "pages": [
      {
        "page_number": 1,
        "used_ocr": false,
        "cleaned_text": "/Bid Number: GEM/2025/B/7055523 /Dated: 30-12-2025 / Bid Document //Bid Details // /Bid End Date/Time 09-01-2026 14:00:00 // /Bid Opening 09-01-2026 14:30:00 Date/Time (( ))/Bid Offer 60 (Days) Validity (From End Date) // /Ministry/State Name Ministry Of Railways /Department Name Indian Railways /Organisation Name Southern Railway /Office Name Southern Railway Vehicle Hiring Service - Per Vehicle-Day basis - SUV/MUV; /Item Category 2022, 2023, 2024, 2025; Local; Plain; 100Kms x 12Hrs; Round Trip /Contract Period 2 Year(s) ((33 )) /Minimum Average Annual Turnover of the 19 Lakh (s) bidder (For 3 Years) // /Years of Past Experience Required for 3 Year (s) same/similar service /Past Yes Experience of Similar Services required /MSE Relaxation for Years of No Experience and Turnover /Startup Relaxation for Years of No Experience and Turnover Experience Criteria,Bidder Turnover,Certificate (Requested in ATC),Additional Doc 1 (Requested in ATC),Additional Doc 2 (Requested in ATC) /Document required *In case any bidder is seeking exemption from Experience / from seller Turnover Criteria, the supporting documents to prove his eligibility for exemption must be uploaded for evaluation by the buyer 1 / 7",
        "lines": [
          "/Bid Number: GEM/2025/B/7055523 /Dated: 30-12-2025 / Bid Document //Bid Details // /Bid End Date/Time 09-01-2026 14:00:00 // /Bid Opening 09-01-2026 14:30:00 Date/Time (( ))/Bid Offer 60 (Days) Validity (From End Date) // /Ministry/State Name Ministry Of Railways /Department Name Indian Railways /Organisation Name Southern Railway /Office Name Southern Railway Vehicle Hiring Service - Per Vehicle-Day basis - SUV/MUV; /Item Category 2022, 2023, 2024, 2025; Local; Plain; 100Kms x 12Hrs; Round Trip /Contract Period 2 Year(s) ((33 )) /Minimum Average Annual Turnover of the 19 Lakh (s) bidder (For 3 Years) // /Years of Past Experience Required for 3 Year (s) same/similar service /Past Yes Experience of Similar Services required /MSE Relaxation for Years of No Experience and Turnover /Startup Relaxation for Years of No Experience and Turnover Experience Criteria,Bidder Turnover,Certificate (Requested in ATC),Additional Doc 1 (Requested in ATC),Additional Doc 2 (Requested in ATC) /Document required *In case any bidder is seeking exemption from Experience / from seller Turnover Criteria, the supporting documents to prove his eligibility for exemption must be uploaded for evaluation by the buyer 1 / 7"
        ],
        "tables": [
          [
            [
              "//Bid Details",
              ""
            ],
            [
              "// /Bid End Date/Time",
              "09-01-2026 14:00:00"
            ],
            [
              "// /Bid Opening Date/Time",
              "09-01-2026 14:30:00"
            ],
            [
              "(( ))/Bid Offer Validity (From End Date)",
              "60 (Days)"
            ],
            [
              "// /Ministry/State Name",
              "Ministry Of Railways"
            ],
            [
              "/Department Name",
              "Indian Railways"
            ],
            [
              "/Organisation Name",
              "Southern Railway"
            ],
            [
              "/Office Name",
              "Southern Railway"
            ],
            [
              "/Item Category",
              "Vehicle Hiring Service - Per Vehicle-Day basis - SUV/MUV; 2022, 2023, 2024, 2025; Local; Plain; 100Kms x 12Hrs; Round Trip"
            ],
            [
              "/Contract Period",
              "2 Year(s)"
            ],
            [
              "((33 )) /Minimum Average Annual Turnover of the bidder (For 3 Years)",
              "19 Lakh (s)"
            ],
            [
              "// /Years of Past Experience Required for same/similar service",
              "3 Year (s)"
            ],
            [
              "/Past Experience of Similar Services required",
              "Yes"
            ],
            [
              "/MSE Relaxation for Years of Experience and Turnover",
              "No"
            ],
            [
              "/Startup Relaxation for Years of Experience and Turnover",
              "No"
            ],
            [
              "/Document required from seller",
              "Experience Criteria,Bidder Turnover,Certificate (Requested in ATC),Additional Doc 1 (Requested in ATC),Additional Doc 2 (Requested in ATC) *In case any bidder is seeking exemption from Experience / Turnover Criteria, the supporting documents to prove his eligibility for exemption must be uploaded for evaluation by the buyer"
            ],
            [
              "",
              ""
            ]
          ]
        ]
      },
      {
        "page_number": 2,
        "used_ocr": false,
        "cleaned_text": "//Bid Details Yes (Documents submitted as part of a clarification or representation during the tender/bid process will also be ?? /Do you want to show displayed to other participated bidders after log in) documents uploaded by bidders to all bidders participated in bid? / Minimum number of 1 bids required to disable automatic bid extension ,, -- // Number of days for which Bid 3 would be auto--extended // 2 Number of Auto Extension count /Bid to RA enabled No /Type of Bid Single Packet Bid /Time allowed for Technical 2 Days Clarifications during technical evaluation /Estimated Bid Value 1259859 /Evaluation Method Total value wise evaluation /Arbitration Clause No /Mediation Clause No /EMD Detail /Advisory Bank State Bank of India /EMD Amount 25198 /ePBG Detail /Advisory Bank State Bank of India (%)/ePBG Percentage(%) 5.00 () /Duration of ePBG 30 required (Months). (a). 2 / 7",
        "lines": [
          "//Bid Details Yes (Documents submitted as part of a clarification or representation during the tender/bid process will also be ?? /Do you want to show displayed to other participated bidders after log in) documents uploaded by bidders to all bidders participated in bid? / Minimum number of 1 bids required to disable automatic bid extension ,, -- // Number of days for which Bid 3 would be auto--extended // 2 Number of Auto Extension count /Bid to RA enabled No /Type of Bid Single Packet Bid /Time allowed for Technical 2 Days Clarifications during technical evaluation /Estimated Bid Value 1259859 /Evaluation Method Total value wise evaluation /Arbitration Clause No /Mediation Clause No /EMD Detail /Advisory Bank State Bank of India /EMD Amount 25198 /ePBG Detail /Advisory Bank State Bank of India (%)/ePBG Percentage(%) 5.00 () /Duration of ePBG 30 required (Months). (a). 2 / 7"
        ],
        "tables": [
          [
            [
              "",
              ""
            ],
            [
              "//Bid Details",
              ""
            ],
            [
              "?? /Do you want to show documents uploaded by bidders to all bidders participated in bid?",
              "Yes (Documents submitted as part of a clarification or representation during the tender/bid process will also be displayed to other participated bidders after log in)"
            ],
            [
              "/ Minimum number of bids required to disable automatic bid extension",
              "1"
            ],
            [
              ",, -- // Number of days for which Bid would be auto--extended",
              "3"
            ],
            [
              "// Number of Auto Extension count",
              "2"
            ],
            [
              "/Bid to RA enabled",
              "No"
            ],
            [
              "/Type of Bid",
              "Single Packet Bid"
            ],
            [
              "/Time allowed for Technical Clarifications during technical evaluation",
              "2 Days"
            ],
            [
              "/Estimated Bid Value",
              "1259859"
            ],
            [
              "/Evaluation Method",
              "Total value wise evaluation"
            ],
            [
              "/Arbitration Clause",
              "No"
            ],
            [
              "/Mediation Clause",
              "No"
            ]
          ],
          [
            [
              "/Advisory Bank",
              "State Bank of India"
            ],
            [
              "/EMD Amount",
              "25198"
            ]
          ],
          [
            [
              "/Advisory Bank",
              "State Bank of India"
            ],
            [
              "(%)/ePBG Percentage(%)",
              "5.00"
            ],
            [
              "() /Duration of ePBG required (Months).",
              "30"
            ]
          ]
        ]
      },
      {
        "page_number": 3,
        "used_ocr": false,
        "cleaned_text": "/EMD EXEMPTION: The bidder seeking EMD exemption, must submit the valid supporting document for the relevant category as per GeM GTC with the bid. Under MSE category, only manufacturers for goods and Service Providers for Services are eligible for exemption from EMD. Traders are excluded from the purview of this Policy. (b). , , / EMD & Performance securityshould be in favour of Beneficiary, wherever it is applicable. /Beneficiary : FA&CAO/CN/MS Office of the Chief Administrative Officer, Construction, Chennai Egmore, Chennai, Southern Railways-600008 (Fa And Cao/cn/ms) UIN Number NCTGC2415P / Bid splitting not applied. /MII Compliance /MII Compliance Yes /MSE Purchase Preference /MSE Purchase Preference Yes , L1+X% / 15 Purchase Preference to MSE OEMs available upto price within L1+X% / Maximum 100 Percentage of Bid quantity for MSE purchase preference 1. The minimum average annual financial turnover of the bidder during the last three years, ending on 31st March of the previous financial year, should be as indicated above in the bid document. Documentary evidence in the form of certified Audited Balance Sheets of relevant periods or a certificate from the Chartered Accountant / Cost Accountant indicating the turnover details for the relevant period shall be uploaded with the bid. In case the date of constitution / incorporation of the bidder is less than 3-year-old, the average turnover in respect of the completed financial years after the date of constitution shall be taken into account for this criteria. 2. Years of Past Experience required: The bidder must have experience for number of years as indicated above in bid document (ending month of March prior to the bid opening) of providing similar type of services to any Central / State Govt Organization / PSU. Copies of relevant contracts / orders to be uploaded along with bid in support of having provided services during each of the Financial year. 3. Purchase preference to Micro and Small Enterprises (MSEs): Purchase preference will be given to MSEs as defined in Public Procurement Policy for Micro and Small Enterprises (MSEs) Order, 2012 dated 23.03.2012 issued by Ministry of Micro, Small and Medium Enterprises and its subsequent Orders/Notifications issued by concerned Ministry. If the bidder wants to avail the Purchase preference for services, the bidder must be the Service provider of the offered Service. Relevant documentary evidence in this regard shall be uploaded along with the bid in respect of the offered service. If L-1 is not an MSE and MSE Service Provider (s) has/have quoted price within L-1+ 15% of margin of purchase preference /price band as defined in the relevant policy, then 100% order quantity will be awarded to such MSE bidder subject to acceptance of L1 bid price. The buyers are advised to refer to the OM_No.1_4_2021_PPD_dated_18.05.2023 for compliance of Concurrent application of Public Procurement Policy for Micro and Small Enterprises Order, 2012 and Public Procurement (Preference to Make in India) Order, 2017. Benefits of MSE will be allowed only if the credentials of the service provider are validated on- line in GeM profile as well as validated and approved by the Buyer after evaluation of submitted documents. 3 / 7",
        "lines": [
          "/EMD EXEMPTION: The bidder seeking EMD exemption, must submit the valid supporting document for the relevant category as per GeM GTC with the bid. Under MSE category, only manufacturers for goods and Service Providers for Services are eligible for exemption from EMD. Traders are excluded from the purview of this Policy. (b). , , / EMD & Performance securityshould be in favour of Beneficiary, wherever it is applicable. /Beneficiary : FA&CAO/CN/MS Office of the Chief Administrative Officer, Construction, Chennai Egmore, Chennai, Southern Railways-600008 (Fa And Cao/cn/ms) UIN Number NCTGC2415P / Bid splitting not applied. /MII Compliance /MII Compliance Yes /MSE Purchase Preference /MSE Purchase Preference Yes , L1+X% / 15 Purchase Preference to MSE OEMs available upto price within L1+X% / Maximum 100 Percentage of Bid quantity for MSE purchase preference 1. The minimum average annual financial turnover of the bidder during the last three years, ending on 31st March of the previous financial year, should be as indicated above in the bid document. Documentary evidence in the form of certified Audited Balance Sheets of relevant periods or a certificate from the Chartered Accountant / Cost Accountant indicating the turnover details for the relevant period shall be uploaded with the bid. In case the date of constitution / incorporation of the bidder is less than 3-year-old, the average turnover in respect of the completed financial years after the date of constitution shall be taken into account for this criteria. 2. Years of Past Experience required: The bidder must have experience for number of years as indicated above in bid document (ending month of March prior to the bid opening) of providing similar type of services to any Central / State Govt Organization / PSU. Copies of relevant contracts / orders to be uploaded along with bid in support of having provided services during each of the Financial year. 3. Purchase preference to Micro and Small Enterprises (MSEs): Purchase preference will be given to MSEs as defined in Public Procurement Policy for Micro and Small Enterprises (MSEs) Order, 2012 dated 23.03.2012 issued by Ministry of Micro, Small and Medium Enterprises and its subsequent Orders/Notifications issued by concerned Ministry. If the bidder wants to avail the Purchase preference for services, the bidder must be the Service provider of the offered Service. Relevant documentary evidence in this regard shall be uploaded along with the bid in respect of the offered service. If L-1 is not an MSE and MSE Service Provider (s) has/have quoted price within L-1+ 15% of margin of purchase preference /price band as defined in the relevant policy, then 100% order quantity will be awarded to such MSE bidder subject to acceptance of L1 bid price. The buyers are advised to refer to the OM_No.1_4_2021_PPD_dated_18.05.2023 for compliance of Concurrent application of Public Procurement Policy for Micro and Small Enterprises Order, 2012 and Public Procurement (Preference to Make in India) Order, 2017. Benefits of MSE will be allowed only if the credentials of the service provider are validated on- line in GeM profile as well as validated and approved by the Buyer after evaluation of submitted documents. 3 / 7"
        ],
        "tables": [
          [
            [
              "/MII Compliance",
              "Yes"
            ]
          ],
          [
            [
              "/MSE Purchase Preference",
              "Yes"
            ],
            [
              ", L1+X% / Purchase Preference to MSE OEMs available upto price within L1+X%",
              "15"
            ],
            [
              "/ Maximum Percentage of Bid quantity for MSE purchase preference",
              "100"
            ]
          ]
        ]
      },
      {
        "page_number": 4,
        "used_ocr": false,
        "cleaned_text": "4. Estimated Bid Value indicated above is being declared solely for the purpose of guidance on EMD amount and for determining the Eligibility Criteria related to Turn Over, Past Performance and Project / Past Experience etc. This has no relevance or bearing on the price to be quoted by the bidders and is also not going to have any impact on bid participation. Also this is not going to be used as a criteria in determining reasonableness of quoted prices which would be determined by the buyer based on its own assessment of reasonableness and based on competitive prices received in Bid / RA process. 5. Past Experience of Similar Services: The bidder must have successfully executed/completed similar Services over the last three years i.e. the current financial year and the last three financial years(ending month of March prior to the bid opening): - 1. Three similar completed services costing not less than the amount equal to 40% (forty percent) of the estimated cost; or 2. Two similar completed services costing not less than the amount equal to 50% (fifty percent) of the estimated cost; or 3. One similar completed service costing not less than the amount equal to 80% (eighty percent) of the estimated cost. // /Additional Qualification/Data Required If you want to add additional conditions in addition to standard SLA then please mention the clauses of additional SLA:GCC Services Applicable upto Latest amendments Scope of Work:1767082685.pdf Payment Terms:1767082696.pdf If you want to add additional conditions in addition to standard SLA then please upload approval from competent authority.:1767082711.pdf Vehicle Hiring Service - Per Vehicle-Day Basis - SUV/MUV; 2022, 2023, 2024, 2025; Local; Plain; 100Kms X 12Hrs; Round Trip ( 650 ) /Technical Specifications / Specification / Values / Core State NA District NA Zipcode NA Vehicle Type SUV/MUV Vehicle Brand Maruti Ertiga , Mahindra Marazzo , Tata Hexa , Mahindra Bolero Year of Manufacturing 2022 , 2023 , 2024 , 2025 Type of Service Local Type of Terrain Plain Usage Variant 100Kms x 12Hrs Trip Type Round Trip Air Conditioning Required Non-AC Vintage Km(s) 0-25,000 kms , 25,000-50,000 kms Fuel Type Any /Addon(s) 4 / 7",
        "lines": [
          "4. Estimated Bid Value indicated above is being declared solely for the purpose of guidance on EMD amount and for determining the Eligibility Criteria related to Turn Over, Past Performance and Project / Past Experience etc. This has no relevance or bearing on the price to be quoted by the bidders and is also not going to have any impact on bid participation. Also this is not going to be used as a criteria in determining reasonableness of quoted prices which would be determined by the buyer based on its own assessment of reasonableness and based on competitive prices received in Bid / RA process. 5. Past Experience of Similar Services: The bidder must have successfully executed/completed similar Services over the last three years i.e. the current financial year and the last three financial years(ending month of March prior to the bid opening): - 1. Three similar completed services costing not less than the amount equal to 40% (forty percent) of the estimated cost; or 2. Two similar completed services costing not less than the amount equal to 50% (fifty percent) of the estimated cost; or 3. One similar completed service costing not less than the amount equal to 80% (eighty percent) of the estimated cost. // /Additional Qualification/Data Required If you want to add additional conditions in addition to standard SLA then please mention the clauses of additional SLA:GCC Services Applicable upto Latest amendments Scope of Work:1767082685.pdf Payment Terms:1767082696.pdf If you want to add additional conditions in addition to standard SLA then please upload approval from competent authority.:1767082711.pdf Vehicle Hiring Service - Per Vehicle-Day Basis - SUV/MUV; 2022, 2023, 2024, 2025; Local; Plain; 100Kms X 12Hrs; Round Trip ( 650 ) /Technical Specifications / Specification / Values / Core State NA District NA Zipcode NA Vehicle Type SUV/MUV Vehicle Brand Maruti Ertiga , Mahindra Marazzo , Tata Hexa , Mahindra Bolero Year of Manufacturing 2022 , 2023 , 2024 , 2025 Type of Service Local Type of Terrain Plain Usage Variant 100Kms x 12Hrs Trip Type Round Trip Air Conditioning Required Non-AC Vintage Km(s) 0-25,000 kms , 25,000-50,000 kms Fuel Type Any /Addon(s) 4 / 7"
        ],
        "tables": [
          [
            [
              "/ Specification",
              "/ Values"
            ],
            [
              "/ Core",
              ""
            ],
            [
              "State",
              "NA"
            ],
            [
              "District",
              "NA"
            ],
            [
              "Zipcode",
              "NA"
            ],
            [
              "Vehicle Type",
              "SUV/MUV"
            ],
            [
              "Vehicle Brand",
              "Maruti Ertiga , Mahindra Marazzo , Tata Hexa , Mahindra Bolero"
            ],
            [
              "Year of Manufacturing",
              "2022 , 2023 , 2024 , 2025"
            ],
            [
              "Type of Service",
              "Local"
            ],
            [
              "Type of Terrain",
              "Plain"
            ],
            [
              "Usage Variant",
              "100Kms x 12Hrs"
            ],
            [
              "Trip Type",
              "Round Trip"
            ],
            [
              "Air Conditioning Required",
              "Non-AC"
            ],
            [
              "Vintage Km(s)",
              "0-25,000 kms , 25,000-50,000 kms"
            ],
            [
              "Fuel Type",
              "Any"
            ],
            [
              "/Addon(s)",
              ""
            ],
            [
              "",
              ""
            ]
          ]
        ]
      },
      {
        "page_number": 5,
        "used_ocr": false,
        "cleaned_text": "/ Specification / Values Night Hault NA /Additional Specification Documents // /Consignees/Reporting Officer and Quantity / Number of // Vehicle-Days ..../S.N /Consignee /Address Required /Additional o. within the Requirement Reporting/Officer Contract Period 600003,OFFICE OF THE DY CHIEF ENGINEER Maximum No. of 1 Arvind Kumar ,CONSTRUCTION, SOUTHERN 650 Vehicles required RAILWAY,NEAR MY LADY'S in a Day/Event : 1 GARDEN, PARK TOWN,CHENNAI /Buyer Added Bid Specific Terms and Conditions 1. Generic OPTION CLAUSE: The buyer can increase or decrease the contract quantity or contract duration up to 25 percent at the time of issue of the contract. However, once the contract is issued, contract quantity or contract duration can only be increased up to 25 percent. Bidders are bound to accept the revised quantity or duration 2. Certificates Bidder's offer is liable to be rejected if they don't upload any of the certificates / documents sought in the Bid document, ATC and Corrigendum if any. 3. Payment PAYMENT OF SALARIES AND WAGES: Service Provider is required to pay Salaries / wages of contracted staff deployed at buyer location first i.e. on their own and then claim payment from Buyer alongwith all statutory documents like, PF, ESIC etc. as well as the bank statement of payment done to staff. 4. Past Project Experience Proof for Past Experience and Project Experience clause: For fulfilling the experience criteria any one of the following documents may be considered as valid proof for meeting the experience criteria:a. Contract copy along with Invoice(s) with self-certification by the bidder that service/supplies against the invoices have been executed.b. Execution certificate by client with contract value.c. Any other document in support of contract execution like Third Party Inspection release note, etc.Proof for Past Experience and Project Experience clause: For fulfilling the experience criteria any one of the following documents may be considered as valid proof for meeting the experience criteria:a. Contract copy along with Invoice(s) with self-certification by the bidder that service/supplies against the invoices have been executed.b. Execution certificate by client with contract value.c. Any other document in support of contract execution like Third Party Inspection release note, etc. 5 / 7",
        "lines": [
          "/ Specification / Values Night Hault NA /Additional Specification Documents // /Consignees/Reporting Officer and Quantity / Number of // Vehicle-Days ..../S.N /Consignee /Address Required /Additional o. within the Requirement Reporting/Officer Contract Period 600003,OFFICE OF THE DY CHIEF ENGINEER Maximum No. of 1 Arvind Kumar ,CONSTRUCTION, SOUTHERN 650 Vehicles required RAILWAY,NEAR MY LADY'S in a Day/Event : 1 GARDEN, PARK TOWN,CHENNAI /Buyer Added Bid Specific Terms and Conditions 1. Generic OPTION CLAUSE: The buyer can increase or decrease the contract quantity or contract duration up to 25 percent at the time of issue of the contract. However, once the contract is issued, contract quantity or contract duration can only be increased up to 25 percent. Bidders are bound to accept the revised quantity or duration 2. Certificates Bidder's offer is liable to be rejected if they don't upload any of the certificates / documents sought in the Bid document, ATC and Corrigendum if any. 3. Payment PAYMENT OF SALARIES AND WAGES: Service Provider is required to pay Salaries / wages of contracted staff deployed at buyer location first i.e. on their own and then claim payment from Buyer alongwith all statutory documents like, PF, ESIC etc. as well as the bank statement of payment done to staff. 4. Past Project Experience Proof for Past Experience and Project Experience clause: For fulfilling the experience criteria any one of the following documents may be considered as valid proof for meeting the experience criteria:a. Contract copy along with Invoice(s) with self-certification by the bidder that service/supplies against the invoices have been executed.b. Execution certificate by client with contract value.c. Any other document in support of contract execution like Third Party Inspection release note, etc.Proof for Past Experience and Project Experience clause: For fulfilling the experience criteria any one of the following documents may be considered as valid proof for meeting the experience criteria:a. Contract copy along with Invoice(s) with self-certification by the bidder that service/supplies against the invoices have been executed.b. Execution certificate by client with contract value.c. Any other document in support of contract execution like Third Party Inspection release note, etc. 5 / 7"
        ],
        "tables": [
          [
            [
              "",
              ""
            ],
            [
              "/ Specification",
              "/ Values"
            ],
            [
              "Night Hault",
              "NA"
            ]
          ],
          [
            [
              "..../S.N o.",
              "// /Consignee Reporting/Officer",
              "/Address",
              "/ Number of Vehicle-Days Required within the Contract Period",
              "/Additional Requirement"
            ],
            [
              "1",
              "Arvind Kumar",
              "600003,OFFICE OF THE DY CHIEF ENGINEER ,CONSTRUCTION, SOUTHERN RAILWAY,NEAR MY LADY'S GARDEN, PARK TOWN,CHENNAI",
              "650",
              "Maximum No. of Vehicles required in a Day/Event : 1"
            ]
          ]
        ]
      },
      {
        "page_number": 6,
        "used_ocr": false,
        "cleaned_text": "5. Forms of EMD and PBG Successful Bidder can submit the Performance Security in the form of Fixed Deposit Receipt also (besides PBG which is allowed as per GeM GTC). FDR should be made out or pledged in the name of FA & CAO/CN/MS A/C (Name of the Seller). The bank should certify on it that the deposit can be withdrawn only on the demand or with the sanction of the pledgee. For release of Security Deposit, the FDR will be released in favour of bidder by the Buyer after making endorsement on the back of the FDR duly signed and stamped along with covering letter. Successful Bidder has to upload scanned copy of the FDR document in place of PBG and has to ensure delivery of hard copy of Original FDR to the Buyer within 15 days of award of contract. /Disclaimer The additional terms and conditions have been incorporated by the Buyer after approval of the Competent Authority in Buyer Organization, whereby Buyer organization is solely responsible for the impact of these clauses on the bidding process, its outcome, and consequences thereof including any eccentricity / restriction arising in the bidding process due to these ATCs and due to modification of technical specifications and / or terms and conditions governing the bid. If any clause(s) is / are incorporated by the Buyer regarding following, the bid and resultant contracts shall be treated as null and void and such bids may be cancelled by GeM at any stage of bidding process without any notice:- 1. Definition of Class I and Class II suppliers in the bid not in line with the extant Order / Office Memorandum issued by DPIIT in this regard. 2. Seeking EMD submission from bidder(s), including via Additional Terms & Conditions, in contravention to exemption provided to such sellers under GeM GTC. 3. Publishing Custom / BOQ bids for items for which regular GeM categories are available without any Category item bunched with it. 4. Creating BoQ bid for single item. 5. Mentioning specific Brand or Make or Model or Manufacturer or Dealer name. 6. Mandating submission of documents in physical form as a pre-requisite to qualify bidders. 7. Floating / creation of work contracts as Custom Bids in Services. 8. Seeking sample with bid or approval of samples during bid evaluation process. (However, in bids for attached categories, trials are allowed as per approved procurement policy of the buyer nodal Ministries) 9. Mandating foreign / international certifications even in case of existence of Indian Standards without specifying equivalent Indian Certification / standards. 10. Seeking experience from specific organization / department / institute only or from foreign / export experience. 11. Creating bid for items from irrelevant categories. 12. Incorporating any clause against the MSME policy and Preference to Make in India Policy. 13. Reference of conditions published on any external site or reference to external documents/clauses. 14. Asking for any Tender fee / Bid Participation fee / Auction fee in case of Bids / Forward Auction, as the case may be. 15. Any ATC clause in contravention with GeM GTC Clause 4 (xiii)(h) will be invalid. In case of multiple L1 bidders against a service bid, the buyer shall place the Contract by selection of a bidder amongst the L-1 bidders through a Random Algorithm executed by GeM system. 16. Buyer added ATC Clauses which are in contravention of clauses defined by buyer in system generated bid template as indicated above in the Bid Details section, EMD Detail, ePBG Detail and MII and MSE Purchase Preference sections of the bid, unless otherwise allowed by GeM GTC. 17. In a category based bid, adding additional items, through buyer added additional scope of work/ additional terms and conditions/or any other document. If buyer needs more items along with the main item, the same must be added through bunching category based items or by bunching custom catalogs or bunching a BoQ with the main category based item, the same must not be done through ATC or Scope of Work. Further, if any seller has any objection/grievance against these additional clauses or otherwise on any aspect of this bid, they can raise their representation against the same by using the Representation window provided in 6 / 7",
        "lines": [
          "5. Forms of EMD and PBG Successful Bidder can submit the Performance Security in the form of Fixed Deposit Receipt also (besides PBG which is allowed as per GeM GTC). FDR should be made out or pledged in the name of FA & CAO/CN/MS A/C (Name of the Seller). The bank should certify on it that the deposit can be withdrawn only on the demand or with the sanction of the pledgee. For release of Security Deposit, the FDR will be released in favour of bidder by the Buyer after making endorsement on the back of the FDR duly signed and stamped along with covering letter. Successful Bidder has to upload scanned copy of the FDR document in place of PBG and has to ensure delivery of hard copy of Original FDR to the Buyer within 15 days of award of contract. /Disclaimer The additional terms and conditions have been incorporated by the Buyer after approval of the Competent Authority in Buyer Organization, whereby Buyer organization is solely responsible for the impact of these clauses on the bidding process, its outcome, and consequences thereof including any eccentricity / restriction arising in the bidding process due to these ATCs and due to modification of technical specifications and / or terms and conditions governing the bid. If any clause(s) is / are incorporated by the Buyer regarding following, the bid and resultant contracts shall be treated as null and void and such bids may be cancelled by GeM at any stage of bidding process without any notice:- 1. Definition of Class I and Class II suppliers in the bid not in line with the extant Order / Office Memorandum issued by DPIIT in this regard. 2. Seeking EMD submission from bidder(s), including via Additional Terms & Conditions, in contravention to exemption provided to such sellers under GeM GTC. 3. Publishing Custom / BOQ bids for items for which regular GeM categories are available without any Category item bunched with it. 4. Creating BoQ bid for single item. 5. Mentioning specific Brand or Make or Model or Manufacturer or Dealer name. 6. Mandating submission of documents in physical form as a pre-requisite to qualify bidders. 7. Floating / creation of work contracts as Custom Bids in Services. 8. Seeking sample with bid or approval of samples during bid evaluation process. (However, in bids for attached categories, trials are allowed as per approved procurement policy of the buyer nodal Ministries) 9. Mandating foreign / international certifications even in case of existence of Indian Standards without specifying equivalent Indian Certification / standards. 10. Seeking experience from specific organization / department / institute only or from foreign / export experience. 11. Creating bid for items from irrelevant categories. 12. Incorporating any clause against the MSME policy and Preference to Make in India Policy. 13. Reference of conditions published on any external site or reference to external documents/clauses. 14. Asking for any Tender fee / Bid Participation fee / Auction fee in case of Bids / Forward Auction, as the case may be. 15. Any ATC clause in contravention with GeM GTC Clause 4 (xiii)(h) will be invalid. In case of multiple L1 bidders against a service bid, the buyer shall place the Contract by selection of a bidder amongst the L-1 bidders through a Random Algorithm executed by GeM system. 16. Buyer added ATC Clauses which are in contravention of clauses defined by buyer in system generated bid template as indicated above in the Bid Details section, EMD Detail, ePBG Detail and MII and MSE Purchase Preference sections of the bid, unless otherwise allowed by GeM GTC. 17. In a category based bid, adding additional items, through buyer added additional scope of work/ additional terms and conditions/or any other document. If buyer needs more items along with the main item, the same must be added through bunching category based items or by bunching custom catalogs or bunching a BoQ with the main category based item, the same must not be done through ATC or Scope of Work. Further, if any seller has any objection/grievance against these additional clauses or otherwise on any aspect of this bid, they can raise their representation against the same by using the Representation window provided in 6 / 7"
        ],
        "tables": []
      },
      {
        "page_number": 7,
        "used_ocr": false,
        "cleaned_text": "the bid details field in Seller dashboard after logging in as a seller within 4 days of bid publication on GeM. Buyer is duty bound to reply to all such representations and would not be allowed to open bids if he fails to reply to such representations. All GeM Sellers/Service Providers shall ensure full compliance with all applicable labour laws, including the provisions, rules, schemes and guidelines under the four Labour Codes i.e. the Code on Wages, 2019; the Industrial Relations Code, 2020; the Occupational Safety, Health and Working Conditions Code, 2020; and the Code on Social Security, 2020 as and when notified and brought into force by the Government of India. For all provisions of the Labour Codes that are pending operationalisation through rules, schemes or notifications, the corresponding provisions of the pre-existing labour enactments (such as The Minimum Wages Act, 1948, The Payment of Wages Act, 1936, The Payment of Bonus Act, 1965, The Equal Remuneration Act, 1976, The Payment of Gratuity Act, 1972, etc. and relevant State Rules) shall continue to remain applicable. The Seller/ Service Providers shall, therefore, be responsible for ensuring compliance under: All notified and enforceable provisions of the new Labour Codes as mentioned hereinabove; and All operative provisions of the erstwhile Labour Laws until their complete substitution. All obligations relating to wages, social security, safety, working conditions, industrial relations etc. and any other statutory requirements shall be strictly met by the Seller/ Service Provider. Any non- compliance shall constitute a breach of the contract and shall entitle the Buyer to take appropriate action in accordance with the contract and applicable law. This Bid is governed by the /General Terms and Conditions, conditons stipulated in Bid and Service Level Agreement specific to this Service as provided in the Marketplace. However in case if any condition specified in /General Terms and Conditions is contradicted by the conditions stipulated in Service Level Agreement, then it will over ride the conditions in the General Terms and Conditions. 26 /In terms of GeM GTC clause 26 regarding Restrictions on procurement from a bidder of a country which shares a land border with India, any bidder from a country which shares a land border with India will be eligible to bid in this tender only if the bidder is registered with the Competent Authority. While participating in bid, Bidder has to undertake compliance of this and any false declaration and non-compliance of this would be a ground for immediate termination of the contract and further legal action in accordance with the laws. ---/Thank You--- 7 / 7",
        "lines": [
          "the bid details field in Seller dashboard after logging in as a seller within 4 days of bid publication on GeM. Buyer is duty bound to reply to all such representations and would not be allowed to open bids if he fails to reply to such representations. All GeM Sellers/Service Providers shall ensure full compliance with all applicable labour laws, including the provisions, rules, schemes and guidelines under the four Labour Codes i.e. the Code on Wages, 2019; the Industrial Relations Code, 2020; the Occupational Safety, Health and Working Conditions Code, 2020; and the Code on Social Security, 2020 as and when notified and brought into force by the Government of India. For all provisions of the Labour Codes that are pending operationalisation through rules, schemes or notifications, the corresponding provisions of the pre-existing labour enactments (such as The Minimum Wages Act, 1948, The Payment of Wages Act, 1936, The Payment of Bonus Act, 1965, The Equal Remuneration Act, 1976, The Payment of Gratuity Act, 1972, etc. and relevant State Rules) shall continue to remain applicable. The Seller/ Service Providers shall, therefore, be responsible for ensuring compliance under: All notified and enforceable provisions of the new Labour Codes as mentioned hereinabove; and All operative provisions of the erstwhile Labour Laws until their complete substitution. All obligations relating to wages, social security, safety, working conditions, industrial relations etc. and any other statutory requirements shall be strictly met by the Seller/ Service Provider. Any non- compliance shall constitute a breach of the contract and shall entitle the Buyer to take appropriate action in accordance with the contract and applicable law. This Bid is governed by the /General Terms and Conditions, conditons stipulated in Bid and Service Level Agreement specific to this Service as provided in the Marketplace. However in case if any condition specified in /General Terms and Conditions is contradicted by the conditions stipulated in Service Level Agreement, then it will over ride the conditions in the General Terms and Conditions. 26 /In terms of GeM GTC clause 26 regarding Restrictions on procurement from a bidder of a country which shares a land border with India, any bidder from a country which shares a land border with India will be eligible to bid in this tender only if the bidder is registered with the Competent Authority. While participating in bid, Bidder has to undertake compliance of this and any false declaration and non-compliance of this would be a ground for immediate termination of the contract and further legal action in accordance with the laws. ---/Thank You--- 7 / 7"
        ],
        "tables": []
      }
    ],
    "links": [
      {
        "page_number": 1,
        "uri": "https://bidplus.gem.gov.in/bidding/downloadOmppdfile/",
        "attachment_filename": null,
        "rect": null,
        "label": null,
        "source": "dict:/URI"
      },
      {
        "page_number": 1,
        "uri": "https://bidplus.gem.gov.in/resources/upload_nas/DecQ425/bidding/biddoc/bid-8776009/1767082685.pdf",
        "attachment_filename": null,
        "rect": null,
        "label": null,
        "source": "dict:/URI"
      },
      {
        "page_number": 1,
        "uri": "https://bidplus.gem.gov.in/resources/upload_nas/DecQ425/bidding/biddoc/bid-8776009/1767082696.pdf",
        "attachment_filename": null,
        "rect": null,
        "label": null,
        "source": "dict:/URI"
      },
      {
        "page_number": 1,
        "uri": "https://bidplus.gem.gov.in/resources/upload_nas/DecQ425/bidding/biddoc/bid-8776009/1767082711.pdf",
        "attachment_filename": null,
        "rect": null,
        "label": null,
        "source": "dict:/URI"
      },
      {
        "page_number": 1,
        "uri": "https://assets-bg.gem.gov.in/resources/upload/shared_doc/list-of-categories-where-trials-are-allowed_1712126171.pdf",
        "attachment_filename": null,
        "rect": null,
        "label": null,
        "source": "dict:/URI"
      },
      {
        "page_number": 1,
        "uri": "https://admin.gem.gov.in/apis/v1/gtc/pdfByDate/?date=20251230",
        "attachment_filename": null,
        "rect": null,
        "label": null,
        "source": "dict:/URI"
      },
      {
        "page_number": 1,
        "uri": "https://bidplus.gem.gov.in/bidding/bid/bidsla/77018333968081",
        "attachment_filename": null,
        "rect": null,
        "label": null,
        "source": "dict:/URI"
      },
      {
        "page_number": 2,
        "uri": "https://bidplus.gem.gov.in/bidding/downloadOmppdfile/",
        "attachment_filename": null,
        "rect": null,
        "label": null,
        "source": "dict:/URI"
      },
      {
        "page_number": 2,
        "uri": "https://bidplus.gem.gov.in/resources/upload_nas/DecQ425/bidding/biddoc/bid-8776009/1767082685.pdf",
        "attachment_filename": null,
        "rect": null,
        "label": null,
        "source": "dict:/URI"
      },
      {
        "page_number": 2,
        "uri": "https://bidplus.gem.gov.in/resources/upload_nas/DecQ425/bidding/biddoc/bid-8776009/1767082696.pdf",
        "attachment_filename": null,
        "rect": null,
        "label": null,
        "source": "dict:/URI"
      },
      {
        "page_number": 2,
        "uri": "https://bidplus.gem.gov.in/resources/upload_nas/DecQ425/bidding/biddoc/bid-8776009/1767082711.pdf",
        "attachment_filename": null,
        "rect": null,
        "label": null,
        "source": "dict:/URI"
      },
      {
        "page_number": 2,
        "uri": "https://assets-bg.gem.gov.in/resources/upload/shared_doc/list-of-categories-where-trials-are-allowed_1712126171.pdf",
        "attachment_filename": null,
        "rect": null,
        "label": null,
        "source": "dict:/URI"
      },
      {
        "page_number": 2,
        "uri": "https://admin.gem.gov.in/apis/v1/gtc/pdfByDate/?date=20251230",
        "attachment_filename": null,
        "rect": null,
        "label": null,
        "source": "dict:/URI"
      },
      {
        "page_number": 2,
        "uri": "https://bidplus.gem.gov.in/bidding/bid/bidsla/77018333968081",
        "attachment_filename": null,
        "rect": null,
        "label": null,
        "source": "dict:/URI"
      },
      {
        "page_number": 3,
        "uri": "https://bidplus.gem.gov.in/bidding/downloadOmppdfile/",
        "attachment_filename": null,
        "rect": [
          94.5,
          92.0,
          281.25,
          103.25
        ],
        "label": null,
        "source": "dict:/URI"
      },
      {
        "page_number": 3,
        "uri": "https://bidplus.gem.gov.in/bidding/downloadOmppdfile/",
        "attachment_filename": null,
        "rect": null,
        "label": null,
        "source": "dict:/URI"
      },
      {
        "page_number": 3,
        "uri": "https://bidplus.gem.gov.in/resources/upload_nas/DecQ425/bidding/biddoc/bid-8776009/1767082685.pdf",
        "attachment_filename": null,
        "rect": null,
        "label": null,
        "source": "dict:/URI"
      },
      {
        "page_number": 3,
        "uri": "https://bidplus.gem.gov.in/resources/upload_nas/DecQ425/bidding/biddoc/bid-8776009/1767082696.pdf",
        "attachment_filename": null,
        "rect": null,
        "label": null,
        "source": "dict:/URI"
      },
      {
        "page_number": 3,
        "uri": "https://bidplus.gem.gov.in/resources/upload_nas/DecQ425/bidding/biddoc/bid-8776009/1767082711.pdf",
        "attachment_filename": null,
        "rect": null,
        "label": null,
        "source": "dict:/URI"
      },
      {
        "page_number": 3,
        "uri": "https://assets-bg.gem.gov.in/resources/upload/shared_doc/list-of-categories-where-trials-are-allowed_1712126171.pdf",
        "attachment_filename": null,
        "rect": null,
        "label": null,
        "source": "dict:/URI"
      },
      {
        "page_number": 3,
        "uri": "https://admin.gem.gov.in/apis/v1/gtc/pdfByDate/?date=20251230",
        "attachment_filename": null,
        "rect": null,
        "label": null,
        "source": "dict:/URI"
      },
      {
        "page_number": 3,
        "uri": "https://bidplus.gem.gov.in/bidding/bid/bidsla/77018333968081",
        "attachment_filename": null,
        "rect": null,
        "label": null,
        "source": "dict:/URI"
      },
      {
        "page_number": 4,
        "uri": "https://bidplus.gem.gov.in/resources/upload_nas/DecQ425/bidding/biddoc/bid-8776009/1767082685.pdf",
        "attachment_filename": null,
        "rect": [
          117.0,
          535.25,
          192.0,
          546.5
        ],
        "label": null,
        "source": "dict:/URI"
      },
      {
        "page_number": 4,
        "uri": "https://bidplus.gem.gov.in/resources/upload_nas/DecQ425/bidding/biddoc/bid-8776009/1767082696.pdf",
        "attachment_filename": null,
        "rect": [
          123.75,
          515.0,
          198.75,
          526.25
        ],
        "label": "NA",
        "source": "dict:/URI"
      },
      {
        "page_number": 4,
        "uri": "https://bidplus.gem.gov.in/resources/upload_nas/DecQ425/bidding/biddoc/bid-8776009/1767082711.pdf",
        "attachment_filename": null,
        "rect": [
          179.25,
          483.5,
          254.25,
          494.75
        ],
        "label": "NA",
        "source": "dict:/URI"
      },
      {
        "page_number": 4,
        "uri": "https://bidplus.gem.gov.in/bidding/downloadOmppdfile/",
        "attachment_filename": null,
        "rect": null,
        "label": null,
        "source": "dict:/URI"
      },
      {
        "page_number": 4,
        "uri": "https://bidplus.gem.gov.in/resources/upload_nas/DecQ425/bidding/biddoc/bid-8776009/1767082685.pdf",
        "attachment_filename": null,
        "rect": null,
        "label": null,
        "source": "dict:/URI"
      },
      {
        "page_number": 4,
        "uri": "https://bidplus.gem.gov.in/resources/upload_nas/DecQ425/bidding/biddoc/bid-8776009/1767082696.pdf",
        "attachment_filename": null,
        "rect": null,
        "label": null,
        "source": "dict:/URI"
      },
      {
        "page_number": 4,
        "uri": "https://bidplus.gem.gov.in/resources/upload_nas/DecQ425/bidding/biddoc/bid-8776009/1767082711.pdf",
        "attachment_filename": null,
        "rect": null,
        "label": null,
        "source": "dict:/URI"
      },
      {
        "page_number": 4,
        "uri": "https://assets-bg.gem.gov.in/resources/upload/shared_doc/list-of-categories-where-trials-are-allowed_1712126171.pdf",
        "attachment_filename": null,
        "rect": null,
        "label": null,
        "source": "dict:/URI"
      },
      {
        "page_number": 4,
        "uri": "https://admin.gem.gov.in/apis/v1/gtc/pdfByDate/?date=20251230",
        "attachment_filename": null,
        "rect": null,
        "label": null,
        "source": "dict:/URI"
      },
      {
        "page_number": 4,
        "uri": "https://bidplus.gem.gov.in/bidding/bid/bidsla/77018333968081",
        "attachment_filename": null,
        "rect": null,
        "label": null,
        "source": "dict:/URI"
      },
      {
        "page_number": 5,
        "uri": "https://bidplus.gem.gov.in/bidding/downloadOmppdfile/",
        "attachment_filename": null,
        "rect": null,
        "label": null,
        "source": "dict:/URI"
      },
      {
        "page_number": 5,
        "uri": "https://bidplus.gem.gov.in/resources/upload_nas/DecQ425/bidding/biddoc/bid-8776009/1767082685.pdf",
        "attachment_filename": null,
        "rect": null,
        "label": null,
        "source": "dict:/URI"
      },
      {
        "page_number": 5,
        "uri": "https://bidplus.gem.gov.in/resources/upload_nas/DecQ425/bidding/biddoc/bid-8776009/1767082696.pdf",
        "attachment_filename": null,
        "rect": null,
        "label": null,
        "source": "dict:/URI"
      },
      {
        "page_number": 5,
        "uri": "https://bidplus.gem.gov.in/resources/upload_nas/DecQ425/bidding/biddoc/bid-8776009/1767082711.pdf",
        "attachment_filename": null,
        "rect": null,
        "label": null,
        "source": "dict:/URI"
      },
      {
        "page_number": 5,
        "uri": "https://assets-bg.gem.gov.in/resources/upload/shared_doc/list-of-categories-where-trials-are-allowed_1712126171.pdf",
        "attachment_filename": null,
        "rect": null,
        "label": null,
        "source": "dict:/URI"
      },
      {
        "page_number": 5,
        "uri": "https://admin.gem.gov.in/apis/v1/gtc/pdfByDate/?date=20251230",
        "attachment_filename": null,
        "rect": null,
        "label": null,
        "source": "dict:/URI"
      },
      {
        "page_number": 5,
        "uri": "https://bidplus.gem.gov.in/bidding/bid/bidsla/77018333968081",
        "attachment_filename": null,
        "rect": null,
        "label": null,
        "source": "dict:/URI"
      },
      {
        "page_number": 6,
        "uri": "https://assets-bg.gem.gov.in/resources/upload/shared_doc/list-of-categories-where-trials-are-allowed_1712126171.pdf",
        "attachment_filename": null,
        "rect": [
          72.0,
          345.5,
          162.0,
          356.75
        ],
        "label": "Definition issued by DPIIT of Class in this I and",
        "source": "dict:/URI"
      },
      {
        "page_number": 6,
        "uri": "https://bidplus.gem.gov.in/bidding/downloadOmppdfile/",
        "attachment_filename": null,
        "rect": null,
        "label": null,
        "source": "dict:/URI"
      },
      {
        "page_number": 6,
        "uri": "https://bidplus.gem.gov.in/resources/upload_nas/DecQ425/bidding/biddoc/bid-8776009/1767082685.pdf",
        "attachment_filename": null,
        "rect": null,
        "label": null,
        "source": "dict:/URI"
      },
      {
        "page_number": 6,
        "uri": "https://bidplus.gem.gov.in/resources/upload_nas/DecQ425/bidding/biddoc/bid-8776009/1767082696.pdf",
        "attachment_filename": null,
        "rect": null,
        "label": null,
        "source": "dict:/URI"
      },
      {
        "page_number": 6,
        "uri": "https://bidplus.gem.gov.in/resources/upload_nas/DecQ425/bidding/biddoc/bid-8776009/1767082711.pdf",
        "attachment_filename": null,
        "rect": null,
        "label": null,
        "source": "dict:/URI"
      },
      {
        "page_number": 6,
        "uri": "https://assets-bg.gem.gov.in/resources/upload/shared_doc/list-of-categories-where-trials-are-allowed_1712126171.pdf",
        "attachment_filename": null,
        "rect": null,
        "label": null,
        "source": "dict:/URI"
      },
      {
        "page_number": 6,
        "uri": "https://admin.gem.gov.in/apis/v1/gtc/pdfByDate/?date=20251230",
        "attachment_filename": null,
        "rect": null,
        "label": null,
        "source": "dict:/URI"
      },
      {
        "page_number": 6,
        "uri": "https://bidplus.gem.gov.in/bidding/bid/bidsla/77018333968081",
        "attachment_filename": null,
        "rect": null,
        "label": null,
        "source": "dict:/URI"
      },
      {
        "page_number": 7,
        "uri": "https://admin.gem.gov.in/apis/v1/gtc/pdfByDate/?date=20251230",
        "attachment_filename": null,
        "rect": [
          173.25,
          455.0,
          403.5,
          466.25
        ],
        "label": "",
        "source": "dict:/URI"
      },
      {
        "page_number": 7,
        "uri": "https://bidplus.gem.gov.in/bidding/bid/bidsla/77018333968081",
        "attachment_filename": null,
        "rect": [
          40.5,
          442.25,
          153.75,
          453.5
        ],
        "label": "26",
        "source": "dict:/URI"
      },
      {
        "page_number": 7,
        "uri": "https://bidplus.gem.gov.in/bidding/downloadOmppdfile/",
        "attachment_filename": null,
        "rect": null,
        "label": null,
        "source": "dict:/URI"
      },
      {
        "page_number": 7,
        "uri": "https://bidplus.gem.gov.in/resources/upload_nas/DecQ425/bidding/biddoc/bid-8776009/1767082685.pdf",
        "attachment_filename": null,
        "rect": null,
        "label": null,
        "source": "dict:/URI"
      },
      {
        "page_number": 7,
        "uri": "https://bidplus.gem.gov.in/resources/upload_nas/DecQ425/bidding/biddoc/bid-8776009/1767082696.pdf",
        "attachment_filename": null,
        "rect": null,
        "label": null,
        "source": "dict:/URI"
      },
      {
        "page_number": 7,
        "uri": "https://bidplus.gem.gov.in/resources/upload_nas/DecQ425/bidding/biddoc/bid-8776009/1767082711.pdf",
        "attachment_filename": null,
        "rect": null,
        "label": null,
        "source": "dict:/URI"
      },
      {
        "page_number": 7,
        "uri": "https://assets-bg.gem.gov.in/resources/upload/shared_doc/list-of-categories-where-trials-are-allowed_1712126171.pdf",
        "attachment_filename": null,
        "rect": null,
        "label": null,
        "source": "dict:/URI"
      },
      {
        "page_number": 7,
        "uri": "https://admin.gem.gov.in/apis/v1/gtc/pdfByDate/?date=20251230",
        "attachment_filename": null,
        "rect": null,
        "label": null,
        "source": "dict:/URI"
      },
      {
        "page_number": 7,
        "uri": "https://bidplus.gem.gov.in/bidding/bid/bidsla/77018333968081",
        "attachment_filename": null,
        "rect": null,
        "label": null,
        "source": "dict:/URI"
      }
    ],
    "combined_cleaned_text": "/Bid Number: GEM/2025/B/7055523 /Dated: 30-12-2025 / Bid Document //Bid Details // /Bid End Date/Time 09-01-2026 14:00:00 // /Bid Opening 09-01-2026 14:30:00 Date/Time (( ))/Bid Offer 60 (Days) Validity (From End Date) // /Ministry/State Name Ministry Of Railways /Department Name Indian Railways /Organisation Name Southern Railway /Office Name Southern Railway Vehicle Hiring Service - Per Vehicle-Day basis - SUV/MUV; /Item Category 2022, 2023, 2024, 2025; Local; Plain; 100Kms x 12Hrs; Round Trip /Contract Period 2 Year(s) ((33 )) /Minimum Average Annual Turnover of the 19 Lakh (s) bidder (For 3 Years) // /Years of Past Experience Required for 3 Year (s) same/similar service /Past Yes Experience of Similar Services required /MSE Relaxation for Years of No Experience and Turnover /Startup Relaxation for Years of No Experience and Turnover Experience Criteria,Bidder Turnover,Certificate (Requested in ATC),Additional Doc 1 (Requested in ATC),Additional Doc 2 (Requested in ATC) /Document required *In case any bidder is seeking exemption from Experience / from seller Turnover Criteria, the supporting documents to prove his eligibility for exemption must be uploaded for evaluation by the buyer 1 / 7\n\n//Bid Details Yes (Documents submitted as part of a clarification or representation during the tender/bid process will also be ?? /Do you want to show displayed to other participated bidders after log in) documents uploaded by bidders to all bidders participated in bid? / Minimum number of 1 bids required to disable automatic bid extension ,, -- // Number of days for which Bid 3 would be auto--extended // 2 Number of Auto Extension count /Bid to RA enabled No /Type of Bid Single Packet Bid /Time allowed for Technical 2 Days Clarifications during technical evaluation /Estimated Bid Value 1259859 /Evaluation Method Total value wise evaluation /Arbitration Clause No /Mediation Clause No /EMD Detail /Advisory Bank State Bank of India /EMD Amount 25198 /ePBG Detail /Advisory Bank State Bank of India (%)/ePBG Percentage(%) 5.00 () /Duration of ePBG 30 required (Months). (a). 2 / 7\n\n/EMD EXEMPTION: The bidder seeking EMD exemption, must submit the valid supporting document for the relevant category as per GeM GTC with the bid. Under MSE category, only manufacturers for goods and Service Providers for Services are eligible for exemption from EMD. Traders are excluded from the purview of this Policy. (b). , , / EMD & Performance securityshould be in favour of Beneficiary, wherever it is applicable. /Beneficiary : FA&CAO/CN/MS Office of the Chief Administrative Officer, Construction, Chennai Egmore, Chennai, Southern Railways-600008 (Fa And Cao/cn/ms) UIN Number NCTGC2415P / Bid splitting not applied. /MII Compliance /MII Compliance Yes /MSE Purchase Preference /MSE Purchase Preference Yes , L1+X% / 15 Purchase Preference to MSE OEMs available upto price within L1+X% / Maximum 100 Percentage of Bid quantity for MSE purchase preference 1. The minimum average annual financial turnover of the bidder during the last three years, ending on 31st March of the previous financial year, should be as indicated above in the bid document. Documentary evidence in the form of certified Audited Balance Sheets of relevant periods or a certificate from the Chartered Accountant / Cost Accountant indicating the turnover details for the relevant period shall be uploaded with the bid. In case the date of constitution / incorporation of the bidder is less than 3-year-old, the average turnover in respect of the completed financial years after the date of constitution shall be taken into account for this criteria. 2. Years of Past Experience required: The bidder must have experience for number of years as indicated above in bid document (ending month of March prior to the bid opening) of providing similar type of services to any Central / State Govt Organization / PSU. Copies of relevant contracts / orders to be uploaded along with bid in support of having provided services during each of the Financial year. 3. Purchase preference to Micro and Small Enterprises (MSEs): Purchase preference will be given to MSEs as defined in Public Procurement Policy for Micro and Small Enterprises (MSEs) Order, 2012 dated 23.03.2012 issued by Ministry of Micro, Small and Medium Enterprises and its subsequent Orders/Notifications issued by concerned Ministry. If the bidder wants to avail the Purchase preference for services, the bidder must be the Service provider of the offered Service. Relevant documentary evidence in this regard shall be uploaded along with the bid in respect of the offered service. If L-1 is not an MSE and MSE Service Provider (s) has/have quoted price within L-1+ 15% of margin of purchase preference /price band as defined in the relevant policy, then 100% order quantity will be awarded to such MSE bidder subject to acceptance of L1 bid price. The buyers are advised to refer to the OM_No.1_4_2021_PPD_dated_18.05.2023 for compliance of Concurrent application of Public Procurement Policy for Micro and Small Enterprises Order, 2012 and Public Procurement (Preference to Make in India) Order, 2017. Benefits of MSE will be allowed only if the credentials of the service provider are validated on- line in GeM profile as well as validated and approved by the Buyer after evaluation of submitted documents. 3 / 7\n\n4. Estimated Bid Value indicated above is being declared solely for the purpose of guidance on EMD amount and for determining the Eligibility Criteria related to Turn Over, Past Performance and Project / Past Experience etc. This has no relevance or bearing on the price to be quoted by the bidders and is also not going to have any impact on bid participation. Also this is not going to be used as a criteria in determining reasonableness of quoted prices which would be determined by the buyer based on its own assessment of reasonableness and based on competitive prices received in Bid / RA process. 5. Past Experience of Similar Services: The bidder must have successfully executed/completed similar Services over the last three years i.e. the current financial year and the last three financial years(ending month of March prior to the bid opening): - 1. Three similar completed services costing not less than the amount equal to 40% (forty percent) of the estimated cost; or 2. Two similar completed services costing not less than the amount equal to 50% (fifty percent) of the estimated cost; or 3. One similar completed service costing not less than the amount equal to 80% (eighty percent) of the estimated cost. // /Additional Qualification/Data Required If you want to add additional conditions in addition to standard SLA then please mention the clauses of additional SLA:GCC Services Applicable upto Latest amendments Scope of Work:1767082685.pdf Payment Terms:1767082696.pdf If you want to add additional conditions in addition to standard SLA then please upload approval from competent authority.:1767082711.pdf Vehicle Hiring Service - Per Vehicle-Day Basis - SUV/MUV; 2022, 2023, 2024, 2025; Local; Plain; 100Kms X 12Hrs; Round Trip ( 650 ) /Technical Specifications / Specification / Values / Core State NA District NA Zipcode NA Vehicle Type SUV/MUV Vehicle Brand Maruti Ertiga , Mahindra Marazzo , Tata Hexa , Mahindra Bolero Year of Manufacturing 2022 , 2023 , 2024 , 2025 Type of Service Local Type of Terrain Plain Usage Variant 100Kms x 12Hrs Trip Type Round Trip Air Conditioning Required Non-AC Vintage Km(s) 0-25,000 kms , 25,000-50,000 kms Fuel Type Any /Addon(s) 4 / 7\n\n/ Specification / Values Night Hault NA /Additional Specification Documents // /Consignees/Reporting Officer and Quantity / Number of // Vehicle-Days ..../S.N /Consignee /Address Required /Additional o. within the Requirement Reporting/Officer Contract Period 600003,OFFICE OF THE DY CHIEF ENGINEER Maximum No. of 1 Arvind Kumar ,CONSTRUCTION, SOUTHERN 650 Vehicles required RAILWAY,NEAR MY LADY'S in a Day/Event : 1 GARDEN, PARK TOWN,CHENNAI /Buyer Added Bid Specific Terms and Conditions 1. Generic OPTION CLAUSE: The buyer can increase or decrease the contract quantity or contract duration up to 25 percent at the time of issue of the contract. However, once the contract is issued, contract quantity or contract duration can only be increased up to 25 percent. Bidders are bound to accept the revised quantity or duration 2. Certificates Bidder's offer is liable to be rejected if they don't upload any of the certificates / documents sought in the Bid document, ATC and Corrigendum if any. 3. Payment PAYMENT OF SALARIES AND WAGES: Service Provider is required to pay Salaries / wages of contracted staff deployed at buyer location first i.e. on their own and then claim payment from Buyer alongwith all statutory documents like, PF, ESIC etc. as well as the bank statement of payment done to staff. 4. Past Project Experience Proof for Past Experience and Project Experience clause: For fulfilling the experience criteria any one of the following documents may be considered as valid proof for meeting the experience criteria:a. Contract copy along with Invoice(s) with self-certification by the bidder that service/supplies against the invoices have been executed.b. Execution certificate by client with contract value.c. Any other document in support of contract execution like Third Party Inspection release note, etc.Proof for Past Experience and Project Experience clause: For fulfilling the experience criteria any one of the following documents may be considered as valid proof for meeting the experience criteria:a. Contract copy along with Invoice(s) with self-certification by the bidder that service/supplies against the invoices have been executed.b. Execution certificate by client with contract value.c. Any other document in support of contract execution like Third Party Inspection release note, etc. 5 / 7\n\n5. Forms of EMD and PBG Successful Bidder can submit the Performance Security in the form of Fixed Deposit Receipt also (besides PBG which is allowed as per GeM GTC). FDR should be made out or pledged in the name of FA & CAO/CN/MS A/C (Name of the Seller). The bank should certify on it that the deposit can be withdrawn only on the demand or with the sanction of the pledgee. For release of Security Deposit, the FDR will be released in favour of bidder by the Buyer after making endorsement on the back of the FDR duly signed and stamped along with covering letter. Successful Bidder has to upload scanned copy of the FDR document in place of PBG and has to ensure delivery of hard copy of Original FDR to the Buyer within 15 days of award of contract. /Disclaimer The additional terms and conditions have been incorporated by the Buyer after approval of the Competent Authority in Buyer Organization, whereby Buyer organization is solely responsible for the impact of these clauses on the bidding process, its outcome, and consequences thereof including any eccentricity / restriction arising in the bidding process due to these ATCs and due to modification of technical specifications and / or terms and conditions governing the bid. If any clause(s) is / are incorporated by the Buyer regarding following, the bid and resultant contracts shall be treated as null and void and such bids may be cancelled by GeM at any stage of bidding process without any notice:- 1. Definition of Class I and Class II suppliers in the bid not in line with the extant Order / Office Memorandum issued by DPIIT in this regard. 2. Seeking EMD submission from bidder(s), including via Additional Terms & Conditions, in contravention to exemption provided to such sellers under GeM GTC. 3. Publishing Custom / BOQ bids for items for which regular GeM categories are available without any Category item bunched with it. 4. Creating BoQ bid for single item. 5. Mentioning specific Brand or Make or Model or Manufacturer or Dealer name. 6. Mandating submission of documents in physical form as a pre-requisite to qualify bidders. 7. Floating / creation of work contracts as Custom Bids in Services. 8. Seeking sample with bid or approval of samples during bid evaluation process. (However, in bids for attached categories, trials are allowed as per approved procurement policy of the buyer nodal Ministries) 9. Mandating foreign / international certifications even in case of existence of Indian Standards without specifying equivalent Indian Certification / standards. 10. Seeking experience from specific organization / department / institute only or from foreign / export experience. 11. Creating bid for items from irrelevant categories. 12. Incorporating any clause against the MSME policy and Preference to Make in India Policy. 13. Reference of conditions published on any external site or reference to external documents/clauses. 14. Asking for any Tender fee / Bid Participation fee / Auction fee in case of Bids / Forward Auction, as the case may be. 15. Any ATC clause in contravention with GeM GTC Clause 4 (xiii)(h) will be invalid. In case of multiple L1 bidders against a service bid, the buyer shall place the Contract by selection of a bidder amongst the L-1 bidders through a Random Algorithm executed by GeM system. 16. Buyer added ATC Clauses which are in contravention of clauses defined by buyer in system generated bid template as indicated above in the Bid Details section, EMD Detail, ePBG Detail and MII and MSE Purchase Preference sections of the bid, unless otherwise allowed by GeM GTC. 17. In a category based bid, adding additional items, through buyer added additional scope of work/ additional terms and conditions/or any other document. If buyer needs more items along with the main item, the same must be added through bunching category based items or by bunching custom catalogs or bunching a BoQ with the main category based item, the same must not be done through ATC or Scope of Work. Further, if any seller has any objection/grievance against these additional clauses or otherwise on any aspect of this bid, they can raise their representation against the same by using the Representation window provided in 6 / 7\n\nthe bid details field in Seller dashboard after logging in as a seller within 4 days of bid publication on GeM. Buyer is duty bound to reply to all such representations and would not be allowed to open bids if he fails to reply to such representations. All GeM Sellers/Service Providers shall ensure full compliance with all applicable labour laws, including the provisions, rules, schemes and guidelines under the four Labour Codes i.e. the Code on Wages, 2019; the Industrial Relations Code, 2020; the Occupational Safety, Health and Working Conditions Code, 2020; and the Code on Social Security, 2020 as and when notified and brought into force by the Government of India. For all provisions of the Labour Codes that are pending operationalisation through rules, schemes or notifications, the corresponding provisions of the pre-existing labour enactments (such as The Minimum Wages Act, 1948, The Payment of Wages Act, 1936, The Payment of Bonus Act, 1965, The Equal Remuneration Act, 1976, The Payment of Gratuity Act, 1972, etc. and relevant State Rules) shall continue to remain applicable. The Seller/ Service Providers shall, therefore, be responsible for ensuring compliance under: All notified and enforceable provisions of the new Labour Codes as mentioned hereinabove; and All operative provisions of the erstwhile Labour Laws until their complete substitution. All obligations relating to wages, social security, safety, working conditions, industrial relations etc. and any other statutory requirements shall be strictly met by the Seller/ Service Provider. Any non- compliance shall constitute a breach of the contract and shall entitle the Buyer to take appropriate action in accordance with the contract and applicable law. This Bid is governed by the /General Terms and Conditions, conditons stipulated in Bid and Service Level Agreement specific to this Service as provided in the Marketplace. However in case if any condition specified in /General Terms and Conditions is contradicted by the conditions stipulated in Service Level Agreement, then it will over ride the conditions in the General Terms and Conditions. 26 /In terms of GeM GTC clause 26 regarding Restrictions on procurement from a bidder of a country which shares a land border with India, any bidder from a country which shares a land border with India will be eligible to bid in this tender only if the bidder is registered with the Competent Authority. While participating in bid, Bidder has to undertake compliance of this and any false declaration and non-compliance of this would be a ground for immediate termination of the contract and further legal action in accordance with the laws. ---/Thank You--- 7 / 7"
  }
}