[
  {
    "title": "CliniQuant",
    "product_code": "SAACNQ-01",
    "type": "Semi Automated Biochemistry Analyzers",
    "segment": "Biochemistry",
    "specification": "CliniQuant is a compact semi-automated biochemistry analyzer for routine clinical chemistry tests. It supports photometric assays, handles common chemistry panels (glucose, urea, creatinine, LFTs), and is suitable for small to medium laboratories requiring reliable throughput with moderate operator interaction.",
    "price_unit": "85,000",
    "slab_qty": "1"
  },
  {
    "title": "CliniQuant Micro",
    "product_code": "SAACNM-01",
    "type": "Semi Automated Biochemistry Analyzers",
    "segment": "Biochemistry",
    "specification": "CliniQuant Micro is a compact, space-saving semi-automated biochemistry analyzer designed for low-to-moderate throughput labs and point-of-care settings. It provides accurate photometric measurements for routine chemistry assays, with simple user interface and small footprint.",
    "price_unit": "64,000",
    "slab_qty": "1"
  },
  {
    "title": "CliniQuant Micro",
    "product_code": "SAACNM-01",
    "type": "Semi Automated Biochemistry Analyzers",
    "segment": "Biochemistry",
    "specification": "CliniQuant Micro (3-unit slab pricing) — compact semi-automated analyzer for routine assays; ideal for small labs requiring multiple low-cost units.",
    "price_unit": "61,000",
    "slab_qty": "3"
  },
  {
    "title": "CliniQuant Micro",
    "product_code": "SAACNM-01",
    "type": "Semi Automated Biochemistry Analyzers",
    "segment": "Biochemistry",
    "specification": "CliniQuant Micro (5-unit slab pricing) — same compact semi-automated analyzer offered in bulk slab for cost-sensitive deployments.",
    "price_unit": "58,000",
    "slab_qty": "5"
  },
  {
    "title": "Proviso",
    "product_code": "SAANPQ-02",
    "type": "Semi Automated Biochemistry Analyzers",
    "segment": "Biochemistry",
    "specification": "Proviso is a semi-automated biochemistry analyzer with extended reagent starter kits including HbA1c and CRP. Suitable for clinics requiring a chemistry analyzer plus immunoassay starter capability.",
    "price_unit": "65,000",
    "slab_qty": "1"
  },
  {
    "title": "CliniQuant Pro",
    "product_code": "SAACNQ-06",
    "type": "Semi Automated Biochemistry Analyzers",
    "segment": "Biochemistry",
    "specification": "CliniQuant Pro is an upgraded semi-automated analyzer for medium-sized labs offering improved throughput and expanded test menus compared to basic models.",
    "price_unit": "100,000",
    "slab_qty": "1"
  },
  {
    "title": "CliniQuant Pro",
    "product_code": "SAACNQ-06",
    "type": "Semi Automated Biochemistry Analyzers",
    "segment": "Biochemistry",
    "specification": "CliniQuant Pro (3-unit slab) — semi-automated analyzer package for medium labs needing multi-system deployment.",
    "price_unit": "95,000",
    "slab_qty": "3"
  },
  {
    "title": "CelQuant Edge",
    "product_code": "HMTCLQ-17",
    "type": "3-Part Hematology Analyzer",
    "segment": "Hematology",
    "specification": "CelQuant Edge is a 3-part hematology analyzer providing CBC and 3-part WBC differential. Suitable for routine hematology workloads in medium-volume labs.",
    "price_unit": "200,000",
    "slab_qty": "1"
  },
  {
    "title": "CelQuant Edge",
    "product_code": "HMTCLQ-17",
    "type": "3-Part Hematology Analyzer",
    "segment": "Hematology",
    "specification": "CelQuant Edge (alternate slab) — same 3-part hematology analyzer with different reagent package.",
    "price_unit": "170,000",
    "slab_qty": "1"
  },
  {
    "title": "CelQuant 3i",
    "product_code": "HMTCLQ-18",
    "type": "3-Part Hematology Analyzer",
    "segment": "Hematology",
    "specification": "CelQuant 3i is a refined 3-part hematology analyzer offering accurate CBC with compact design for medium clinical labs.",
    "price_unit": "235,000",
    "slab_qty": "1"
  },
  {
    "title": "CliniQuant Micro (Combi Offer)",
    "product_code": "SAACNM-01",
    "type": "Semi Automated Biochemistry Analyzers",
    "segment": "Biochemistry",
    "specification": "CliniQuant Micro (Combi Offer) bundles biochemistry capability with promotional pricing for combo configurations. Ideal for labs requiring combined hematology + biochemistry setups.",
    "price_unit": "220,000",
    "slab_qty": "1"
  },
  {
    "title": "CelQuant Edge (Combi Offer)",
    "product_code": "HMTCLQ-17",
    "type": "3-Part Hematology Analyzer",
    "segment": "Hematology",
    "specification": "CelQuant Edge Combi Offer provides the standard 3-part hematology analyzer bundled with additional reagent sets for combined laboratory packages.",
    "price_unit": "—",
    "slab_qty": "1"
  },
  {
    "title": "CliniQuant Micro (Combi Offer)",
    "product_code": "SAACNM-01",
    "type": "Semi Automated Biochemistry Analyzers",
    "segment": "Biochemistry",
    "specification": "CliniQuant Micro (3-unit Combi Offer) provides discounted bulk pricing for labs installing multiple semi-automated chemistry systems as part of a combo package.",
    "price_unit": "210,000",
    "slab_qty": "3"
  },
  {
    "title": "CelQuant Edge (Combi Offer)",
    "product_code": "HMTCLQ-17",
    "type": "3-Part Hematology Analyzer",
    "segment": "Hematology",
    "specification": "CelQuant Edge (3-unit combo slab) provides hematology analyzers with bundled reagent kits suited for midsize lab deployments.",
    "price_unit": "—",
    "slab_qty": "3"
  },
  {
    "title": "CliniQuant Micro (Combi Offer)",
    "product_code": "SAACNM-01",
    "type": "Semi Automated Biochemistry Analyzers",
    "segment": "Biochemistry",
    "specification": "CliniQuant Micro (5-unit combo offer) is designed for large lab setups installing multiple semi-automatic biochemistry units.",
    "price_unit": "200,000",
    "slab_qty": "5"
  },
  {
    "title": "CelQuant Edge (Combi Offer)",
    "product_code": "HMTCLQ-17",
    "type": "3-Part Hematology Analyzer",
    "segment": "Hematology",
    "specification": "CelQuant Edge (5-unit slab combo) targets large laboratories requiring multiple hematology analyzers with reagent bundles.",
    "price_unit": "—",
    "slab_qty": "5"
  },
  {
    "title": "EIAQuant (with LED)",
    "product_code": "SAAEIQ-08",
    "type": "ELISA Reader & Washer",
    "segment": "Elisa",
    "specification": "EIAQuant (LED-based) is an ELISA reader with high-stability optical detection used for HIV, HBsAg, HCV, TFT, and other immunoassay ELISA panels.",
    "price_unit": "100,000",
    "slab_qty": "1"
  },
  {
    "title": "EIAQuant (with LED)",
    "product_code": "SAAEIQ-08",
    "type": "ELISA Reader & Washer",
    "segment": "Elisa",
    "specification": "EIAQuant (3-unit slab) provides discounted multi-unit ELISA reader deployment for diagnostic centers processing moderate to high assay loads.",
    "price_unit": "95,000",
    "slab_qty": "3"
  },
  {
    "title": "EIAQuant (with LED)",
    "product_code": "SAAEIQ-08",
    "type": "ELISA Reader & Washer",
    "segment": "Elisa",
    "specification": "EIAQuant (5-unit slab) is optimized for large diagnostic chains requiring multi-ELISA-reader setups.",
    "price_unit": "90,000",
    "slab_qty": "5"
  },
  {
    "title": "EIAWash",
    "product_code": "SAAEIW-03",
    "type": "ELISA Reader & Washer",
    "segment": "Elisa",
    "specification": "EIAWash is an ELISA washer unit providing precise wash cycles for microplate assays. Used alongside ELISA readers in immunodiagnostic workflows.",
    "price_unit": "90,000",
    "slab_qty": "1"
  },
  {
    "title": "EIAWash",
    "product_code": "SAAEIW-03",
    "type": "ELISA Reader & Washer",
    "segment": "Elisa",
    "specification": "EIAWash (3-unit slab) suits medium diagnostic centers requiring multiple ELISA wash stations.",
    "price_unit": "85,000",
    "slab_qty": "3"
  },
  {
    "title": "AutoQuant 100 Amara",
    "product_code": "FAAAQ1C – 01",
    "type": "Fully Automated Biochemistry Analyzer",
    "segment": "Biochemistry",
    "specification": "AutoQuant 100 Amara is a fully automated biochemistry analyzer offering random access, high stability photometric measurement, and efficient throughput for medium-scale laboratories. It supports comprehensive clinical chemistry panels with minimal manual intervention.",
    "price_unit": "300,000",
    "slab_qty": "1"
  },
  {
    "title": "AutoQuant 200 Excelus",
    "product_code": "FAAAQ2C - 01",
    "type": "Fully Automated Biochemistry Analyzer",
    "segment": "Biochemistry",
    "specification": "AutoQuant 200 Excelus is a fully automated biochemistry analyzer designed for medium to large diagnostic laboratories. It delivers robust photometric performance, improved test throughput, and advanced workflow automation.",
    "price_unit": "400,000",
    "slab_qty": "1"
  },
  {
    "title": "AutoQuant 200 Excelus (V2)",
    "product_code": "FAAAQ2 - 03",
    "type": "Fully Automated Biochemistry Analyzer",
    "segment": "Biochemistry",
    "specification": "AutoQuant 200 Excelus (V2) is an upgraded version of the Excelus series offering enhanced automation, better throughput, and extended test menus. Suitable for mid-to-high volume clinical chemistry labs.",
    "price_unit": "450,000",
    "slab_qty": "1"
  },
  {
    "title": "AutoQuant 400 Supremus",
    "product_code": "FAAAQ4 - 01",
    "type": "Fully Automated Biochemistry Analyzer",
    "segment": "Biochemistry",
    "specification": "AutoQuant 400 Supremus is a high-throughput, fully automated biochemistry analyzer built for large diagnostics labs. It features advanced automation, high test throughput, and continuous loading capabilities.",
    "price_unit": "700,000",
    "slab_qty": "1"
  },
  {
    "title": "CelQuant 5 Plus (w/o Autoloader)",
    "product_code": "HMFCLQ-04",
    "type": "5-Part Hematology Analyzer",
    "segment": "Hematology",
    "specification": "CelQuant 5 Plus (without Autoloader) is a 5-part hematology analyzer offering detailed WBC differential, advanced flagging, and reliable CBC reporting for medium-volume labs.",
    "price_unit": "375,000",
    "slab_qty": "1"
  },
  {
    "title": "CelQuant 5 Plus (with Autoloader)",
    "product_code": "HMFCLQ-03",
    "type": "5-Part Hematology Analyzer",
    "segment": "Hematology",
    "specification": "CelQuant 5 Plus (with Autoloader) is an advanced 5-part hematology analyzer supporting automated sample loading, high throughput CBC analysis, and sophisticated WBC differential reporting.",
    "price_unit": "550,000",
    "slab_qty": "1"
  },
  {
    "title": "GluQuant A1c",
    "product_code": "HPLGLQ-01",
    "type": "HPLC Analyzer",
    "segment": "HPLC",
    "specification": "GluQuant A1c is an HPLC analyzer specialized for HbA1c testing, delivering high-precision separation and quantification for diabetes monitoring.",
    "price_unit": "650,000",
    "slab_qty": "1"
  },
  {
    "title": "ClotQuant - 2",
    "product_code": "CGCCAQ-01",
    "type": "Coagulation Analyzer",
    "segment": "Coagulation",
    "specification": "ClotQuant - 2 is a compact coagulation analyzer supporting PT and APTT assays for routine clotting diagnostics in small-to-medium labs.",
    "price_unit": "60,000",
    "slab_qty": "1"
  },
  {
    "title": "ClotQuant - 2",
    "product_code": "CGCCAQ-01",
    "type": "Coagulation Analyzer",
    "segment": "Coagulation",
    "specification": "ClotQuant - 2 (3-unit slab) enables multi-station coagulation testing setups in mid-sized labs.",
    "price_unit": "57,000",
    "slab_qty": "3"
  },
  {
    "title": "ClotQuant - 4",
    "product_code": "CGCCAQ-02",
    "type": "Coagulation Analyzer",
    "segment": "Coagulation",
    "specification": "ClotQuant - 4 is a 4-channel coagulation analyzer supporting PT, APTT, and advanced clotting assays. Ideal for higher-capacity diagnostic labs.",
    "price_unit": "80,000",
    "slab_qty": "1"
  },
  {
    "title": "Quantilyte",
    "product_code": "KEYQLT-01",
    "type": "Electrolyte Analyzer",
    "segment": "Electrolyte",
    "specification": "Quantilyte is an electrolyte analyzer measuring Na⁺, K⁺, Cl⁻, and related parameters using ion-selective electrode (ISE) technology. Suitable for hospitals and diagnostics centers.",
    "price_unit": "95,000",
    "slab_qty": "1"
  },
  {
    "title": "FloQuant",
    "product_code": "SAAFIA-02",
    "type": "Immunofluorescence Analyzer",
    "segment": "Immunofluorescence",
    "specification": "FloQuant is an immunofluorescence analyzer capable of performing rapid diagnostic tests including cardiac markers, thyroid markers, CRP, and fertility assays using fluorescent detection.",
    "price_unit": "75,000",
    "slab_qty": "1"
  }
]