[
  {
    "product_code": "ANASER-01",
    "title": "ANTI A PACK (10ml)",
    "pack_size": "1x10 ml",
    "specification": "Pack Size: 1x10 ml | MRP: 470 | CTP: 120 | Saarthi: 100 | SLABS: Regular qty:No Slab kit_price:85",
    "merged_text": "ANTI A PACK (10ml) 1x10 ml Pack Size: 1x10 ml | MRP: 470 | CTP: 120 | Saarthi: 100 | SLABS: Regular qty:No Slab kit_price:85"
  },
  {
    "product_code": "ANBSER-01",
    "title": "ANTI B PACK (10ml)",
    "pack_size": "1x10 ml",
    "specification": "Pack Size: 1x10 ml | MRP: 470 | CTP: 120 | Saarthi: 100 | SLABS: Regular qty:No Slab kit_price:85",
    "merged_text": "ANTI B PACK (10ml) 1x10 ml Pack Size: 1x10 ml | MRP: 470 | CTP: 120 | Saarthi: 100 | SLABS: Regular qty:No Slab kit_price:85"
  },
  {
    "product_code": "ANDSER-01",
    "title": "ANTI D PACK (10ml)",
    "pack_size": "1x10 ml",
    "specification": "Pack Size: 1x10 ml | MRP: 470 | CTP: 185 | Saarthi: 155 | SLABS: Regular qty:No Slab kit_price:130",
    "merged_text": "ANTI D PACK (10ml) 1x10 ml Pack Size: 1x10 ml | MRP: 470 | CTP: 185 | Saarthi: 155 | SLABS: Regular qty:No Slab kit_price:130"
  },
  {
    "product_code": "AABSER-01",
    "title": "ANTI AB PACK (10ml)",
    "pack_size": "1x10 ml",
    "specification": "Pack Size: 1x10 ml | MRP: 840 | CTP: 270 | Saarthi: 225 | SLABS: Regular qty:No Slab kit_price:190",
    "merged_text": "ANTI AB PACK (10ml) 1x10 ml Pack Size: 1x10 ml | MRP: 840 | CTP: 270 | Saarthi: 225 | SLABS: Regular qty:No Slab kit_price:190"
  },
  {
    "product_code": "DGMSER-01",
    "title": "MeriSera Anti-D (IgG+IgM)",
    "pack_size": "1x10 ml",
    "specification": "Pack Size: 1x10 ml | MRP: 1,040 | CTP: 400 | Saarthi: 330 | SLABS: Regular qty:No Slab kit_price:280",
    "merged_text": "MeriSera Anti-D (IgG+IgM) 1x10 ml Pack Size: 1x10 ml | MRP: 1,040 | CTP: 400 | Saarthi: 330 | SLABS: Regular qty:No Slab kit_price:280"
  },
  {
    "product_code": "AALSER-01",
    "title": "MeriSera Anti-A1 Lectin",
    "pack_size": "1x5 ml",
    "specification": "Pack Size: 1x5 ml | MRP: 710 | CTP: 280 | Saarthi: 230 | SLABS: Regular qty:No Slab kit_price:195",
    "merged_text": "MeriSera Anti-A1 Lectin 1x5 ml Pack Size: 1x5 ml | MRP: 710 | CTP: 280 | Saarthi: 230 | SLABS: Regular qty:No Slab kit_price:195"
  },
  {
    "product_code": "AHLSER-01",
    "title": "MeriSera Anti-H Lectin",
    "pack_size": "1x5 ml",
    "specification": "Pack Size: 1x5 ml | MRP: 710 | CTP: 280 | Saarthi: 230 | SLABS: Regular qty:No Slab kit_price:195",
    "merged_text": "MeriSera Anti-H Lectin 1x5 ml Pack Size: 1x5 ml | MRP: 710 | CTP: 280 | Saarthi: 230 | SLABS: Regular qty:No Slab kit_price:195"
  },
  {
    "product_code": "ABDSER-01",
    "title": "ANTI ABD",
    "pack_size": "3x10 ml",
    "specification": "Pack Size: 3x10 ml | MRP: 1,260 | CTP: 465 | Saarthi: 380 | SLABS: No Slab qty:<50 kits kit_price:325; Slab 1 qty:50 - 99 kits kit_price:320; Slab 2 qty:100 - 249 kits kit_price:300; Slab 3 qty:250 - 499 kits kit_price:290; Slab 4 qty:500 - 999 kits kit_price:285; Slab 5 qty:1,000 - 1,999 kits kit_price:275; Slab 6 qty:2,000 kits & above kit_price:260",
    "merged_text": "ANTI ABD 3x10 ml Pack Size: 3x10 ml | MRP: 1,260 | CTP: 465 | Saarthi: 380 | SLABS: No Slab qty:<50 kits kit_price:325; Slab 1 qty:50 - 99 kits kit_price:320; Slab 2 qty:100 - 249 kits kit_price:300; Slab 3 qty:250 - 499 kits kit_price:290; Slab 4 qty:500 - 999 kits kit_price:285; Slab 5 qty:1,000 - 1,999 kits kit_price:275; Slab 6 qty:2,000 kits & above kit_price:260"
  }
]