[
  {
    "title": "BioNorm",
    "product_code": "CRNCNC-01",
    "type": "Controls & Calibrators",
    "specification": "Pack Size (ml): 1 x 5 | MRP (Rs.): 1,580 | DB Price < 5 kits (Rs.): 423 | DB Price > 5 kits (Rs.): 376",
    "search_text": "BioNorm CRNCNC-01 1 x 5"
  },
  {
    "title": "BioPath",
    "product_code": "CRPCNC-01",
    "type": "Controls & Calibrators",
    "specification": "Pack Size (ml): 1 x 5 | MRP (Rs.): 1,740 | DB Price < 5 kits (Rs.): 466 | DB Price > 5 kits (Rs.): 414",
    "search_text": "BioPath CRPCNC-01 1 x 5"
  },
  {
    "title": "Bio Cal",
    "product_code": "CALCNC-01",
    "type": "Controls & Calibrators",
    "specification": "Pack Size (ml): 4 x 3 | MRP (Rs.): 7,910 | DB Price < 5 kits (Rs.): 2,119 | DB Price > 5 kits (Rs.): 1,884",
    "search_text": "Bio Cal CALCNC-01 4 x 3"
  }
]