[
  {
    "product_code": "RPDHIV-01",
    "title": "MeriScreen HIV",
    "type": "MeriScreen",
    "master_category": "HIV",
    "category": "MeriScreen HIV",
    "pack_size": "50 Tests",
    "specification": "Pack Size: 50 Tests | MRP: 4,610 | CTP: 1,285 | Saarthi: 1,060 | TP: – | SLABS: Regular qty:No Slab kit_price:900 test_price:18; Slab 1 qty:2,500 kit_price:875 test_price:18; Slab 2 qty:5,000 kit_price:800 test_price:16; Slab 3 qty:7,500 kit_price:775 test_price:16; Slab 4 qty:12,500 kit_price:750 test_price:15",
    "merged_text": "MeriScreen HIV MeriScreen HIV MeriScreen HIV 50 Tests Pack Size: 50 Tests | MRP: 4,610 | CTP: 1,285 | Saarthi: 1,060 | TP: – | SLABS: Regular qty:No Slab kit_price:900 test_price:18; Slab 1 qty:2,500 kit_price:875 test_price:18; Slab 2 qty:5,000 kit_price:800 test_price:16; Slab 3 qty:7,500 kit_price:775 test_price:16; Slab 4 qty:12,500 kit_price:750 test_price:15"
  },
  {
    "product_code": "RPDHCV-01",
    "title": "MeriScreen HCV",
    "type": "MeriScreen",
    "master_category": "HCV",
    "category": "MeriScreen HCV",
    "pack_size": "50 Tests",
    "specification": "Pack Size: 50 Tests | MRP: 4,800 | CTP: 1,355 | Saarthi: 1,120 | TP: – | SLABS: Regular qty:No Slab kit_price:950 test_price:19; Slab 1 qty:2,500 kit_price:875 test_price:18; Slab 2 qty:5,000 kit_price:800 test_price:16; Slab 3 qty:10,000 kit_price:775 test_price:16; Slab 4 qty:18,000 kit_price:750 test_price:15",
    "merged_text": "MeriScreen HCV MeriScreen HCV MeriScreen HCV 50 Tests Pack Size: 50 Tests | MRP: 4,800 | CTP: 1,355 | Saarthi: 1,120 | TP: – | SLABS: Regular qty:No Slab kit_price:950 test_price:19; Slab 1 qty:2,500 kit_price:875 test_price:18; Slab 2 qty:5,000 kit_price:800 test_price:16; Slab 3 qty:10,000 kit_price:775 test_price:16; Slab 4 qty:18,000 kit_price:750 test_price:15"
  },
  {
    "product_code": "RPDHBV-01",
    "title": "MeriScreen HBsAg",
    "type": "MeriScreen",
    "master_category": "HBsAg",
    "category": "MeriScreen HBsAg",
    "pack_size": "50 Tests",
    "specification": "Pack Size: 50 Tests | MRP: 1,930 | CTP: 715 | Saarthi: 590 | TP: – | SLABS: Regular qty:No Slab kit_price:500 test_price:10; Slab 1 qty:5,000 kit_price:475 test_price:10; Slab 2 qty:10,000 kit_price:450 test_price:9; Slab 3 qty:20,000 kit_price:438 test_price:9; Slab 4 qty:35,000 kit_price:425 test_price:9",
    "merged_text": "MeriScreen HBsAg MeriScreen HBsAg MeriScreen HBsAg 50 Tests Pack Size: 50 Tests | MRP: 1,930 | CTP: 715 | Saarthi: 590 | TP: – | SLABS: Regular qty:No Slab kit_price:500 test_price:10; Slab 1 qty:5,000 kit_price:475 test_price:10; Slab 2 qty:10,000 kit_price:450 test_price:9; Slab 3 qty:20,000 kit_price:438 test_price:9; Slab 4 qty:35,000 kit_price:425 test_price:9"
  },
  {
    "product_code": "RPDVIB-01",
    "title": "MeriScreen HIV + Syphilis",
    "type": "MeriScreen",
    "master_category": "HIV + Syphilis",
    "category": "MeriScreen HIV+Syphilis",
    "pack_size": "50 Tests",
    "specification": "Pack Size: 50 Tests | MRP: 7,000 | CTP: 1,785 | Saarthi: 1,470 | TP: – | SLABS: Regular qty:No Slab kit_price:1,250 test_price:25; Slab 1 qty:1,000 kit_price:1,100 test_price:22; Slab 2 qty:5,000 kit_price:1,075 test_price:21.5; Slab 3 qty:10,000 kit_price:1,050 test_price:21",
    "merged_text": "MeriScreen HIV + Syphilis MeriScreen HIV + Syphilis MeriScreen HIV+Syphilis 50 Tests Pack Size: 50 Tests | MRP: 7,000 | CTP: 1,785 | Saarthi: 1,470 | TP: – | SLABS: Regular qty:No Slab kit_price:1,250 test_price:25; Slab 1 qty:1,000 kit_price:1,100 test_price:22; Slab 2 qty:5,000 kit_price:1,075 test_price:21.5; Slab 3 qty:10,000 kit_price:1,050 test_price:21"
  },
  {
    "product_code": "RPDSCT-01",
    "title": "MeriScreen Sickle Cell Test",
    "type": "MeriScreen",
    "master_category": "Sickle Cell",
    "category": "Meriscreen Sickle Cell",
    "pack_size": "25 Test",
    "specification": "Pack Size: 25 Test | MRP: 8,400 | CTP: 6,250 | Saarthi: 5,400 | TP: – | SLABS: Slab 1 qty:No Slab kit_price:5,000 test_price:200",
    "merged_text": "MeriScreen Sickle Cell Test MeriScreen Sickle Cell Meriscreen Sickle Cell 25 Test Pack Size: 25 Test | MRP: 8,400 | CTP: 6,250 | Saarthi: 5,400 | TP: – | SLABS: Slab 1 qty:No Slab kit_price:5,000 test_price:200"
  },
  {
    "product_code": "RPDMFV-01",
    "title": "Malaria Pf/Pv",
    "type": "MeriScreen",
    "master_category": "Malaria Pf/Pv",
    "category": "Meriscreen Malaria Pf/Pv",
    "pack_size": "30 Test",
    "specification": "Pack Size: 30 Test | MRP: 6,380 | CTP: 685 | Saarthi: 565 | TP: – | SLABS: Regular qty:No Slab kit_price:480 test_price:16; Slab 1 qty:15,000 kit_price:450 test_price:15; Slab 2 qty:25,000 kit_price:420 test_price:14; Slab 3 qty:50,000 kit_price:405 test_price:14",
    "merged_text": "Malaria Pf/Pv MeriScreen Malaria Pf/Pv Meriscreen Malaria Pf/Pv 30 Test Pack Size: 30 Test | MRP: 6,380 | CTP: 685 | Saarthi: 565 | TP: – | SLABS: Regular qty:No Slab kit_price:480 test_price:16; Slab 1 qty:15,000 kit_price:450 test_price:15; Slab 2 qty:25,000 kit_price:420 test_price:14; Slab 3 qty:50,000 kit_price:405 test_price:14"
  },
  {
    "product_code": "RPDMFP-01",
    "title": "Malaria Pf/Pan",
    "type": "MeriScreen",
    "master_category": "Malaria Pf/Pan",
    "category": "Meriscreen Malaria Pf/Pan",
    "pack_size": "30 Test",
    "specification": "Pack Size: 30 Test | MRP: 5,910 | CTP: 770 | Saarthi: 635 | TP: – | SLABS: Regular qty:No Slab kit_price:540 test_price:18; Slab 1 qty:15,000 kit_price:510 test_price:17; Slab 2 qty:25,000 kit_price:480 test_price:16; Slab 3 qty:50,000 kit_price:450 test_price:15",
    "merged_text": "Malaria Pf/Pan MeriScreen Malaria Pf/Pan Meriscreen Malaria Pf/Pan 30 Test Pack Size: 30 Test | MRP: 5,910 | CTP: 770 | Saarthi: 635 | TP: – | SLABS: Regular qty:No Slab kit_price:540 test_price:18; Slab 1 qty:15,000 kit_price:510 test_price:17; Slab 2 qty:25,000 kit_price:480 test_price:16; Slab 3 qty:50,000 kit_price:450 test_price:15"
  },
  {
    "product_code": "RPDMPN-01",
    "title": "Malaria Pan",
    "type": "MeriScreen",
    "master_category": "Malaria Pan",
    "category": "Meriscreen Malaria Pan",
    "pack_size": "30 Test",
    "specification": "Pack Size: 30 Test | MRP: 5,910 | CTP: 685 | Saarthi: 565 | TP: – | SLABS: Regular qty:No Slab kit_price:480 test_price:16",
    "merged_text": "Malaria Pan MeriScreen Malaria Pan Meriscreen Malaria Pan 30 Test Pack Size: 30 Test | MRP: 5,910 | CTP: 685 | Saarthi: 565 | TP: – | SLABS: Regular qty:No Slab kit_price:480 test_price:16"
  },
  {
    "product_code": "RPDDON-01",
    "title": "Dengue Onset",
    "type": "MeriScreen",
    "master_category": "Dengue Onset",
    "category": "Meriscreen Dengue Onset",
    "pack_size": "10 Test",
    "specification": "Pack Size: 10 Test | MRP: 11,760 | CTP: 1,215 | Saarthi: 1,000 | TP: – | SLABS: Regular qty:No Slab kit_price:850 test_price:85; Slab 1 qty:5,000 kit_price:800 test_price:80; Slab 2 qty:15,000 kit_price:780 test_price:78; Slab 3 qty:25,000 kit_price:750 test_price:75; Slab 4 qty:50,000 kit_price:700 test_price:70",
    "merged_text": "Dengue Onset MeriScreen Dengue Onset Meriscreen Dengue Onset 10 Test Pack Size: 10 Test | MRP: 11,760 | CTP: 1,215 | Saarthi: 1,000 | TP: – | SLABS: Regular qty:No Slab kit_price:850 test_price:85; Slab 1 qty:5,000 kit_price:800 test_price:80; Slab 2 qty:15,000 kit_price:780 test_price:78; Slab 3 qty:25,000 kit_price:750 test_price:75; Slab 4 qty:50,000 kit_price:700 test_price:70"
  },
  {
    "product_code": "RPDDAG-01",
    "title": "Dengue NS1",
    "type": "MeriScreen",
    "master_category": "Dengue NS1",
    "category": "Meriscreen Dengue NS1",
    "pack_size": "10 Test",
    "specification": "Pack Size: 10 Test | MRP: 8,230 | CTP: 785 | Saarthi: 645 | TP: – | SLABS: Regular qty:No Slab kit_price:550 test_price:55; Slab 1 qty:5,000 kit_price:400 test_price:40; Slab 2 qty:10,000 kit_price:380 test_price:38; Slab 3 qty:15,000 kit_price:350 test_price:35",
    "merged_text": "Dengue NS1 MeriScreen Dengue NS1 Meriscreen Dengue NS1 10 Test Pack Size: 10 Test | MRP: 8,230 | CTP: 785 | Saarthi: 645 | TP: – | SLABS: Regular qty:No Slab kit_price:550 test_price:55; Slab 1 qty:5,000 kit_price:400 test_price:40; Slab 2 qty:10,000 kit_price:380 test_price:38; Slab 3 qty:15,000 kit_price:350 test_price:35"
  },
  {
    "product_code": "RPDDAB-01",
    "title": "Dengue IgG/IgM",
    "type": "MeriScreen",
    "master_category": "Dengue IgG/IgM",
    "category": "Meriscreen Dengue IgG/IgM",
    "pack_size": "20 Test",
    "specification": "Pack Size: 20 Test | MRP: 10,680 | CTP: 1,655 | Saarthi: 1,365 | TP: – | SLABS: Regular qty:No Slab kit_price:1,160 test_price:58; Slab 1 qty:5,000 kit_price:700 test_price:35; Slab 2 qty:10,000 kit_price:640 test_price:32; Slab 3 qty:15,000 kit_price:600 test_price:30",
    "merged_text": "Dengue IgG/IgM MeriScreen Dengue IgG/IgM Meriscreen Dengue IgG/IgM 20 Test Pack Size: 20 Test | MRP: 10,680 | CTP: 1,655 | Saarthi: 1,365 | TP: – | SLABS: Regular qty:No Slab kit_price:1,160 test_price:58; Slab 1 qty:5,000 kit_price:700 test_price:35; Slab 2 qty:10,000 kit_price:640 test_price:32; Slab 3 qty:15,000 kit_price:600 test_price:30"
  },
  {
    "product_code": "RPDHIV-03",
    "title": "HIV 4th Generation",
    "type": "MeriScreen",
    "master_category": "HIV 4th Generation",
    "category": "Meriscreen HIV 4th Generation",
    "pack_size": "50 Test",
    "specification": "Pack Size: 50 Test | MRP: 7,850 | CTP: 3,300 | Saarthi: 3,000 | TP: – | SLABS: Regular qty:No Slab kit_price:2,750 test_price:55; Slab 1 qty:1,000 kit_price:2,650 test_price:53; Slab 2 qty:2,500 kit_price:2,500 test_price:50; Slab 3 qty:5,000 kit_price:2,400 test_price:48",
    "merged_text": "HIV 4th Generation MeriScreen HIV 4th Generation Meriscreen HIV 4th Generation 50 Test Pack Size: 50 Test | MRP: 7,850 | CTP: 3,300 | Saarthi: 3,000 | TP: – | SLABS: Regular qty:No Slab kit_price:2,750 test_price:55; Slab 1 qty:1,000 kit_price:2,650 test_price:53; Slab 2 qty:2,500 kit_price:2,500 test_price:50; Slab 3 qty:5,000 kit_price:2,400 test_price:48"
  },
  {
    "product_code": "RDHBWB-01",
    "title": "HBsAg Advance",
    "type": "MeriScreen",
    "master_category": "HBsag Advance",
    "category": "Meriscreen HBsAg Advance",
    "pack_size": "50 Test",
    "specification": "Pack Size: 50 Test | MRP: 2,730 | CTP: 1,570 | Saarthi: 1,295 | TP: – | SLABS: Regular qty:No Slab kit_price:1,100 test_price:22; Slab 1 qty:1,000 kit_price:1,050 test_price:21; Slab 2 qty:2,500 kit_price:950 test_price:19; Slab 3 qty:5,000 kit_price:850 test_price:17",
    "merged_text": "HBsAg Advance MeriScreen HBsag Advance Meriscreen HBsAg Advance 50 Test Pack Size: 50 Test | MRP: 2,730 | CTP: 1,570 | Saarthi: 1,295 | TP: – | SLABS: Regular qty:No Slab kit_price:1,100 test_price:22; Slab 1 qty:1,000 kit_price:1,050 test_price:21; Slab 2 qty:2,500 kit_price:950 test_price:19; Slab 3 qty:5,000 kit_price:850 test_price:17"
  },
  {
    "product_code": "RPDSYP-01",
    "title": "Meriscreen Syphilis",
    "type": "MeriScreen Syphilis",
    "master_category": "Syphilis",
    "category": "Meriscreen Syphilis",
    "pack_size": "30 Tests",
    "specification": "Pack Size: 30 Tests | MRP: 1,510 | CTP: 600 | Saarthi: 490 | TP: – | SLABS: Slab 1 qty:1,000 kit_price:420 test_price:14",
    "merged_text": "Meriscreen Syphilis MeriScreen Syphilis Syphilis Meriscreen Syphilis 30 Tests Pack Size: 30 Tests | MRP: 1,510 | CTP: 600 | Saarthi: 490 | TP: – | SLABS: Slab 1 qty:1,000 kit_price:420 test_price:14"
  },
  {
    "product_code": "RPDHCG-01",
    "title": "Meriscreen hCG",
    "type": "Meriscreen hCG",
    "master_category": "Hcg",
    "category": "Meriscreen hCG",
    "pack_size": "50 Tests",
    "specification": "Pack Size: 50 Tests | MRP: 5,040 | CTP: 535 | Saarthi: 440 | TP: – | SLABS: Regular qty:No Slab kit_price:375 test_price:7.5",
    "merged_text": "Meriscreen hCG Meriscreen hCG Hcg Meriscreen hCG 50 Tests Pack Size: 50 Tests | MRP: 5,040 | CTP: 535 | Saarthi: 440 | TP: – | SLABS: Regular qty:No Slab kit_price:375 test_price:7.5"
  }
]