[
  {
    "title": "Micro Albumin",
    "product_code": "MALTIA-01",
    "specification": "Pack Size: 1 x 40 / 1 x 10 | MRP: 5,900 | CTP: 3,000 | Saarthi: 2,692 | TP(1-50): 2,369 | Assorted 50: 2,211 | Assorted 100: 2,211\r"
  },
  {
    "title": "CRP",
    "product_code": "CRPTIA-01",
    "specification": "Pack Size: 1 x 40 / 1 x 10 | MRP: 3,710 | CTP: 1,900 | Saarthi: 1,692 | TP(1-50): 1,489 | Assorted 50: 1,390 | Assorted 100: 1,324\r"
  },
  {
    "title": "HbA1c",
    "product_code": "HBATIA-01",
    "specification": "Pack Size: 2 x 15 / 2 x 5 / 2 x 50 / 4 x 0.5 | MRP: 44,800 | CTP: 14,500 | Saarthi: 13,068 | TP(1-50): 11,500 | Assorted 50: 11,000 | Assorted 100: 10,500\r"
  },
  {
    "title": "HbA1c",
    "product_code": "HBATIA-02",
    "specification": "Pack Size: 1 x 15 / 1 x 5 / 2 x 25 / 4 x 0.5 | MRP: 35,060 | CTP: 11,500 | Saarthi: 10,227 | TP(1-50): 9,000 | Assorted 50: 8,700 | Assorted 100: 8,500\r"
  },
  {
    "title": "ASO",
    "product_code": "ASOLIT-01",
    "specification": "Pack Size: 1 x 40 / 1 x 10 | MRP: 12,630 | CTP: 5,537 | Saarthi: 4,864 | TP(1-50): 4,280 | Assorted 50: 3,800 | Assorted 100: 3,500\r"
  },
  {
    "title": "CRP",
    "product_code": "CRPLIT-01",
    "specification": "Pack Size: 1 x 40 / 1 x 10 | MRP: 4,010 | CTP: 2,350 | Saarthi: 1,989 | TP(1-50): 1,750 | Assorted 50: 1,650 | Assorted 100: 1,350\r"
  },
  {
    "title": "RF",
    "product_code": "RHFLIT-01",
    "specification": "Pack Size: 1 x 40 / 1 x 10 | MRP: 5,820 | CTP: 2,800 | Saarthi: 2,449 | TP(1-50): 2,155 | Assorted 50: 2,155 | Assorted 100: 2,155"
  }
]