[
  {
    "title": "Fixed Volume - 10 \u00b5l",
    "product_code": "MPSCFV-03",
    "type": "Fixed Volume",
    "volume": "10 \u00b5l",
    "specification": "Type: Fixed Volume | Volume: 10 \u00b5l | MRP: 5,580 | CTP: 2,365 | Saarthi: 1,500 | TP: 1,200"
  },
  {
    "title": "Fixed Volume - 50 \u00b5l",
    "product_code": "MPSCFV-06",
    "type": "Fixed Volume",
    "volume": "50 \u00b5l",
    "specification": "Type: Fixed Volume | Volume: 50 \u00b5l | MRP: 5,580 | CTP: 2,365 | Saarthi: 1,500 | TP: 1,200"
  },
  {
    "title": "Fixed Volume - 100 \u00b5l",
    "product_code": "MPSCFV-07",
    "type": "Fixed Volume",
    "volume": "100 \u00b5l",
    "specification": "Type: Fixed Volume | Volume: 100 \u00b5l | MRP: 5,580 | CTP: 2,365 | Saarthi: 1,500 | TP: 1,200"
  },
  {
    "title": "Fixed Volume - 500 \u00b5l",
    "product_code": "MPSCFV-10",
    "type": "Fixed Volume",
    "volume": "500 \u00b5l",
    "specification": "Type: Fixed Volume | Volume: 500 \u00b5l | MRP: 5,580 | CTP: 2,365 | Saarthi: 1,500 | TP: 1,200"
  },
  {
    "title": "Fixed Volume - 1000 \u00b5l",
    "product_code": "MPSCFV-11",
    "type": "Fixed Volume",
    "volume": "1000 \u00b5l",
    "specification": "Type: Fixed Volume | Volume: 1000 \u00b5l | MRP: 5,580 | CTP: 2,365 | Saarthi: 1,500 | TP: 1,200"
  },
  {
    "title": "Variable Volume - 5\u201350 \u00b5l",
    "product_code": "MPSCVV-04",
    "type": "Variable Volume",
    "volume": "5\u201350 \u00b5l",
    "specification": "Type: Variable Volume | Volume: 5\u201350 \u00b5l | MRP: 5,580 | CTP: 3,135 | Saarthi: 1,625 | TP: 1,300"
  },
  {
    "title": "Variable Volume - 100\u20131000 \u00b5l",
    "product_code": "MPSCVV-07",
    "type": "Variable Volume",
    "volume": "100\u20131000 \u00b5l",
    "specification": "Type: Variable Volume | Volume: 100\u20131000 \u00b5l | MRP: 7,400 | CTP: 3,135 | Saarthi: 1,625 | TP: 1,300"
  }
]