[
  {
    "product_code": "HD4RPD-03",
    "title": "HIV Quadro",
    "main_type": "Rapids",
    "sub_type": "FLOW THROUGH",
    "pack_size": "50 Tests",
    "specification": "Pack Size: 50 Tests | MRP: 14,680 | CTP: 3,145 | TP: – | SLABS: Regular qty:No Slab kit_price:2,200 test_price:44; Slab 1 qty:1,000 kit_price:2,150 test_price:43; Slab 2 qty:2,500 kit_price:2,100 test_price:42; Slab 3 qty:5,000 kit_price:2,050 test_price:41; Slab 4 qty:10,000 kit_price:2,000 test_price:40",
    "merged_text": "HIV Quadro Rapids FLOW THROUGH 50 Tests Pack Size: 50 Tests | MRP: 14,680 | CTP: 3,145 | TP: – | SLABS: Regular qty:No Slab kit_price:2,200 test_price:44; Slab 1 qty:1,000 kit_price:2,150 test_price:43; Slab 2 qty:2,500 kit_price:2,100 test_price:42; Slab 3 qty:5,000 kit_price:2,050 test_price:41; Slab 4 qty:10,000 kit_price:2,000 test_price:40"
  },
  {
    "product_code": "HD4RPD-01",
    "title": "HIV Quadro",
    "main_type": "Rapids",
    "sub_type": "FLOW THROUGH",
    "pack_size": "10 Tests",
    "specification": "Pack Size: 10 Tests | MRP: 2,940 | CTP: 645 | TP: – | SLABS: Regular qty:No Slab kit_price:450 test_price:45; Slab 1 qty:1,000 kit_price:430 test_price:43; Slab 2 qty:2,500 kit_price:420 test_price:42; Slab 3 qty:5,000 kit_price:410 test_price:41; Slab 4 qty:10,000 kit_price:400 test_price:40",
    "merged_text": "HIV Quadro Rapids FLOW THROUGH 10 Tests Pack Size: 10 Tests | MRP: 2,940 | CTP: 645 | TP: – | SLABS: Regular qty:No Slab kit_price:450 test_price:45; Slab 1 qty:1,000 kit_price:430 test_price:43; Slab 2 qty:2,500 kit_price:420 test_price:42; Slab 3 qty:5,000 kit_price:410 test_price:41; Slab 4 qty:10,000 kit_price:400 test_price:40"
  },
  {
    "product_code": "HCDRPD-03",
    "title": "HCV Tredro",
    "main_type": "Rapids",
    "sub_type": "FLOW THROUGH",
    "pack_size": "50 Tests",
    "specification": "Pack Size: 50 Tests | MRP: 7,880 | CTP: 3,145 | TP: – | SLABS: Regular qty:No Slab kit_price:2,200 test_price:44; Slab 1 qty:1,000 kit_price:2,150 test_price:43; Slab 2 qty:2,500 kit_price:2,100 test_price:42; Slab 3 qty:5,000 kit_price:2,050 test_price:41; Slab 4 qty:10,000 kit_price:2,000 test_price:40",
    "merged_text": "HCV Tredro Rapids FLOW THROUGH 50 Tests Pack Size: 50 Tests | MRP: 7,880 | CTP: 3,145 | TP: – | SLABS: Regular qty:No Slab kit_price:2,200 test_price:44; Slab 1 qty:1,000 kit_price:2,150 test_price:43; Slab 2 qty:2,500 kit_price:2,100 test_price:42; Slab 3 qty:5,000 kit_price:2,050 test_price:41; Slab 4 qty:10,000 kit_price:2,000 test_price:40"
  },
  {
    "product_code": "HCDRPD-01",
    "title": "HCV Tredro",
    "main_type": "Rapids",
    "sub_type": "FLOW THROUGH",
    "pack_size": "10 Tests",
    "specification": "Pack Size: 10 Tests | MRP: 1,580 | CTP: 645 | TP: – | SLABS: Regular qty:No Slab kit_price:450 test_price:45; Slab 1 qty:1,000 kit_price:430 test_price:43; Slab 2 qty:2,500 kit_price:420 test_price:42; Slab 3 qty:5,000 kit_price:410 test_price:41; Slab 4 qty:10,000 kit_price:400 test_price:40",
    "merged_text": "HCV Tredro Rapids FLOW THROUGH 10 Tests Pack Size: 10 Tests | MRP: 1,580 | CTP: 645 | TP: – | SLABS: Regular qty:No Slab kit_price:450 test_price:45; Slab 1 qty:1,000 kit_price:430 test_price:43; Slab 2 qty:2,500 kit_price:420 test_price:42; Slab 3 qty:5,000 kit_price:410 test_price:41; Slab 4 qty:10,000 kit_price:400 test_price:40"
  },
  {
    "product_code": "HV4ELI-02",
    "title": "HIV 4th Gen",
    "main_type": "Elisa",
    "sub_type": "Elisa",
    "pack_size": "96 Test",
    "specification": "Pack Size: 96 Test | MRP: 10,750 | CTP: 2,330 | TP: – | SLABS: Regular qty:No Slab kit_price:1,632 test_price:17; Slab 1 qty:2,400 kit_price:1,488 test_price:15.5; Slab 2 qty:7,200 kit_price:1,440 test_price:15; Slab 3 qty:14,400 kit_price:1,344 test_price:14",
    "merged_text": "HIV 4th Gen Elisa Elisa 96 Test Pack Size: 96 Test | MRP: 10,750 | CTP: 2,330 | TP: – | SLABS: Regular qty:No Slab kit_price:1,632 test_price:17; Slab 1 qty:2,400 kit_price:1,488 test_price:15.5; Slab 2 qty:7,200 kit_price:1,440 test_price:15; Slab 3 qty:14,400 kit_price:1,344 test_price:14"
  },
  {
    "product_code": "HV3ELI-01",
    "title": "HIV 3rd Gen",
    "main_type": "Elisa",
    "sub_type": "Elisa",
    "pack_size": "96 Test",
    "specification": "Pack Size: 96 Test | MRP: 6,370 | CTP: 1,785 | TP: – | SLABS: Regular qty:No Slab kit_price:1,248 test_price:13; Slab 1 qty:960 kit_price:1,200 test_price:13; Slab 2 qty:2,400 kit_price:1,152 test_price:12; Slab 3 qty:4,800 kit_price:1,104 test_price:12",
    "merged_text": "HIV 3rd Gen Elisa Elisa 96 Test Pack Size: 96 Test | MRP: 6,370 | CTP: 1,785 | TP: – | SLABS: Regular qty:No Slab kit_price:1,248 test_price:13; Slab 1 qty:960 kit_price:1,200 test_price:13; Slab 2 qty:2,400 kit_price:1,152 test_price:12; Slab 3 qty:4,800 kit_price:1,104 test_price:12"
  },
  {
    "product_code": "HPCELI-03",
    "title": "HCV 3rd Gen",
    "main_type": "Elisa",
    "sub_type": "Elisa",
    "pack_size": "96 Test",
    "specification": "Pack Size: 96 Test | MRP: 11,020 | CTP: 2,195 | TP: – | SLABS: Regular qty:No Slab kit_price:1,536 test_price:16; Slab 1 qty:2,400 kit_price:1,488 test_price:16; Slab 2 qty:7,200 kit_price:1,440 test_price:15; Slab 3 qty:14,400 kit_price:1,344 test_price:14",
    "merged_text": "HCV 3rd Gen Elisa Elisa 96 Test Pack Size: 96 Test | MRP: 11,020 | CTP: 2,195 | TP: – | SLABS: Regular qty:No Slab kit_price:1,536 test_price:16; Slab 1 qty:2,400 kit_price:1,488 test_price:16; Slab 2 qty:7,200 kit_price:1,440 test_price:15; Slab 3 qty:14,400 kit_price:1,344 test_price:14"
  },
  {
    "product_code": "HC4ELI-01",
    "title": "HCV 4th Gen",
    "main_type": "Elisa",
    "sub_type": "Elisa",
    "pack_size": "96 Test",
    "specification": "Pack Size: 96 Test | MRP: 35,280 | CTP: 15,085 | TP: – | SLABS: Regular qty:No Slab kit_price:10,560 test_price:110; Slab 1 qty:960 kit_price:10,080 test_price:105; Slab 2 qty:2,400 kit_price:9,600 test_price:100; Slab 3 qty:4,800 kit_price:9,120 test_price:95",
    "merged_text": "HCV 4th Gen Elisa Elisa 96 Test Pack Size: 96 Test | MRP: 35,280 | CTP: 15,085 | TP: – | SLABS: Regular qty:No Slab kit_price:10,560 test_price:110; Slab 1 qty:960 kit_price:10,080 test_price:105; Slab 2 qty:2,400 kit_price:9,600 test_price:100; Slab 3 qty:4,800 kit_price:9,120 test_price:95"
  },
  {
    "product_code": "HPBELI-01",
    "title": "HBsAg",
    "main_type": "Elisa",
    "sub_type": "Elisa",
    "pack_size": "96 Test",
    "specification": "Pack Size: 96 Test | MRP: 4,620 | CTP: 1,030 | TP: – | SLABS: Regular qty:No Slab kit_price:720 test_price:8; Slab 1 qty:2,400 kit_price:696 test_price:7; Slab 2 qty:7,200 kit_price:672 test_price:7; Slab 3 qty:14,400 kit_price:648 test_price:7",
    "merged_text": "HBsAg Elisa Elisa 96 Test Pack Size: 96 Test | MRP: 4,620 | CTP: 1,030 | TP: – | SLABS: Regular qty:No Slab kit_price:720 test_price:8; Slab 1 qty:2,400 kit_price:696 test_price:7; Slab 2 qty:7,200 kit_price:672 test_price:7; Slab 3 qty:14,400 kit_price:648 test_price:7"
  },
  {
    "product_code": "TSIELI-01",
    "title": "TSH",
    "main_type": "Elisa",
    "sub_type": "Elisa",
    "pack_size": "96 Test",
    "specification": "Pack Size: 96 Test | MRP: 15,400 | CTP: 2,055 | TP: – | SLABS: Regular qty:No Slab kit_price:1,440 test_price:15; Slab 1 qty:960 kit_price:1,344 test_price:14; Slab 2 qty:4,800 kit_price:1,152 test_price:12",
    "merged_text": "TSH Elisa Elisa 96 Test Pack Size: 96 Test | MRP: 15,400 | CTP: 2,055 | TP: – | SLABS: Regular qty:No Slab kit_price:1,440 test_price:15; Slab 1 qty:960 kit_price:1,344 test_price:14; Slab 2 qty:4,800 kit_price:1,152 test_price:12"
  },
  {
    "product_code": "ITFELI-01",
    "title": "T4",
    "main_type": "Elisa",
    "sub_type": "Elisa",
    "pack_size": "96 Test",
    "specification": "Pack Size: 96 Test | MRP: 12,730 | CTP: 2,330 | TP: – | SLABS: Regular qty:No Slab kit_price:1,632 test_price:17; Slab 1 qty:960 kit_price:1,536 test_price:16; Slab 2 qty:4,800 kit_price:1,248 test_price:13",
    "merged_text": "T4 Elisa Elisa 96 Test Pack Size: 96 Test | MRP: 12,730 | CTP: 2,330 | TP: – | SLABS: Regular qty:No Slab kit_price:1,632 test_price:17; Slab 1 qty:960 kit_price:1,536 test_price:16; Slab 2 qty:4,800 kit_price:1,248 test_price:13"
  },
  {
    "product_code": "ITTELI-01",
    "title": "T3",
    "main_type": "Elisa",
    "sub_type": "Elisa",
    "pack_size": "96 Test",
    "specification": "Pack Size: 96 Test | MRP: 12,730 | CTP: 2,055 | TP: – | SLABS: Regular qty:No Slab kit_price:1,440 test_price:15; Slab 1 qty:960 kit_price:1,344 test_price:14; Slab 2 qty:4,800 kit_price:1,152 test_price:12",
    "merged_text": "T3 Elisa Elisa 96 Test Pack Size: 96 Test | MRP: 12,730 | CTP: 2,055 | TP: – | SLABS: Regular qty:No Slab kit_price:1,440 test_price:15; Slab 1 qty:960 kit_price:1,344 test_price:14; Slab 2 qty:4,800 kit_price:1,152 test_price:12"
  },
  {
    "product_code": "DNSELI-01",
    "title": "Dengue NS1",
    "main_type": "Elisa",
    "sub_type": "Elisa",
    "pack_size": "48 Test",
    "specification": "Pack Size: 48 Test | MRP: 15,370 | CTP: 4,115 | TP: – | SLABS: Regular qty:No Slab kit_price:2,880 test_price:60; Slab 1 qty:2,400 kit_price:2,640 test_price:55; Slab 2 qty:4,800 kit_price:2,400 test_price:50; Slab 3 qty:9,600 kit_price:2,160 test_price:45",
    "merged_text": "Dengue NS1 Elisa Elisa 48 Test Pack Size: 48 Test | MRP: 15,370 | CTP: 4,115 | TP: – | SLABS: Regular qty:No Slab kit_price:2,880 test_price:60; Slab 1 qty:2,400 kit_price:2,640 test_price:55; Slab 2 qty:4,800 kit_price:2,400 test_price:50; Slab 3 qty:9,600 kit_price:2,160 test_price:45"
  },
  {
    "product_code": "DNSELI-02",
    "title": "Dengue NS1",
    "main_type": "Elisa",
    "sub_type": "Elisa",
    "pack_size": "96 Test",
    "specification": "Pack Size: 96 Test | MRP: 30,740 | CTP: 8,230 | TP: – | SLABS: Regular qty:No Slab kit_price:5,760 test_price:60; Slab 1 qty:2,400 kit_price:5,280 test_price:55; Slab 2 qty:4,800 kit_price:4,800 test_price:50; Slab 3 qty:9,600 kit_price:4,320 test_price:45",
    "merged_text": "Dengue NS1 Elisa Elisa 96 Test Pack Size: 96 Test | MRP: 30,740 | CTP: 8,230 | TP: – | SLABS: Regular qty:No Slab kit_price:5,760 test_price:60; Slab 1 qty:2,400 kit_price:5,280 test_price:55; Slab 2 qty:4,800 kit_price:4,800 test_price:50; Slab 3 qty:9,600 kit_price:4,320 test_price:45"
  },
  {
    "product_code": "DEGELI-02",
    "title": "Dengue IgG",
    "main_type": "Elisa",
    "sub_type": "Elisa",
    "pack_size": "96 Test",
    "specification": "Pack Size: 96 Test | MRP: 38,350 | CTP: 8,230 | TP: – | SLABS: Regular qty:No Slab kit_price:5,760 test_price:60; Slab 1 qty:2,400 kit_price:5,280 test_price:55; Slab 2 qty:4,800 kit_price:4,800 test_price:50; Slab 3 qty:9,600 kit_price:4,320 test_price:45",
    "merged_text": "Dengue IgG Elisa Elisa 96 Test Pack Size: 96 Test | MRP: 38,350 | CTP: 8,230 | TP: – | SLABS: Regular qty:No Slab kit_price:5,760 test_price:60; Slab 1 qty:2,400 kit_price:5,280 test_price:55; Slab 2 qty:4,800 kit_price:4,800 test_price:50; Slab 3 qty:9,600 kit_price:4,320 test_price:45"
  },
  {
    "product_code": "DEMELI-01",
    "title": "Dengue IgM",
    "main_type": "Elisa",
    "sub_type": "Elisa",
    "pack_size": "48 Test",
    "specification": "Pack Size: 48 Test | MRP: 5,520 | CTP: 4,115 | TP: – | SLABS: Regular qty:No Slab kit_price:2,880 test_price:60; Slab 1 qty:2,400 kit_price:2,640 test_price:55; Slab 2 qty:4,800 kit_price:2,400 test_price:50; Slab 3 qty:9,600 kit_price:2,160 test_price:45",
    "merged_text": "Dengue IgM Elisa Elisa 48 Test Pack Size: 48 Test | MRP: 5,520 | CTP: 4,115 | TP: – | SLABS: Regular qty:No Slab kit_price:2,880 test_price:60; Slab 1 qty:2,400 kit_price:2,640 test_price:55; Slab 2 qty:4,800 kit_price:2,400 test_price:50; Slab 3 qty:9,600 kit_price:2,160 test_price:45"
  },
  {
    "product_code": "MPNELI-02",
    "title": "Malaria PAN Ag",
    "main_type": "Elisa",
    "sub_type": "Elisa",
    "pack_size": "96 Test",
    "specification": "Pack Size: 96 Test | MRP: 4,030 | CTP: 2,195 | TP: – | SLABS: Regular qty:No Slab kit_price:1,536 test_price:16",
    "merged_text": "Malaria PAN Ag Elisa Elisa 96 Test Pack Size: 96 Test | MRP: 4,030 | CTP: 2,195 | TP: – | SLABS: Regular qty:No Slab kit_price:1,536 test_price:16"
  }
]