[
  {
    "title": "AMYLASE",
    "product_code": "AMYAQ1-01",
    "type": "AQ 100 / 200\u00a0System\u00a0Packs",
    "specification": "Pack Size: 4 x 20 | MRP: 16,680 | CTP: 7,995 | Saarthi: 5,996 | TP(1-50): 4,797 | Assorted 50: 4,264 | Assorted 100: -"
  },
  {
    "title": "ALKALINE PHOSPHATASE",
    "product_code": "ALPAQ1-01",
    "type": "AQ 100 / 200\u00a0System\u00a0Packs",
    "specification": "Pack Size: 4 x 15 | MRP: 2,000 | CTP: 1,581 | Saarthi: 1,186 | TP(1-50): 949 | Assorted 50: 843 | Assorted 100: -"
  },
  {
    "title": "ALAT (GPT)",
    "product_code": "GPTAQ1-01",
    "type": "AQ 100 / 200\u00a0System\u00a0Packs",
    "specification": "Pack Size: 6 x 20 / 6 x 5 | MRP: 3,650 | CTP: 2,551 | Saarthi: 1,913 | TP(1-50): 1,530 | Assorted 50: 1,360 | Assorted 100: -"
  },
  {
    "title": "ASAT (GOT)",
    "product_code": "GOTAQ1-01",
    "type": "AQ 100 / 200\u00a0System\u00a0Packs",
    "specification": "Pack Size: 6 x 20 / 6 x 5 | MRP: 3,650 | CTP: 2,551 | Saarthi: 1,913 | TP(1-50): 1,530 | Assorted 50: 1,360 | Assorted 100: -"
  },
  {
    "title": "BILIRUBIN TOTAL",
    "product_code": "BITAQ1-01",
    "type": "AQ 100 / 200\u00a0System\u00a0Packs",
    "specification": "Pack Size: 5 x 15 / 5 x 5 | MRP: 1,300 | CTP: 731 | Saarthi: 548 | TP(1-50): 438 | Assorted 50: 389 | Assorted 100: -"
  },
  {
    "title": "BILIRUBIN DIRECT",
    "product_code": "BIDAQ1-01",
    "type": "AQ 100 / 200\u00a0System\u00a0Packs",
    "specification": "Pack Size: 5 x 15 / 5 x 5 | MRP: 1,300 | CTP: 731 | Saarthi: 548 | TP(1-50): 438 | Assorted 50: 389 | Assorted 100: -"
  },
  {
    "title": "CALCIUM (A)",
    "product_code": "CAAAQ1-01",
    "type": "AQ 100 / 200\u00a0System\u00a0Packs",
    "specification": "Pack Size: 4 x 20 | MRP: 2,000 | CTP: 1,707 | Saarthi: 1,280 | TP(1-50): 1,024 | Assorted 50: 910 | Assorted 100: -"
  },
  {
    "title": "CREATININE",
    "product_code": "CREADQ1-02",
    "type": "AQ 100 / 200\u00a0System\u00a0Packs",
    "specification": "Pack Size: 5 x 15 / 5 x 15 | MRP: 1,690 | CTP: 960 | Saarthi: 720 | TP(1-50): 576 | Assorted 50: 512 | Assorted 100: -"
  },
  {
    "title": "ENZ. CREATININE",
    "product_code": "ECRAQ1-01",
    "type": "AQ 100 / 200\u00a0System\u00a0Packs",
    "specification": "Pack Size: 4 x 18 / 4 x 6 | MRP: 6,710 | CTP: 2,929 | Saarthi: 2,197 | TP(1-50): 1,758 | Assorted 50: 1,598 | Assorted 100: -"
  },
  {
    "title": "CREATINE KINASE NAC",
    "product_code": "CKNAQ1-01",
    "type": "AQ 100 / 200\u00a0System\u00a0Packs",
    "specification": "Pack Size: 2 x 20 / 2 x 5 | MRP: 6,380 | CTP: 3,533 | Saarthi: 2,650 | TP(1-50): 2,120 | Assorted 50: 1,884 | Assorted 100: -"
  },
  {
    "title": "CREATINE KINASE MB",
    "product_code": "CKMAQ1-01",
    "type": "AQ 100 / 200\u00a0System\u00a0Packs",
    "specification": "Pack Size: 2 x 20 / 2 x 5 | MRP: 14,860 | CTP: 7,220 | Saarthi: 5,415 | TP(1-50): 4,332 | Assorted 50: 3,850 | Assorted 100: -"
  },
  {
    "title": "CHOLESTEROL",
    "product_code": "CHOAQ1-01",
    "type": "AQ 100 / 200\u00a0System\u00a0Packs",
    "specification": "Pack Size: 6 x 20 | MRP: 2,810 | CTP: 1,865 | Saarthi: 1,399 | TP(1-50): 1,119 | Assorted 50: 994 | Assorted 100: -"
  },
  {
    "title": "LDL CHOLESTEROL (Direct)",
    "product_code": "LDLAQ1-01",
    "type": "AQ 100 / 200\u00a0System\u00a0Packs",
    "specification": "Pack Size: 1 x 18 / 1 x 6 | MRP: 8,530 | CTP: 3,811 | Saarthi: 2,858 | TP(1-50): 2,286 | Assorted 50: 2,032 | Assorted 100: -"
  },
  {
    "title": "CHLORIDE",
    "product_code": "CHDAQ1-01",
    "type": "AQ 100 / 200\u00a0System\u00a0Packs",
    "specification": "Pack Size: 4 x 20 | MRP: 1,250 | CTP: 1,180 | Saarthi: 1,110 | TP(1-50): 1,080 | Assorted 50: 960 | Assorted 100: -"
  },
  {
    "title": "\u03b3-GLUTAMYL TRANSFERASE",
    "product_code": "GGTAQ1-01",
    "type": "AQ 100 / 200\u00a0System\u00a0Packs",
    "specification": "Pack Size: 1 x 20 / 1 x 5 | MRP: 3,060 | CTP: 1,951 | Saarthi: 1,463 | TP(1-50): 1,170 | Assorted 50: 1,040 | Assorted 100: -"
  },
  {
    "title": "GLUCOSE",
    "product_code": "GLUAQ1-01",
    "type": "AQ 100 / 200\u00a0System\u00a0Packs",
    "specification": "Pack Size: 10 x 20 | MRP: 1,560 | CTP: 1,065 | Saarthi: 799 | TP(1-50): 639 | Assorted 50: 568 | Assorted 100: -"
  },
  {
    "title": "LACTATE DEHYDROGENASE",
    "product_code": "LDHAQ1-01",
    "type": "AQ 100 / 200\u00a0System\u00a0Packs",
    "specification": "Pack Size: 1 x 20 / 1 x 5 | MRP: 1,840 | CTP: 1,484 | Saarthi: 1,113 | TP(1-50): 890 | Assorted 50: 791 | Assorted 100: -"
  },
  {
    "title": "MAGNESIUM",
    "product_code": "MAGAQ1-01",
    "type": "AQ 100 / 200\u00a0System\u00a0Packs",
    "specification": "Pack Size: 4 x 20 | MRP: 7,670 | CTP: 3,427 | Saarthi: 2,570 | TP(1-50): 2,056 | Assorted 50: 1,827 | Assorted 100: -"
  },
  {
    "title": "PHOSPHORUS",
    "product_code": "PHOAQ1-01",
    "type": "AQ 100 / 200\u00a0System\u00a0Packs",
    "specification": "Pack Size: 4 x 20 | MRP: 1,430 | CTP: 1,350 | Saarthi: 1,066 | TP(1-50): 853 | Assorted 50: 758 | Assorted 100: -"
  },
  {
    "title": "MICROPROTEIN",
    "product_code": "MTPAQ1-01",
    "type": "AQ 100 / 200\u00a0System\u00a0Packs",
    "specification": "Pack Size: 4 x 20 | MRP: 3,060 | CTP: 2,844 | Saarthi: 2,133 | TP(1-50): 1,706 | Assorted 50: 1,516 | Assorted 100: -"
  },
  {
    "title": "TRIGLYCERIDE",
    "product_code": "TRGAQ1-01",
    "type": "AQ 100 / 200\u00a0System\u00a0Packs",
    "specification": "Pack Size: 6 x 20 | MRP: 6,170 | CTP: 3,195 | Saarthi: 2,396 | TP(1-50): 1,917 | Assorted 50: 1,704 | Assorted 100: -"
  },
  {
    "title": "URIC ACID",
    "product_code": "URCAQ1-01",
    "type": "AQ 100 / 200\u00a0System\u00a0Packs",
    "specification": "Pack Size: 4 x 15 | MRP: 2,200 | CTP: 1,241 | Saarthi: 931 | TP(1-50): 745 | Assorted 50: 662 | Assorted 100: -"
  },
  {
    "title": "UREA",
    "product_code": "UREAQ1-01",
    "type": "AQ 100 / 200\u00a0System\u00a0Packs",
    "specification": "Pack Size: 6 x 20 / 6 x 5 | MRP: 3,390 | CTP: 2,933 | Saarthi: 2,200 | TP(1-50): 1,760 | Assorted 50: 1,564 | Assorted 100: -"
  },
  {
    "title": "Micro Albumin",
    "product_code": "MALAQ2-01",
    "type": "AQ 100 / 200\u00a0System\u00a0Packs",
    "specification": "Pack Size: 2 x 20 / 2 x 5 | MRP: 13,270 | CTP: 7,207 | Saarthi: 5,405 | TP(1-50): 4,324 | Assorted 50: 3,843 | Assorted 100: -"
  },
  {
    "title": "CRP",
    "product_code": "CRPAQ2-01",
    "type": "AQ 100 / 200\u00a0System\u00a0Packs",
    "specification": "Pack Size: 2 x 20 / 2 x 5 | MRP: 8,340 | CTP: 4,805 | Saarthi: 3,604 | TP(1-50): 2,883 | Assorted 50: 2,562 | Assorted 100: -"
  },
  {
    "title": "LIPASE",
    "product_code": "LIPAQ2-01",
    "type": "AQ 100 / 200\u00a0System\u00a0Packs",
    "specification": "Pack Size: 1 x 20 / 1 x 12 | MRP: 12,490 | CTP: 5,579 | Saarthi: 4,184 | TP(1-50): 3,347 | Assorted 50: 2,975 | Assorted 100: -"
  },
  {
    "title": "ALBUMIN",
    "product_code": "ALBAQ1-01",
    "type": "AQ 100 / 200\u00a0System\u00a0Packs",
    "specification": "Pack Size: 6 x 20 | MRP: 560 | CTP: 533 | Saarthi: 400 | TP(1-50): 320 | Assorted 50: 284 | Assorted 100: -"
  },
  {
    "title": "HDL CHOLESTEROL (Direct)",
    "product_code": "HDLAQ1-01",
    "type": "AQ 100 / 200\u00a0System\u00a0Packs",
    "specification": "Pack Size: 2 x 18 / 2 x 6 | MRP: 7,600 | CTP: 3,393 | Saarthi: 2,545 | TP(1-50): 2,036 | Assorted 50: 1,809 | Assorted 100: -"
  },
  {
    "title": "TOTAL PROTEIN",
    "product_code": "TPRAQ1-01",
    "type": "AQ 100 / 200\u00a0System\u00a0Packs",
    "specification": "Pack Size: 6 x 15 | MRP: 420 | CTP: 357 | Saarthi: 268 | TP(1-50): 214 | Assorted 50: 190 | Assorted 100: -"
  },
  {
    "title": "AutQuant CLEANZER",
    "product_code": "AQCSYS-01",
    "type": "AQ 100 / 200\u00a0System\u00a0Packs",
    "specification": "Pack Size: 10 x 100 | MRP: 6,320 | CTP: 3,173 | Saarthi: 2,380 | TP(1-50): 1,904 | Assorted 50: 1,692 | Assorted 100: -"
  },
  {
    "title": "HbA1c",
    "product_code": "HBAAQ2-01",
    "type": "AQ 100 / 200\u00a0System\u00a0Packs",
    "specification": "Pack Size: 2x15 / 2x5.5 / 1x75 / 4x0.5 | MRP: 63,840 | CTP: 48,095 | Saarthi: 36,071 | TP(1-50): 28,857 | Assorted 50: 25,650 | Assorted 100: -"
  },
  {
    "title": "CRP",
    "product_code": "CRPAQ2-02",
    "type": "AQ 100 / 200\u00a0System\u00a0Packs",
    "specification": "Pack Size: 2 x 20 / 2 x 5 | MRP: 13,810 | CTP: 6,581 | Saarthi: 4,936 | TP(1-50): 3,949 | Assorted 50: 3,510 | Assorted 100: -"
  },
  {
    "title": "ASO",
    "product_code": "ASOAQ2-01",
    "type": "AQ 100 / 200\u00a0System\u00a0Packs",
    "specification": "Pack Size: 2 x 20 / 2 x 5 | MRP: 11,290 | CTP: 9,739 | Saarthi: 7,304 | TP(1-50): 5,843 | Assorted 50: 5,193 | Assorted 100: -"
  },
  {
    "title": "RF",
    "product_code": "RHFAQ2-01",
    "type": "AQ 100 / 200\u00a0System\u00a0Packs",
    "specification": "Pack Size: 2 x 20 / 2 x 5 | MRP: 16,530 | CTP: 5,227 | Saarthi: 3,920 | TP(1-50): 3,136 | Assorted 50: 2,787 | Assorted 100: -"
  },
  {
    "title": "D-Dimer",
    "product_code": "DDMAQ1-01",
    "type": "AQ 100 / 200\u00a0System\u00a0Packs",
    "specification": "Pack Size: 2 x 15 / 2 x 5 | MRP: 47,440 | CTP: 14,535 | Saarthi: 10,901 | TP(1-50): 8,721 | Assorted 50: 7,752 | Assorted 100: -"
  },
  {
    "title": "Ferritin",
    "product_code": "FRTAQ1-01",
    "type": "AQ 100 / 200\u00a0System\u00a0Packs",
    "specification": "Pack Size: 2 x 15 / 2 x 5 | MRP: 31,240 | CTP: 8,040 | Saarthi: 6,030 | TP(1-50): 4,824 | Assorted 50: 4,288 | Assorted 100: -"
  },
  {
    "title": "ALBUMIN",
    "product_code": "ALBAQ4-01",
    "type": "AQ 400\u00a0System\u00a0Packs",
    "specification": "Pack Size: 6 x 50 | MRP: 1,400 | CTP: 589 | Saarthi: 442 | TP(1-50): 354 | Assorted 50: - | Assorted 100: -"
  },
  {
    "title": "AMYLASE",
    "product_code": "AMYAQ4-01",
    "type": "AQ 400\u00a0System\u00a0Packs",
    "specification": "Pack Size: 6 x 20 | MRP: 25,010 | CTP: 10,547 | Saarthi: 7,910 | TP(1-50): 6,328 | Assorted 50: - | Assorted 100: -"
  },
  {
    "title": "ALKALINE PHOSPHATASE",
    "product_code": "ALPAQ4-01",
    "type": "AQ 400\u00a0System\u00a0Packs",
    "specification": "Pack Size: 6 x 20 | MRP: 4,000 | CTP: 1,688 | Saarthi: 1,266 | TP(1-50): 1,013 | Assorted 50: - | Assorted 100: -"
  },
  {
    "title": "ALAT (GPT)",
    "product_code": "GPTAQ4-01",
    "type": "AQ 400\u00a0System\u00a0Packs",
    "specification": "Pack Size: 4 x 60 / 4 x 15 | MRP: 7,300 | CTP: 3,076 | Saarthi: 2,307 | TP(1-50): 1,846 | Assorted 50: - | Assorted 100: -"
  },
  {
    "title": "ASAT (GOT)",
    "product_code": "GOTAQ4-01",
    "type": "AQ 400\u00a0System\u00a0Packs",
    "specification": "Pack Size: 4 x 60 / 4 x 15 | MRP: 7,300 | CTP: 3,076 | Saarthi: 2,307 | TP(1-50): 1,846 | Assorted 50: - | Assorted 100: -"
  },
  {
    "title": "BILIRUBIN TOTAL",
    "product_code": "BITAQ4-01",
    "type": "AQ 400\u00a0System\u00a0Packs",
    "specification": "Pack Size: 4 x 45 / 4 x 15 | MRP: 3,130 | CTP: 1,319 | Saarthi: 989 | TP(1-50): 791 | Assorted 50: - | Assorted 100: -"
  },
  {
    "title": "BILIRUBIN DIRECT",
    "product_code": "BIDAQ4-01",
    "type": "AQ 400\u00a0System\u00a0Packs",
    "specification": "Pack Size: 4 x 45 / 4 x 15 | MRP: 3,130 | CTP: 1,319 | Saarthi: 989 | TP(1-50): 791 | Assorted 50: - | Assorted 100: -"
  },
  {
    "title": "CALCIUM (A)",
    "product_code": "CAAAQ4-01",
    "type": "AQ 400\u00a0System\u00a0Packs",
    "specification": "Pack Size: 4 x 20 | MRP: 2,000 | CTP: 844 | Saarthi: 633 | TP(1-50): 506 | Assorted 50: - | Assorted 100: -"
  },
  {
    "title": "CREATININE",
    "product_code": "CERAQ4-01",
    "type": "AQ 400\u00a0System\u00a0Packs",
    "specification": "Pack Size: 4 x 60 / 4 x 15 | MRP: 3,380 | CTP: 1,425 | Saarthi: 1,069 | TP(1-50): 855 | Assorted 50: - | Assorted 100: -"
  },
  {
    "title": "ENZ. CREATININE",
    "product_code": "ECRAQ4-01",
    "type": "AQ 400\u00a0System\u00a0Packs",
    "specification": "Pack Size: 4 x 45 / 4 x 15 | MRP: 15,720 | CTP: 6,240 | Saarthi: 4,680 | TP(1-50): 3,744 | Assorted 50: - | Assorted 100: -"
  },
  {
    "title": "CREATINE KINASE NAC",
    "product_code": "CKNAQ4-01",
    "type": "AQ 400\u00a0System\u00a0Packs",
    "specification": "Pack Size: 4 x 60 / 4 x 15 | MRP: 38,270 | CTP: 16,136 | Saarthi: 12,102 | TP(1-50): 9,682 | Assorted 50: - | Assorted 100: -"
  },
  {
    "title": "CREATINE KINASE MB",
    "product_code": "CKMAQ4-01",
    "type": "AQ 400\u00a0System\u00a0Packs",
    "specification": "Pack Size: 4 x 60 / 4 x 15 | MRP: 89,180 | CTP: 37,600 | Saarthi: 28,200 | TP(1-50): 22,560 | Assorted 50: - | Assorted 100: -"
  },
  {
    "title": "CHOLESTEROL",
    "product_code": "CHOAQ4-01",
    "type": "AQ 400\u00a0System\u00a0Packs",
    "specification": "Pack Size: 6 x 70 | MRP: 9,850 | CTP: 4,153 | Saarthi: 3,115 | TP(1-50): 2,492 | Assorted 50: - | Assorted 100: -"
  },
  {
    "title": "HDL CHOLESTEROL (Direct)",
    "product_code": "HDLAQ4-01",
    "type": "AQ 400\u00a0System\u00a0Packs",
    "specification": "Pack Size: 4 x 45 / 4 x 15 | MRP: 38,980 | CTP: 16,436 | Saarthi: 12,327 | TP(1-50): 9,861 | Assorted 50: - | Assorted 100: -"
  }
]