Segment,Product Code,Name of Instrument,Slab/Qty,Price/Unit (Rs.),FOC Reagents on MRP Rs.,Warranty,Payment Terms
Haematology + SAA Biochemistry Combo Offer,SAACNM-01,CliniQuant Micro (Combi Offer),1,"220,000","10,000/unit on SAA Micro",2 Years,25% Advance & 3 PDCs
Haematology + SAA Biochemistry Combo Offer,HMTCLQ-17,CelQuant Edge (Combi Offer),1,—,2 Sets of Edge Reagents,2 Years,25% Advance & 3 PDCs
Haematology + SAA Biochemistry Combo Offer,SAACNM-01,CliniQuant Micro (Combi Offer),3,"210,000","10,000/unit on SAA Micro",2 Years,25% Advance & 5 PDCs
Haematology + SAA Biochemistry Combo Offer,HMTCLQ-17,CelQuant Edge (Combi Offer),3,—,2 Sets of Edge Reagents,2 Years,25% Advance & 5 PDCs
Haematology + SAA Biochemistry Combo Offer,SAACNM-01,CliniQuant Micro (Combi Offer),5,"200,000","10,000/unit on SAA Micro",2 Years,25% Advance & 5 PDCs
Haematology + SAA Biochemistry Combo Offer,HMTCLQ-17,CelQuant Edge (Combi Offer),5,—,2 Sets of Edge Reagents,2 Years,25% Advance & 5 PDCs