Segment,Product Code,Name of Instrument,Slab/Qty,Price/Unit (Rs.),FOC Reagents on MRP Rs.,Warranty,Payment Terms
SAA Immunology,SAAEIQ-08,EIAQuant (with LED),1,"100,000",2 sets HIV 4th Gen / HBsAg & HCV 3rd Gen or 2 sets TFT kits,2 Years,25% Advance & 3 PDCs
SAA Immunology,SAAEIQ-08,EIAQuant (with LED),3,"95,000",2 sets HIV 4th Gen / HBsAg & HCV 3rd Gen or 2 sets TFT kit per unit,2 Years,25% Advance & 3 PDCs
SAA Immunology,SAAEIQ-08,EIAQuant (with LED),5,"90,000",2 sets HIV 4th Gen / HBsAg & HCV 3rd Gen or 2 sets TFT kit per unit,2 Years,25% Advance & 3 PDCs
SAA Immunology,SAAEIW-03,EIAWash,1,"90,000",No FOC,2 Years,25% Advance & 3 PDCs
SAA Immunology,SAAEIW-03,EIAWash,3,"85,000",No FOC,2 Years,25% Advance & 3 PDCs