Segment,Product Code,Name of Instrument,Slab/Qty,Price/Unit (Rs.),FOC Reagents on MRP Rs.,Warranty,Payment Terms
SAA Biochemistry,SAACNQ-01,CliniQuant,1,"85,000","10,000/unit",2 Years,25% Advance & 3 PDCs
SAA Biochemistry,SAACNM-01,CliniQuant Micro,1,"64,000","10,000/unit",2 Years,25% Advance & 3 PDCs
SAA Biochemistry,SAACNM-01,CliniQuant Micro,3,"61,000","10,000/unit",2 Years,25% Advance & 3 PDCs
SAA Biochemistry,SAACNM-01,CliniQuant Micro,5,"58,000","10,000/unit",2 Years,25% Advance & 3 PDCs
Nephelometry,SAANPQ-02,Proviso,1,"65,000",1 HbA1c & 1 CRP kit,2 Years,25% Advance & 2 PDCs
SAA Biochemistry,SAACNQ-06,CliniQuant Pro,1,"100,000","10,000/unit",2 Years,25% Advance & 3 PDCs
SAA Biochemistry,SAACNQ-06,CliniQuant Pro,3,"95,000","10,000/unit",2 Years,25% Advance & 3 PDCs