[
  {
    "title": "CliniQuant",
    "product_code": "SAACNQ-01",
    "type": "Semi Automated Biochemistry Analyzers",
    "segment": "Biochemistry",
    "slab_qty": "1",
    "price_unit": "85,000",
    "foc_reagents": "10,000/unit",
    "warranty": "2 Years",
    "payment_terms": "25% Advance & 3 PDCs",
    "enriched_description": "CliniQuant is a compact semi-automated biochemistry analyzer for routine clinical chemistry tests. It supports photometric assays, handles common chemistry panels (glucose, urea, creatinine, LFTs), and is suitable for small to medium laboratories requiring reliable throughput with moderate operator interaction.",
    "search_text": "CliniQuant semi automated biochemistry analyzer for routine clinical chemistry tests photometric assays glucose urea creatinine LFTs compact analyzer medium labs warranty 2 years reagents 10000 per unit"
  },
  {
    "title": "CliniQuant Micro",
    "product_code": "SAACNM-01",
    "type": "Semi Automated Biochemistry Analyzers",
    "segment": "Biochemistry",
    "slab_qty": "1",
    "price_unit": "64,000",
    "foc_reagents": "10,000/unit",
    "warranty": "2 Years",
    "payment_terms": "25% Advance & 3 PDCs",
    "enriched_description": "CliniQuant Micro is a compact, space-saving semi-automated biochemistry analyzer designed for low-to-moderate throughput labs and point-of-care settings. It provides accurate photometric measurements for routine chemistry assays, with simple user interface and small footprint.",
    "search_text": "CliniQuant Micro compact semi automated biochemistry analyzer low throughput photometric chemistry analyzer small labs warranty 2 years reagents 10000 per unit"
  },
  {
    "title": "CliniQuant Micro",
    "product_code": "SAACNM-01",
    "type": "Semi Automated Biochemistry Analyzers",
    "segment": "Biochemistry",
    "slab_qty": "3",
    "price_unit": "61,000",
    "foc_reagents": "10,000/unit",
    "warranty": "2 Years",
    "payment_terms": "25% Advance & 3 PDCs",
    "enriched_description": "CliniQuant Micro (3-unit slab pricing) — compact semi-automated analyzer for routine assays; ideal for small labs requiring multiple low-cost units.",
    "search_text": "CliniQuant Micro 3 unit slab semi automated biochemistry analyzer compact routine assays photometric warranty 2 years"
  },
  {
    "title": "CliniQuant Micro",
    "product_code": "SAACNM-01",
    "type": "Semi Automated Biochemistry Analyzers",
    "segment": "Biochemistry",
    "slab_qty": "5",
    "price_unit": "58,000",
    "foc_reagents": "10,000/unit",
    "warranty": "2 Years",
    "payment_terms": "25% Advance & 3 PDCs",
    "enriched_description": "CliniQuant Micro (5-unit slab pricing) — same compact semi-automated analyzer offered in bulk slab for cost-sensitive deployments.",
    "search_text": "CliniQuant Micro 5 unit slab bulk pricing semi automated chemistry analyzer compact routine labs warranty 2 years"
  },
  {
    "title": "Proviso",
    "product_code": "SAANPQ-02",
    "type": "Semi Automated Biochemistry Analyzers",
    "segment": "Biochemistry",
    "slab_qty": "1",
    "price_unit": "65,000",
    "foc_reagents": "1 HbA1c & 1 CRP kit",
    "warranty": "2 Years",
    "payment_terms": "25% Advance & 2 PDCs",
    "enriched_description": "Proviso is a semi-automated biochemistry analyzer with extended reagent starter kits including HbA1c and CRP. Suitable for clinics requiring a chemistry analyzer plus immunoassay starter capability.",
    "search_text": "Proviso semi automated biochemistry analyzer HbA1c CRP starter kits photometric chemistry clinic analyzer warranty 2 years"
  },
  {
    "title": "CliniQuant Pro",
    "product_code": "SAACNQ-06",
    "type": "Semi Automated Biochemistry Analyzers",
    "segment": "Biochemistry",
    "slab_qty": "1",
    "price_unit": "100,000",
    "foc_reagents": "10,000/unit",
    "warranty": "2 Years",
    "payment_terms": "25% Advance & 3 PDCs",
    "enriched_description": "CliniQuant Pro is an upgraded semi-automated analyzer for medium-sized labs offering improved throughput and expanded test menus compared to basic models.",
    "search_text": "CliniQuant Pro semi automated biochemistry analyzer medium labs expanded menu higher throughput warranty 2 years"
  },
  {
    "title": "CliniQuant Pro",
    "product_code": "SAACNQ-06",
    "type": "Semi Automated Biochemistry Analyzers",
    "segment": "Biochemistry",
    "slab_qty": "3",
    "price_unit": "95,000",
    "foc_reagents": "10,000/unit",
    "warranty": "2 Years",
    "payment_terms": "25% Advance & 3 PDCs",
    "enriched_description": "CliniQuant Pro (3-unit slab) — semi-automated analyzer package for medium labs needing multi-system deployment.",
    "search_text": "CliniQuant Pro 3 unit slab semi automated chemistry analyzer medium labs warranty 2 years"
  },
  {
    "title": "CelQuant Edge",
    "product_code": "HMTCLQ-17",
    "type": "3-Part Hematology Analyzer",
    "segment": "Hematology",
    "slab_qty": "1",
    "price_unit": "200,000",
    "foc_reagents": "12 sets of Reagents",
    "warranty": "2 Years",
    "payment_terms": "25% Advance & 3 PDCs",
    "enriched_description": "CelQuant Edge is a 3-part hematology analyzer providing CBC and 3-part WBC differential. Suitable for routine hematology workloads in medium-volume labs.",
    "search_text": "CelQuant Edge 3 part hematology analyzer CBC WBC differential medium labs warranty 2 years 12 sets reagents"
  },
  {
    "title": "CelQuant Edge",
    "product_code": "HMTCLQ-17",
    "type": "3-Part Hematology Analyzer",
    "segment": "Hematology",
    "slab_qty": "1",
    "price_unit": "170,000",
    "foc_reagents": "4 sets of Reagents",
    "warranty": "2 Years",
    "payment_terms": "25% Advance & 3 PDCs",
    "enriched_description": "CelQuant Edge (alternate slab) — same 3-part hematology analyzer with different reagent package.",
    "search_text": "CelQuant Edge 3 part hematology analyzer CBC alternate slab price 4 reagents warranty 2 years"
  },
  {
    "title": "CelQuant 3i",
    "product_code": "HMTCLQ-18",
    "type": "3-Part Hematology Analyzer",
    "segment": "Hematology",
    "slab_qty": "1",
    "price_unit": "235,000",
    "foc_reagents": "2 sets of Reagents",
    "warranty": "2 Years",
    "payment_terms": "25% Advance & 3 PDCs",
    "enriched_description": "CelQuant 3i is a refined 3-part hematology analyzer offering accurate CBC with compact design for medium clinical labs.",
    "search_text": "CelQuant 3i 3 part hematology analyzer CBC compact design clinical labs warranty 2 years"
  },
  {
    "title": "CliniQuant Micro (Combi Offer)",
    "product_code": "SAACNM-01",
    "type": "Semi Automated Biochemistry Analyzers",
    "segment": "Biochemistry",
    "slab_qty": "1",
    "price_unit": "220,000",
    "foc_reagents": "10,000/unit on SAA Micro",
    "warranty": "2 Years",
    "payment_terms": "25% Advance & 3 PDCs",
    "enriched_description": "CliniQuant Micro (Combi Offer) bundles biochemistry capability with promotional pricing for combo configurations. Ideal for labs requiring combined hematology + biochemistry setups.",
    "search_text": "CliniQuant Micro Combi Offer semi automated biochemistry analyzer combo hematology biochemistry bundled pricing"
  },
  {
    "title": "CelQuant Edge (Combi Offer)",
    "product_code": "HMTCLQ-17",
    "type": "3-Part Hematology Analyzer",
    "segment": "Hematology",
    "slab_qty": "1",
    "price_unit": "—",
    "foc_reagents": "2 Sets of Edge Reagents",
    "warranty": "2 Years",
    "payment_terms": "25% Advance & 3 PDCs",
    "enriched_description": "CelQuant Edge Combi Offer provides the standard 3-part hematology analyzer bundled with additional reagent sets for combined laboratory packages.",
    "search_text": "CelQuant Edge Combi Offer 3 part hematology analyzer combo bundle reagents CBC"
  },
  {
    "title": "CliniQuant Micro (Combi Offer)",
    "product_code": "SAACNM-01",
    "type": "Semi Automated Biochemistry Analyzers",
    "segment": "Biochemistry",
    "slab_qty": "3",
    "price_unit": "210,000",
    "foc_reagents": "10,000/unit on SAA Micro",
    "warranty": "2 Years",
    "payment_terms": "25% Advance & 5 PDCs",
    "enriched_description": "CliniQuant Micro (3-unit Combi Offer) provides discounted bulk pricing for labs installing multiple semi-automated chemistry systems as part of a combo package.",
    "search_text": "CliniQuant Micro 3 unit combo offer semi automated chemistry analyzer multi system deployment"
  },
  {
    "title": "CelQuant Edge (Combi Offer)",
    "product_code": "HMTCLQ-17",
    "type": "3-Part Hematology Analyzer",
    "segment": "Hematology",
    "slab_qty": "3",
    "price_unit": "—",
    "foc_reagents": "2 Sets of Edge Reagents",
    "warranty": "2 Years",
    "payment_terms": "25% Advance & 5 PDCs",
    "enriched_description": "CelQuant Edge (3-unit combo slab) provides hematology analyzers with bundled reagent kits suited for midsize lab deployments.",
    "search_text": "CelQuant Edge 3 unit combo slab 3 part hematology analyzer reagent bundle"
  },
  {
    "title": "CliniQuant Micro (Combi Offer)",
    "product_code": "SAACNM-01",
    "type": "Semi Automated Biochemistry Analyzers",
    "segment": "Biochemistry",
    "slab_qty": "5",
    "price_unit": "200,000",
    "foc_reagents": "10,000/unit on SAA Micro",
    "warranty": "2 Years",
    "payment_terms": "25% Advance & 5 PDCs",
    "enriched_description": "CliniQuant Micro (5-unit combo offer) is designed for large lab setups installing multiple semi-automatic biochemistry units.",
    "search_text": "CliniQuant Micro 5 unit combo offer semi automated biochemistry analyzer bulk deployment"
  },
  {
    "title": "CelQuant Edge (Combi Offer)",
    "product_code": "HMTCLQ-17",
    "type": "3-Part Hematology Analyzer",
    "segment": "Hematology",
    "slab_qty": "5",
    "price_unit": "—",
    "foc_reagents": "2 Sets of Edge Reagents",
    "warranty": "2 Years",
    "payment_terms": "25% Advance & 5 PDCs",
    "enriched_description": "CelQuant Edge (5-unit slab combo) targets large laboratories requiring multiple hematology analyzers with reagent bundles.",
    "search_text": "CelQuant Edge 5 unit combo offer 3 part hematology analyzer multiple systems reagent package"
  },
  {
    "title": "EIAQuant (with LED)",
    "product_code": "SAAEIQ-08",
    "type": "ELISA Reader & Washer",
    "segment": "Elisa",
    "slab_qty": "1",
    "price_unit": "100,000",
    "foc_reagents": "2 sets HIV 4th Gen / HBsAg & HCV or 2 TFT kits",
    "warranty": "2 Years",
    "payment_terms": "25% Advance & 3 PDCs",
    "enriched_description": "EIAQuant (LED-based) is an ELISA reader with high-stability optical detection used for HIV, HBsAg, HCV, TFT, and other immunoassay ELISA panels.",
    "search_text": "EIAQuant LED ELISA reader immunoassay analyzer HIV HBsAg HCV TFT optical detection"
  },
  {
    "title": "EIAQuant (with LED)",
    "product_code": "SAAEIQ-08",
    "type": "ELISA Reader & Washer",
    "segment": "Elisa",
    "slab_qty": "3",
    "price_unit": "95,000",
    "foc_reagents": "2 sets HIV 4th Gen / HBsAg & HCV or TFT",
    "warranty": "2 Years",
    "payment_terms": "25% Advance & 3 PDCs",
    "enriched_description": "EIAQuant (3-unit slab) provides discounted multi-unit ELISA reader deployment for diagnostic centers processing moderate to high assay loads.",
    "search_text": "EIAQuant 3 unit slab ELISA reader HIV HBsAg HCV TFT immunoassay analyzer"
  },
  {
    "title": "EIAQuant (with LED)",
    "product_code": "SAAEIQ-08",
    "type": "ELISA Reader & Washer",
    "segment": "Elisa",
    "slab_qty": "5",
    "price_unit": "90,000",
    "foc_reagents": "2 sets HIV 4th Gen / HBsAg & HCV or TFT",
    "warranty": "2 Years",
    "payment_terms": "25% Advance & 3 PDCs",
    "enriched_description": "EIAQuant (5-unit slab) is optimized for large diagnostic chains requiring multi-ELISA-reader setups.",
    "search_text": "EIAQuant 5 unit slab ELISA reader multi system immunoassay analyzer"
  },
  {
    "title": "EIAWash",
    "product_code": "SAAEIW-03",
    "type": "ELISA Reader & Washer",
    "segment": "Elisa",
    "slab_qty": "1",
    "price_unit": "90,000",
    "foc_reagents": "No FOC",
    "warranty": "2 Years",
    "payment_terms": "25% Advance & 3 PDCs",
    "enriched_description": "EIAWash is an ELISA washer unit providing precise wash cycles for microplate assays. Used alongside ELISA readers in immunodiagnostic workflows.",
    "search_text": "EIAWash ELISA washer microplate washing immunodiagnostic analyzer accessory"
  },
  {
    "title": "EIAWash",
    "product_code": "SAAEIW-03",
    "type": "ELISA Reader & Washer",
    "segment": "Elisa",
    "slab_qty": "3",
    "price_unit": "85,000",
    "foc_reagents": "No FOC",
    "warranty": "2 Years",
    "payment_terms": "25% Advance & 3 PDCs",
    "enriched_description": "EIAWash (3-unit slab) suits medium diagnostic centers requiring multiple ELISA wash stations.",
    "search_text": "EIAWash 3 unit ELISA washer multi station immunodiagnostic"
  },
  {
    "title": "AutoQuant 100 Amara",
    "product_code": "FAAAQ1C – 01",
    "type": "Fully Automated Biochemistry Analyzer",
    "segment": "Biochemistry",
    "slab_qty": "1",
    "price_unit": "300,000",
    "foc_reagents": "30,000",
    "warranty": "2 Years",
    "payment_terms": "25% Advance & 3 PDCs",
    "enriched_description": "AutoQuant 100 Amara is a fully automated biochemistry analyzer offering random access, high stability photometric measurement, and efficient throughput for medium-scale laboratories. It supports comprehensive clinical chemistry panels with minimal manual intervention.",
    "search_text": "AutoQuant 100 Amara fully automated biochemistry analyzer random access clinical chemistry high throughput"
  },
  {
    "title": "AutoQuant 200 Excelus",
    "product_code": "FAAAQ2C - 01",
    "type": "Fully Automated Biochemistry Analyzer",
    "segment": "Biochemistry",
    "slab_qty": "1",
    "price_unit": "400,000",
    "foc_reagents": "40,000",
    "warranty": "2 Years",
    "payment_terms": "25% Advance & 4 PDCs",
    "enriched_description": "AutoQuant 200 Excelus is a fully automated biochemistry analyzer designed for medium to large diagnostic laboratories. It delivers robust photometric performance, improved test throughput, and advanced workflow automation.",
    "search_text": "AutoQuant 200 Excelus fully automated biochemistry analyzer medium large labs high throughput photometric"
  },
  {
    "title": "AutoQuant 200 Excelus (V2)",
    "product_code": "FAAAQ2 - 03",
    "type": "Fully Automated Biochemistry Analyzer",
    "segment": "Biochemistry",
    "slab_qty": "1",
    "price_unit": "450,000",
    "foc_reagents": "45,000",
    "warranty": "2 Years",
    "payment_terms": "25% Advance & 4 PDCs",
    "enriched_description": "AutoQuant 200 Excelus (V2) is an upgraded version of the Excelus series offering enhanced automation, better throughput, and extended test menus. Suitable for mid-to-high volume clinical chemistry labs.",
    "search_text": "AutoQuant 200 Excelus V2 fully automated analyzer clinical chemistry enhanced automation"
  },
  {
    "title": "AutoQuant 400 Supremus",
    "product_code": "FAAAQ4 - 01",
    "type": "Fully Automated Biochemistry Analyzer",
    "segment": "Biochemistry",
    "slab_qty": "1",
    "price_unit": "700,000",
    "foc_reagents": "70,000",
    "warranty": "2 Years",
    "payment_terms": "25% Advance & 5 PDCs",
    "enriched_description": "AutoQuant 400 Supremus is a high-throughput, fully automated biochemistry analyzer built for large diagnostics labs. It features advanced automation, high test throughput, and continuous loading capabilities.",
    "search_text": "AutoQuant 400 Supremus high throughput fully automated biochemistry analyzer continuous loading large labs"
  },
  {
    "title": "CelQuant 5 Plus (w/o Autoloader)",
    "product_code": "HMFCLQ-04",
    "type": "5-Part Hematology Analyzer",
    "segment": "Hematology",
    "slab_qty": "1",
    "price_unit": "375,000",
    "foc_reagents": "2 sets of Reagents",
    "warranty": "2 Years",
    "payment_terms": "25% Advance & 4 PDCs",
    "enriched_description": "CelQuant 5 Plus (without Autoloader) is a 5-part hematology analyzer offering detailed WBC differential, advanced flagging, and reliable CBC reporting for medium-volume labs.",
    "search_text": "CelQuant 5 Plus without autoloader 5 part hematology analyzer CBC WBC differential medium volume labs"
  },
  {
    "title": "CelQuant 5 Plus (with Autoloader)",
    "product_code": "HMFCLQ-03",
    "type": "5-Part Hematology Analyzer",
    "segment": "Hematology",
    "slab_qty": "1",
    "price_unit": "550,000",
    "foc_reagents": "3 sets of Reagents",
    "warranty": "2 Years",
    "payment_terms": "25% Advance & 5 PDCs",
    "enriched_description": "CelQuant 5 Plus (with Autoloader) is an advanced 5-part hematology analyzer supporting automated sample loading, high throughput CBC analysis, and sophisticated WBC differential reporting.",
    "search_text": "CelQuant 5 Plus autoloader 5 part hematology analyzer CBC high throughput automated loading"
  },
  {
    "title": "GluQuant A1c",
    "product_code": "HPLGLQ-01",
    "type": "HPLC Analyzer",
    "segment": "HPLC",
    "slab_qty": "1",
    "price_unit": "650,000",
    "foc_reagents": "1 kit of 800 tests",
    "warranty": "2 Years",
    "payment_terms": "25% Advance & 5 PDCs",
    "enriched_description": "GluQuant A1c is an HPLC analyzer specialized for HbA1c testing, delivering high-precision separation and quantification for diabetes monitoring.",
    "search_text": "GluQuant A1c HPLC analyzer HbA1c testing diabetes monitoring high precision"
  },
  {
    "title": "ClotQuant - 2",
    "product_code": "CGCCAQ-01",
    "type": "Coagulation Analyzer",
    "segment": "Coagulation",
    "slab_qty": "1",
    "price_unit": "60,000",
    "foc_reagents": "2 Kits of PT & APTT",
    "warranty": "2 Years",
    "payment_terms": "25% Advance & 3 PDCs",
    "enriched_description": "ClotQuant - 2 is a compact coagulation analyzer supporting PT and APTT assays for routine clotting diagnostics in small-to-medium labs.",
    "search_text": "ClotQuant 2 coagulation analyzer PT APTT routine clotting tests compact diagnostic"
  },
  {
    "title": "ClotQuant - 2",
    "product_code": "CGCCAQ-01",
    "type": "Coagulation Analyzer",
    "segment": "Coagulation",
    "slab_qty": "3",
    "price_unit": "57,000",
    "foc_reagents": "2 Kits of PT & APTT",
    "warranty": "2 Years",
    "payment_terms": "25% Advance & 3 PDCs",
    "enriched_description": "ClotQuant - 2 (3-unit slab) enables multi-station coagulation testing setups in mid-sized labs.",
    "search_text": "ClotQuant 2 3 unit slab coagulation analyzer PT APTT multi-station"
  },
  {
    "title": "ClotQuant - 4",
    "product_code": "CGCCAQ-02",
    "type": "Coagulation Analyzer",
    "segment": "Coagulation",
    "slab_qty": "1",
    "price_unit": "80,000",
    "foc_reagents": "2 Kits of PT & APTT",
    "warranty": "2 Years",
    "payment_terms": "25% Advance & 3 PDCs",
    "enriched_description": "ClotQuant - 4 is a 4-channel coagulation analyzer supporting PT, APTT, and advanced clotting assays. Ideal for higher-capacity diagnostic labs.",
    "search_text": "ClotQuant 4 coagulation analyzer PT APTT multi channel higher capacity"
  },
  {
    "title": "Quantilyte",
    "product_code": "KEYQLT-01",
    "type": "Electrolyte Analyzer",
    "segment": "Electrolyte",
    "slab_qty": "1",
    "price_unit": "95,000",
    "foc_reagents": "2 sets of Reagents",
    "warranty": "2 Years",
    "payment_terms": "25% Advance & 3 PDCs",
    "enriched_description": "Quantilyte is an electrolyte analyzer measuring Na⁺, K⁺, Cl⁻, and related parameters using ion-selective electrode (ISE) technology. Suitable for hospitals and diagnostics centers.",
    "search_text": "Quantilyte electrolyte analyzer ISE sodium potassium chloride hospital diagnostic"
  },
  {
    "title": "FloQuant",
    "product_code": "SAAFIA-02",
    "type": "Immunofluorescence Analyzer",
    "segment": "Immunofluorescence",
    "slab_qty": "1",
    "price_unit": "75,000",
    "foc_reagents": "Kits worth up to Rs 10,000 on TP",
    "warranty": "2 Years",
    "payment_terms": "25% Advance & 3 PDCs",
    "enriched_description": "FloQuant is an immunofluorescence analyzer capable of performing rapid diagnostic tests including cardiac markers, thyroid markers, CRP, and fertility assays using fluorescent detection.",
    "search_text": "FloQuant immunofluorescence analyzer rapid tests CRP thyroid cardiac fertility fluorescent detection"
  }
]