{
  "source_file": "GEM_2025_B_6696861.pdf",
  "num_pages": 9,
  "pages": [
    {
      "page_number": 1,
      "used_ocr": false,
      "cleaned_text": "/Bid Number: GEM/2025/B/6696861 /Dated: 06-10-2025 / Bid Document //Bid Details // /Bid End Date/Time 28-10-2025 18:00:00 // /Bid Opening 28-10-2025 18:30:00 Date/Time (( ))/Bid Offer 180 (Days) Validity (From End Date) // /Ministry/State Name Uttar Pradesh /Department Name Medical Education Department Uttar Pradesh /Organisation Name Directorate Of Medical Education And Training /Office Name Director General Medical Education /Total Quantity 4 /Item Category Manikin for First Aid, Bandaging, Splinting & Bandage (Q3) ((33 )) /Minimum Average Annual Turnover of the 28 Lakh (s) bidder (For 3 Years) (( 33 114 Lakh (s) ))/OEM Average Turnover (Last 3 Years) // /Years of Past Experience Required for 3 Year (s) same/similar service /MSE Exemption for Years of No Experience and Turnover /Startup Exemption for Years of No Experience and Turnover Experience Criteria,Past Performance,Bidder Turnover,Certificate (Requested in ATC),OEM Authorization Certificate,OEM Annual Turnover,Additional Doc 1 /Document required (Requested in ATC),Additional Doc 2 (Requested in ATC) from seller *In case any bidder is seeking exemption from Experience / Turnover Criteria, the supporting documents to prove his eligibility for exemption must be uploaded for evaluation by the buyer 1 / 9",
      "lines": [
        "/Bid Number: GEM/2025/B/6696861 /Dated: 06-10-2025 / Bid Document //Bid Details // /Bid End Date/Time 28-10-2025 18:00:00 // /Bid Opening 28-10-2025 18:30:00 Date/Time (( ))/Bid Offer 180 (Days) Validity (From End Date) // /Ministry/State Name Uttar Pradesh /Department Name Medical Education Department Uttar Pradesh /Organisation Name Directorate Of Medical Education And Training /Office Name Director General Medical Education /Total Quantity 4 /Item Category Manikin for First Aid, Bandaging, Splinting & Bandage (Q3) ((33 )) /Minimum Average Annual Turnover of the 28 Lakh (s) bidder (For 3 Years) (( 33 114 Lakh (s) ))/OEM Average Turnover (Last 3 Years) // /Years of Past Experience Required for 3 Year (s) same/similar service /MSE Exemption for Years of No Experience and Turnover /Startup Exemption for Years of No Experience and Turnover Experience Criteria,Past Performance,Bidder Turnover,Certificate (Requested in ATC),OEM Authorization Certificate,OEM Annual Turnover,Additional Doc 1 /Document required (Requested in ATC),Additional Doc 2 (Requested in ATC) from seller *In case any bidder is seeking exemption from Experience / Turnover Criteria, the supporting documents to prove his eligibility for exemption must be uploaded for evaluation by the buyer 1 / 9"
      ],
      "tables": [
        [
          [
            "//Bid Details",
            ""
          ],
          [
            "// /Bid End Date/Time",
            "28-10-2025 18:00:00"
          ],
          [
            "// /Bid Opening Date/Time",
            "28-10-2025 18:30:00"
          ],
          [
            "(( ))/Bid Offer Validity (From End Date)",
            "180 (Days)"
          ],
          [
            "// /Ministry/State Name",
            "Uttar Pradesh"
          ],
          [
            "/Department Name",
            "Medical Education Department Uttar Pradesh"
          ],
          [
            "/Organisation Name",
            "Directorate Of Medical Education And Training"
          ],
          [
            "/Office Name",
            "Director General Medical Education"
          ],
          [
            "/Total Quantity",
            "4"
          ],
          [
            "/Item Category",
            "Manikin for First Aid, Bandaging, Splinting & Bandage (Q3)"
          ],
          [
            "((33 )) /Minimum Average Annual Turnover of the bidder (For 3 Years)",
            "28 Lakh (s)"
          ],
          [
            "(( 33 ))/OEM Average Turnover (Last 3 Years)",
            "114 Lakh (s)"
          ],
          [
            "// /Years of Past Experience Required for same/similar service",
            "3 Year (s)"
          ],
          [
            "/MSE Exemption for Years of Experience and Turnover",
            "No"
          ],
          [
            "/Startup Exemption for Years of Experience and Turnover",
            "No"
          ],
          [
            "/Document required from seller",
            "Experience Criteria,Past Performance,Bidder Turnover,Certificate (Requested in ATC),OEM Authorization Certificate,OEM Annual Turnover,Additional Doc 1 (Requested in ATC),Additional Doc 2 (Requested in ATC) *In case any bidder is seeking exemption from Experience / Turnover Criteria, the supporting documents to prove his eligibility for exemption must be uploaded for evaluation by the buyer"
          ],
          [
            "",
            ""
          ]
        ]
      ]
    },
    {
      "page_number": 2,
      "used_ocr": false,
      "cleaned_text": "//Bid Details Yes (Documents submitted as part of a clarification or representation during the tender/bid process will also be ?? /Do you want to show displayed to other participated bidders after log in) documents uploaded by bidders to all bidders participated in bid? / Minimum number of 1 bids required to disable automatic bid extension ,, -- // Number of days for which Bid 10 would be auto--extended // 1 Number of Auto Extension count /Past Performance 80 % /Bid to RA enabled Yes /RA Qualification Rule 50% Lowest Priced Technically Qualified Bidders /Type of Bid Two Packet Bid /Time allowed for Technical 2 Days Clarifications during technical evaluation ( / )/Inspection Required (By No Empanelled Inspection Authority / Agencies pre-registered with GeM) /Estimated Bid Value 5762770 Payments shall be made to the Seller within 45 days of issue of consignee receipt-cum-acceptance certificate Payment Timelines (CRAC) and on-line submission of bills (This is in supersession of 10 days time as provided in clause 12 of GeM GTC) /Evaluation Method Total value wise evaluation /Arbitration Clause No /Mediation Clause No /EMD Detail /Advisory Bank PUNJAB NATIONAL BANK /EMD Amount 57627 /ePBG Detail 2 / 9",
      "lines": [
        "//Bid Details Yes (Documents submitted as part of a clarification or representation during the tender/bid process will also be ?? /Do you want to show displayed to other participated bidders after log in) documents uploaded by bidders to all bidders participated in bid? / Minimum number of 1 bids required to disable automatic bid extension ,, -- // Number of days for which Bid 10 would be auto--extended // 1 Number of Auto Extension count /Past Performance 80 % /Bid to RA enabled Yes /RA Qualification Rule 50% Lowest Priced Technically Qualified Bidders /Type of Bid Two Packet Bid /Time allowed for Technical 2 Days Clarifications during technical evaluation ( / )/Inspection Required (By No Empanelled Inspection Authority / Agencies pre-registered with GeM) /Estimated Bid Value 5762770 Payments shall be made to the Seller within 45 days of issue of consignee receipt-cum-acceptance certificate Payment Timelines (CRAC) and on-line submission of bills (This is in supersession of 10 days time as provided in clause 12 of GeM GTC) /Evaluation Method Total value wise evaluation /Arbitration Clause No /Mediation Clause No /EMD Detail /Advisory Bank PUNJAB NATIONAL BANK /EMD Amount 57627 /ePBG Detail 2 / 9"
      ],
      "tables": [
        [
          [
            "",
            ""
          ],
          [
            "//Bid Details",
            ""
          ],
          [
            "?? /Do you want to show documents uploaded by bidders to all bidders participated in bid?",
            "Yes (Documents submitted as part of a clarification or representation during the tender/bid process will also be displayed to other participated bidders after log in)"
          ],
          [
            "/ Minimum number of bids required to disable automatic bid extension",
            "1"
          ],
          [
            ",, -- // Number of days for which Bid would be auto--extended",
            "10"
          ],
          [
            "// Number of Auto Extension count",
            "1"
          ],
          [
            "/Past Performance",
            "80 %"
          ],
          [
            "/Bid to RA enabled",
            "Yes"
          ],
          [
            "/RA Qualification Rule",
            "50% Lowest Priced Technically Qualified Bidders"
          ],
          [
            "/Type of Bid",
            "Two Packet Bid"
          ],
          [
            "/Time allowed for Technical Clarifications during technical evaluation",
            "2 Days"
          ],
          [
            "( / )/Inspection Required (By Empanelled Inspection Authority / Agencies pre-registered with GeM)",
            "No"
          ],
          [
            "/Estimated Bid Value",
            "5762770"
          ],
          [
            "Payment Timelines",
            "Payments shall be made to the Seller within 45 days of issue of consignee receipt-cum-acceptance certificate (CRAC) and on-line submission of bills (This is in supersession of 10 days time as provided in clause 12 of GeM GTC)"
          ],
          [
            "/Evaluation Method",
            "Total value wise evaluation"
          ],
          [
            "/Arbitration Clause",
            "No"
          ],
          [
            "/Mediation Clause",
            "No"
          ]
        ],
        [
          [
            "/Advisory Bank",
            "PUNJAB NATIONAL BANK"
          ],
          [
            "/EMD Amount",
            "57627"
          ]
        ]
      ]
    },
    {
      "page_number": 3,
      "used_ocr": false,
      "cleaned_text": "/Advisory Bank PUNJAB NATIONAL BANK (%)/ePBG Percentage(%) 5.00 () /Duration of ePBG 62 required (Months). (a). /EMD EXEMPTION: The bidder seeking EMD exemption, must submit the valid supporting document for the relevant category as per GeM GTC with the bid. Under MSE category, only manufacturers for goods and Service Providers for Services are eligible for exemption from EMD. Traders are excluded from the purview of this Policy. (b). , , / EMD & Performance securityshould be in favour of Beneficiary, wherever it is applicable. /Beneficiary : Principal Principal Autonomous State Medical College Kushinagar U.P (Dr. Rakesh Kumar Shahi) / Bid splitting not applied. /MSE Purchase Preference /MSE Purchase Preference No /MII Purchase Preference /MII Purchase Preference No 1. The minimum average annual financial turnover of the bidder during the last three years, ending on 31st March of the previous financial year, should be as indicated above in the bid document. Documentary evidence in the form of certified Audited Balance Sheets of relevant periods or a certificate from the Chartered Accountant / Cost Accountant indicating the turnover details for the relevant period shall be uploaded with the bid. In case the date of constitution / incorporation of the bidder is less than 3-year-old, the average turnover in respect of the completed financial years after the date of constitution shall be taken into account for this criteria. 2. Experience Criteria: In respect of the filter applied for experience criteria, the Bidder or its OEM of the product offered in the bid {themselves or through reseller(s)} should have regularly, manufactured and supplied same or similar Category Products to any Central / State Govt Organization / PSU for number of Financial years as indicated above in the bid document before the bid opening date. Copies of relevant contracts and delivery acceptance certificates like CRAC to be submitted along with bid in support of having supplied some quantity during each of the Financial year. In case of bunch bids, the category of primary product having highest value should meet this criterion. 3. OEM Turn Over Criteria: The minimum average annual financial turnover of the OEM of the offered product during the last three years, ending on 31st March of the previous financial year, should be as indicated in the bid document. Documentary evidence in the form of certified Audited Balance Sheets of relevant periods or a certificate from the Chartered Accountant / Cost Accountant indicating the turnover details for the relevant period shall be uploaded with the bid. In case the date of constitution / incorporation of the OEM is less than 3 year old, the average turnover in respect of the completed financial years after the date of constitution shall be taken into account for this criteria. 4. Estimated Bid Value indicated above is being declared solely for the purpose of guidance on EMD amount and for determining the Eligibility Criteria related to Turn Over, Past Performance and Project / Past Experience etc. 3 / 9",
      "lines": [
        "/Advisory Bank PUNJAB NATIONAL BANK (%)/ePBG Percentage(%) 5.00 () /Duration of ePBG 62 required (Months). (a). /EMD EXEMPTION: The bidder seeking EMD exemption, must submit the valid supporting document for the relevant category as per GeM GTC with the bid. Under MSE category, only manufacturers for goods and Service Providers for Services are eligible for exemption from EMD. Traders are excluded from the purview of this Policy. (b). , , / EMD & Performance securityshould be in favour of Beneficiary, wherever it is applicable. /Beneficiary : Principal Principal Autonomous State Medical College Kushinagar U.P (Dr. Rakesh Kumar Shahi) / Bid splitting not applied. /MSE Purchase Preference /MSE Purchase Preference No /MII Purchase Preference /MII Purchase Preference No 1. The minimum average annual financial turnover of the bidder during the last three years, ending on 31st March of the previous financial year, should be as indicated above in the bid document. Documentary evidence in the form of certified Audited Balance Sheets of relevant periods or a certificate from the Chartered Accountant / Cost Accountant indicating the turnover details for the relevant period shall be uploaded with the bid. In case the date of constitution / incorporation of the bidder is less than 3-year-old, the average turnover in respect of the completed financial years after the date of constitution shall be taken into account for this criteria. 2. Experience Criteria: In respect of the filter applied for experience criteria, the Bidder or its OEM of the product offered in the bid {themselves or through reseller(s)} should have regularly, manufactured and supplied same or similar Category Products to any Central / State Govt Organization / PSU for number of Financial years as indicated above in the bid document before the bid opening date. Copies of relevant contracts and delivery acceptance certificates like CRAC to be submitted along with bid in support of having supplied some quantity during each of the Financial year. In case of bunch bids, the category of primary product having highest value should meet this criterion. 3. OEM Turn Over Criteria: The minimum average annual financial turnover of the OEM of the offered product during the last three years, ending on 31st March of the previous financial year, should be as indicated in the bid document. Documentary evidence in the form of certified Audited Balance Sheets of relevant periods or a certificate from the Chartered Accountant / Cost Accountant indicating the turnover details for the relevant period shall be uploaded with the bid. In case the date of constitution / incorporation of the OEM is less than 3 year old, the average turnover in respect of the completed financial years after the date of constitution shall be taken into account for this criteria. 4. Estimated Bid Value indicated above is being declared solely for the purpose of guidance on EMD amount and for determining the Eligibility Criteria related to Turn Over, Past Performance and Project / Past Experience etc. 3 / 9"
      ],
      "tables": [
        [
          [
            "/Advisory Bank",
            "PUNJAB NATIONAL BANK"
          ],
          [
            "(%)/ePBG Percentage(%)",
            "5.00"
          ],
          [
            "() /Duration of ePBG required (Months).",
            "62"
          ]
        ],
        [
          [
            "/MSE Purchase Preference",
            "No"
          ]
        ],
        [
          [
            "/MII Purchase Preference",
            "No"
          ]
        ]
      ]
    },
    {
      "page_number": 4,
      "used_ocr": false,
      "cleaned_text": "This has no relevance or bearing on the price to be quoted by the bidders and is also not going to have any impact on bid participation. Also this is not going to be used as a criteria in determining reasonableness of quoted prices which would be determined by the buyer based on its own assessment of reasonableness and based on competitive prices received in Bid / RA process. 5. Past Performance: The Bidder or its OEM {themselves or through re-seller(s)} should have supplied same or similar Category Products for 80% of bid quantity, in at least one of the last three Financial years before the bid opening date to any Central / State Govt Organization / PSU. Copies of relevant contracts (proving supply of cumulative order quantity in any one financial year) to be submitted along with bid in support of quantity supplied in the relevant Financial year. In case of bunch bids, the category related to primary product having highest bid value should meet this criterion. 6. Reverse Auction would be conducted amongst first 50% of the technically qualified bidders arranged in the order of prices from lowest to highest. Number of sellers eligible for participating in RA would be rounded off to next higher integer value if number of technically qualified bidders is odd (e.g. if 7 bids are technically qualified, then RA will be conducted amongst L-1 to L-4). In case number of technically qualified bidders are 2 or 3, RA will be between all without any elimination. If Buyer has chosen to split the bid amongst N sellers, then minimum N sellers would be taken to RA round. In case Primary products of only one OEM are left in contention for participation in RA based on lowest 50% bidders qualifying for RA, the number of sellers qualifying for RA would be increased to get at least products of one more OEM (directly participated or through its reseller) if available. Further, if bid(s) of any seller(s) eligible for MSE preference is / are coming within price band of 15% of Non MSE L-1 or if bid of any seller(s) eligible for Make in India preference is / are coming within price band of 20% of non MII L-1, then such MSE / Make in India seller shall also be allowed to participate in the RA process. Manikin For First Aid, Bandaging, Splinting & Bandage ( 4 pieces ) /Technical Specifications * / As per GeM Category Specification /Specification /Bid Requirement /Specification Name (Allowed Values) PRODUCT Types of Injuries Simulated Closed fractures of the Radius, Ulna, Tibia, and Fibula, INFORMATION Compound Fractures of the thigh and other limbs, Projectile Wounds (entry and exit), Burns, and Lacerations, Abdominal Thrust with exposed Viscera and Impaled objects, Sucking Chest Wounds and Head Wounds for Bandaging WARRANTY Warranty in years (Option 5 Or higher (year) of comprehensive warranty is available through bidding only, which if opted will supersede normal warranty in the catalogue) Additional Specification Parameters - Manikin For First Aid, Bandaging, Splinting & Bandage ( 4 pieces ) Specification Parameter Bid Requirement (Allowed Values) Name Comprehensive Maintenance 5 Year Duration (Post Warranty) * Bidders offering must also comply with the additional specification parameters mentioned above. 4 / 9",
      "lines": [
        "This has no relevance or bearing on the price to be quoted by the bidders and is also not going to have any impact on bid participation. Also this is not going to be used as a criteria in determining reasonableness of quoted prices which would be determined by the buyer based on its own assessment of reasonableness and based on competitive prices received in Bid / RA process. 5. Past Performance: The Bidder or its OEM {themselves or through re-seller(s)} should have supplied same or similar Category Products for 80% of bid quantity, in at least one of the last three Financial years before the bid opening date to any Central / State Govt Organization / PSU. Copies of relevant contracts (proving supply of cumulative order quantity in any one financial year) to be submitted along with bid in support of quantity supplied in the relevant Financial year. In case of bunch bids, the category related to primary product having highest bid value should meet this criterion. 6. Reverse Auction would be conducted amongst first 50% of the technically qualified bidders arranged in the order of prices from lowest to highest. Number of sellers eligible for participating in RA would be rounded off to next higher integer value if number of technically qualified bidders is odd (e.g. if 7 bids are technically qualified, then RA will be conducted amongst L-1 to L-4). In case number of technically qualified bidders are 2 or 3, RA will be between all without any elimination. If Buyer has chosen to split the bid amongst N sellers, then minimum N sellers would be taken to RA round. In case Primary products of only one OEM are left in contention for participation in RA based on lowest 50% bidders qualifying for RA, the number of sellers qualifying for RA would be increased to get at least products of one more OEM (directly participated or through its reseller) if available. Further, if bid(s) of any seller(s) eligible for MSE preference is / are coming within price band of 15% of Non MSE L-1 or if bid of any seller(s) eligible for Make in India preference is / are coming within price band of 20% of non MII L-1, then such MSE / Make in India seller shall also be allowed to participate in the RA process. Manikin For First Aid, Bandaging, Splinting & Bandage ( 4 pieces ) /Technical Specifications * / As per GeM Category Specification /Specification /Bid Requirement /Specification Name (Allowed Values) PRODUCT Types of Injuries Simulated Closed fractures of the Radius, Ulna, Tibia, and Fibula, INFORMATION Compound Fractures of the thigh and other limbs, Projectile Wounds (entry and exit), Burns, and Lacerations, Abdominal Thrust with exposed Viscera and Impaled objects, Sucking Chest Wounds and Head Wounds for Bandaging WARRANTY Warranty in years (Option 5 Or higher (year) of comprehensive warranty is available through bidding only, which if opted will supersede normal warranty in the catalogue) Additional Specification Parameters - Manikin For First Aid, Bandaging, Splinting & Bandage ( 4 pieces ) Specification Parameter Bid Requirement (Allowed Values) Name Comprehensive Maintenance 5 Year Duration (Post Warranty) * Bidders offering must also comply with the additional specification parameters mentioned above. 4 / 9"
      ],
      "tables": [
        [
          [
            "/Specification",
            "/Specification Name",
            "/Bid Requirement (Allowed Values)"
          ],
          [
            "PRODUCT INFORMATION",
            "Types of Injuries Simulated",
            "Closed fractures of the Radius, Ulna, Tibia, and Fibula, Compound Fractures of the thigh and other limbs, Projectile Wounds (entry and exit), Burns, and Lacerations, Abdominal Thrust with exposed Viscera and Impaled objects, Sucking Chest Wounds and Head Wounds for Bandaging"
          ],
          [
            "WARRANTY",
            "Warranty in years (Option of comprehensive warranty is available through bidding only, which if opted will supersede normal warranty in the catalogue)",
            "5 Or higher (year)"
          ]
        ],
        [
          [
            "Specification Parameter Name",
            "Bid Requirement (Allowed Values)"
          ],
          [
            "Comprehensive Maintenance Duration (Post Warranty)",
            "5 Year"
          ]
        ]
      ]
    },
    {
      "page_number": 5,
      "used_ocr": false,
      "cleaned_text": "// /Consignees/Reporting Officer and Quantity // ..../S.N /Delivery o. /Consignee /Address /Quantity Days Reporting/Officer 274304,AUTONOMOUS STATE 1 Purab Kalyan Modak MEDICAL COLLEGE 4 15 KUSHINAGAR Special terms and conditions-Version:1 effective from 24-10-2024 for category Manikin for First Aid, Bandaging, Splinting & Bandage 1. 1. All Provisions of Drugs and Cosmetics Act, 1940 and Rules (including Medical Device Rule 2017) made there under as amended till date will always be applicable. This will include all notifications issued by Central Drugs Standard Control Organization (CDSCO), Ministry of Health & Family Welfare (MoHFW) and Department of Pharmaceuticals (DOP), Ministry of Chemicals & Fertilizers time to time in this regard, if applicable. 2. The sellers are registered on GeM based on self declaration of valid Medical Device License, product certification, test reports etc. However, buyers must check and validate the details at their end for all applicable licenses and certifications e.g., validity and authenticity/genuineness of Medical Device license, product certification, manufacturer certification/licenses, test reports etc., if applicable. 3. In case of authorized resellers/distributors, it will be the legal & regulatory liability of the manufacturer to ensure that their resellers/distributors are operating in compliance with all relevant laws and regulations and are properly licensed to sell the manufacturer's products, including verifying the validity and authenticity of Medical Device license held by them. 4. The price offered by the seller/bidder shall not, in any case exceed the DPCO/NPPA controlled price or price fixed by State Government, if any. The seller must reduce the prices if there is any reduction in DPCO/NPPA ceiling price or price fixed by State Government, if any. 5. Any other Terms and Conditions which is not included or at variance with the conditions specified in STC/GTC, may be added by the buyer through Additional Terms and Conditions (ATC) in the bid to ensure items are procured from authentic/validated source with appropriate and applicable quality. The above terms and conditions are in reverse order of precedence i.e. ATC shall supersede specific STC which shall supersede General Terms and Conditions (GTC), whenever there are any conflicting provisions. /Buyer Added Bid Specific Terms and Conditions 1. Generic OPTION CLAUSE: The Purchaser reserves the right to increase or decrease the quantity to be ordered up to 25 percent of bid quantity at the time of placement of contract. The purchaser also reserves the right to increase the ordered quantity up to 25% of the contracted quantity during the currency of the contract at the contracted rates. The delivery period of quantity shall commence from the last date of original delivery order and in cases where option clause is exercised during the extended delivery period the additional time shall commence from the last date of extended delivery period. The additional delivery time shall be (Increased quantity ÷ Original quantity) × Original delivery period (in days), subject to minimum of 30 days. If the original delivery period is less than 30 days, the additional time equals the original delivery period. The Purchaser may extend this calculated delivery duration up to the original delivery period while exercising the option clause. Bidders must comply with these terms. 2. Generic Bidder financial standing: The bidder should not be under liquidation, court receivership or similar proceedings, should not be bankrupt. Bidder to upload undertaking to this effect with bid. 3. OEM 5 / 9",
      "lines": [
        "// /Consignees/Reporting Officer and Quantity // ..../S.N /Delivery o. /Consignee /Address /Quantity Days Reporting/Officer 274304,AUTONOMOUS STATE 1 Purab Kalyan Modak MEDICAL COLLEGE 4 15 KUSHINAGAR Special terms and conditions-Version:1 effective from 24-10-2024 for category Manikin for First Aid, Bandaging, Splinting & Bandage 1. 1. All Provisions of Drugs and Cosmetics Act, 1940 and Rules (including Medical Device Rule 2017) made there under as amended till date will always be applicable. This will include all notifications issued by Central Drugs Standard Control Organization (CDSCO), Ministry of Health & Family Welfare (MoHFW) and Department of Pharmaceuticals (DOP), Ministry of Chemicals & Fertilizers time to time in this regard, if applicable. 2. The sellers are registered on GeM based on self declaration of valid Medical Device License, product certification, test reports etc. However, buyers must check and validate the details at their end for all applicable licenses and certifications e.g., validity and authenticity/genuineness of Medical Device license, product certification, manufacturer certification/licenses, test reports etc., if applicable. 3. In case of authorized resellers/distributors, it will be the legal & regulatory liability of the manufacturer to ensure that their resellers/distributors are operating in compliance with all relevant laws and regulations and are properly licensed to sell the manufacturer's products, including verifying the validity and authenticity of Medical Device license held by them. 4. The price offered by the seller/bidder shall not, in any case exceed the DPCO/NPPA controlled price or price fixed by State Government, if any. The seller must reduce the prices if there is any reduction in DPCO/NPPA ceiling price or price fixed by State Government, if any. 5. Any other Terms and Conditions which is not included or at variance with the conditions specified in STC/GTC, may be added by the buyer through Additional Terms and Conditions (ATC) in the bid to ensure items are procured from authentic/validated source with appropriate and applicable quality. The above terms and conditions are in reverse order of precedence i.e. ATC shall supersede specific STC which shall supersede General Terms and Conditions (GTC), whenever there are any conflicting provisions. /Buyer Added Bid Specific Terms and Conditions 1. Generic OPTION CLAUSE: The Purchaser reserves the right to increase or decrease the quantity to be ordered up to 25 percent of bid quantity at the time of placement of contract. The purchaser also reserves the right to increase the ordered quantity up to 25% of the contracted quantity during the currency of the contract at the contracted rates. The delivery period of quantity shall commence from the last date of original delivery order and in cases where option clause is exercised during the extended delivery period the additional time shall commence from the last date of extended delivery period. The additional delivery time shall be (Increased quantity ÷ Original quantity) × Original delivery period (in days), subject to minimum of 30 days. If the original delivery period is less than 30 days, the additional time equals the original delivery period. The Purchaser may extend this calculated delivery duration up to the original delivery period while exercising the option clause. Bidders must comply with these terms. 2. Generic Bidder financial standing: The bidder should not be under liquidation, court receivership or similar proceedings, should not be bankrupt. Bidder to upload undertaking to this effect with bid. 3. OEM 5 / 9"
      ],
      "tables": [
        [
          [
            "..../S.N o.",
            "// /Consignee Reporting/Officer",
            "/Address",
            "/Quantity",
            "/Delivery Days"
          ],
          [
            "1",
            "Purab Kalyan Modak",
            "274304,AUTONOMOUS STATE MEDICAL COLLEGE KUSHINAGAR",
            "4",
            "15"
          ]
        ]
      ]
    },
    {
      "page_number": 6,
      "used_ocr": false,
      "cleaned_text": "IMPORTED PRODUCTS: In case of imported products, OEM or Authorized Seller of OEM should have a registered office in India to provide after sales service support in India. The certificate to this effect should be submitted. 4. Forms of EMD and PBG Bidders can also submit the EMD with Account Payee Demand Draft in favour of Dr. rakesh kumar shahi payable at Principal Autonomous State Medical College Kushinagar U.P . Bidder has to upload scanned copy / proof of the DD along with bid and has to ensure delivery of hardcopy to the Buyer within 5 days of Bid End date / Bid Opening date. 5. Forms of EMD and PBG Bidders can also submit the EMD with Banker’s Cheque in favour of Dr. rakesh kumar shahi Account No. - 4778002100001442 , Ifsc code : UNB0477800 , Punjab National Ban k payable at Principal Autonomous State Medical College Kushinagar U.P . Bidder has to upload scanned copy / proof of the BC along with bid and has to ensure delivery of hardcopy to the Buyer within 5 days of Bid End date / Bid Opening date. 6. Scope of Supply Scope of supply (Bid price to include all cost components) : Only supply of Goods 7. Certificates ISO 9001: The bidder or the OEM of the offered products must have ISO 9001 certification. 8. Buyer Added Bid Specific ATC Buyer Added text based ATC clauses Buyer Added text based ATC clauses 1. Non-Conviction/Blacklist certificate on Rs. 100/- stamp paper duly notarized and affidavit regarding lowe st quoted rates in India in any government / Semi Govt./Autonomous. organization etc. 2. If any GeM Golden parameter specifications superseded the same will be mentioned in the ATC attache d specifications (superseded parameters only considered) 3.EMD is exempted for MSME based in Uttar Pradesh State registered under NSIC or IDR ACT or District Ind ustries center (ATTACHED VALID CERTIFICATE FOR PROOF). The MSME of other states has to deposit the E MD and Performance BG. Other State`s MSME/New firm bidder should deposit the EMD. 4. Past Project Experience : The Bidder / OEM {themselves or through reseller(s)}, should have executed p roject for supply and installation / commissioning of same or similar Category Products during preceding 3 financial years (i.e. current year and three previous financial years) as on opening of bid, as per following c riteria: (i) Single order of at least 80% of estimated bid value; or (ii) Two orders of at least 50% each of estimated bid value; or (iii) Three orders of at least 40% each of esti mated bid value. . 9. Turnover 6 / 9",
      "lines": [
        "IMPORTED PRODUCTS: In case of imported products, OEM or Authorized Seller of OEM should have a registered office in India to provide after sales service support in India. The certificate to this effect should be submitted. 4. Forms of EMD and PBG Bidders can also submit the EMD with Account Payee Demand Draft in favour of Dr. rakesh kumar shahi payable at Principal Autonomous State Medical College Kushinagar U.P . Bidder has to upload scanned copy / proof of the DD along with bid and has to ensure delivery of hardcopy to the Buyer within 5 days of Bid End date / Bid Opening date. 5. Forms of EMD and PBG Bidders can also submit the EMD with Banker’s Cheque in favour of Dr. rakesh kumar shahi Account No. - 4778002100001442 , Ifsc code : UNB0477800 , Punjab National Ban k payable at Principal Autonomous State Medical College Kushinagar U.P . Bidder has to upload scanned copy / proof of the BC along with bid and has to ensure delivery of hardcopy to the Buyer within 5 days of Bid End date / Bid Opening date. 6. Scope of Supply Scope of supply (Bid price to include all cost components) : Only supply of Goods 7. Certificates ISO 9001: The bidder or the OEM of the offered products must have ISO 9001 certification. 8. Buyer Added Bid Specific ATC Buyer Added text based ATC clauses Buyer Added text based ATC clauses 1. Non-Conviction/Blacklist certificate on Rs. 100/- stamp paper duly notarized and affidavit regarding lowe st quoted rates in India in any government / Semi Govt./Autonomous. organization etc. 2. If any GeM Golden parameter specifications superseded the same will be mentioned in the ATC attache d specifications (superseded parameters only considered) 3.EMD is exempted for MSME based in Uttar Pradesh State registered under NSIC or IDR ACT or District Ind ustries center (ATTACHED VALID CERTIFICATE FOR PROOF). The MSME of other states has to deposit the E MD and Performance BG. Other State`s MSME/New firm bidder should deposit the EMD. 4. Past Project Experience : The Bidder / OEM {themselves or through reseller(s)}, should have executed p roject for supply and installation / commissioning of same or similar Category Products during preceding 3 financial years (i.e. current year and three previous financial years) as on opening of bid, as per following c riteria: (i) Single order of at least 80% of estimated bid value; or (ii) Two orders of at least 50% each of estimated bid value; or (iii) Three orders of at least 40% each of esti mated bid value. . 9. Turnover 6 / 9"
      ],
      "tables": []
    },
    {
      "page_number": 7,
      "used_ocr": false,
      "cleaned_text": "Bidder Turn Over Criteria: The minimum average annual financial turnover of the bidder during the last three years, ending on 31st March of the previous financial year, should be as indicated in the bid document. Documentary evidence in the form of certified Audited Balance Sheets of relevant periods or a certificate from the Chartered Accountant / Cost Accountant indicating the turnover details for the relevant period shall be uploaded with the bid. In case the date of constitution / incorporation of the bidder is less than 3 year old, the average turnover in respect of the completed financial years after the date of constitution shall be taken into account for this criteria. 10. Service & Support Availability of Service Centres: Bidder/OEM must have a Functional Service Centre in the State of each Consignee's Location in case of carry-in warranty. (Not applicable in case of goods having on-site warranty). If service center is not already there at the time of bidding, successful bidder / OEM shall have to establish one within 30 days of award of contract. Payment shall be released only after submission of documentary evidence of having Functional Service Centre. 11. Service & Support Dedicated /toll Free Telephone No. for Service Support : BIDDER/OEM must have Dedicated/toll Free Telephone No. for Service Support. 12. Service & Support Escalation Matrix For Service Support : Bidder/OEM must provide Escalation Matrix of Telephone Numbers for Service Support. 13. Warranty Bidder / OEM has to give an undertaking that after expiry of warranty period, it will provide AMC Service for next 5 years for the offered products at the rate not more than 5 % of contract price per annum. Buyer reserves the right to enter into an AMC agreement ( covering preventive maintenance and servicing)with the Successful Bidder / OEM after expiry of the Warranty period at rate as mentioned above and the payment for the AMC charges would be made Annually after rendering of the AMC Services of the relevant AMC period. Performance Security of the successful bidder shall be forfeited if it fails to accept the AMC contract when called upon by the buyer. The original Performance Security of contract will be returned only after submission and verification of AMC Performance Security for 5% of total AMC value valid up to AMC period plus 2 months (if there is no other claim). (Undertaking of acceptance to be uploaded with bid). 14. Warranty Bidder / OEM has to give an undertaking that after expiry of warranty period, it will provide Comprehensive Maintenance Service for next 5 years for the offered products at the rate not more than 5 % of contract price per annum. Buyer reserves the right to enter into a CMC agreement with the Successful Bidder / OEM after expiry of the Warranty period at above mentioned rate and the payment for the CMC charges would be made Annually after rendering of the CMC Services of the relevant CMC period. Performance Security of the successful bidder shall be forfeited if it fails to accept the CMC contract when called upon by the buyer. CMC would include cost of product (Upload the undertaking). The original Performance Security of contract will be returned only after submission and verification of AMC Performance Security for 5% of total CMC value valid up to CMC period plus 2 months (if there is no other claim). 15. Buyer Added Bid Specific ATC Buyer uploaded ATC document Click here to view the file. /Disclaimer The additional terms and conditions have been incorporated by the Buyer after approval of the Competent 7 / 9",
      "lines": [
        "Bidder Turn Over Criteria: The minimum average annual financial turnover of the bidder during the last three years, ending on 31st March of the previous financial year, should be as indicated in the bid document. Documentary evidence in the form of certified Audited Balance Sheets of relevant periods or a certificate from the Chartered Accountant / Cost Accountant indicating the turnover details for the relevant period shall be uploaded with the bid. In case the date of constitution / incorporation of the bidder is less than 3 year old, the average turnover in respect of the completed financial years after the date of constitution shall be taken into account for this criteria. 10. Service & Support Availability of Service Centres: Bidder/OEM must have a Functional Service Centre in the State of each Consignee's Location in case of carry-in warranty. (Not applicable in case of goods having on-site warranty). If service center is not already there at the time of bidding, successful bidder / OEM shall have to establish one within 30 days of award of contract. Payment shall be released only after submission of documentary evidence of having Functional Service Centre. 11. Service & Support Dedicated /toll Free Telephone No. for Service Support : BIDDER/OEM must have Dedicated/toll Free Telephone No. for Service Support. 12. Service & Support Escalation Matrix For Service Support : Bidder/OEM must provide Escalation Matrix of Telephone Numbers for Service Support. 13. Warranty Bidder / OEM has to give an undertaking that after expiry of warranty period, it will provide AMC Service for next 5 years for the offered products at the rate not more than 5 % of contract price per annum. Buyer reserves the right to enter into an AMC agreement ( covering preventive maintenance and servicing)with the Successful Bidder / OEM after expiry of the Warranty period at rate as mentioned above and the payment for the AMC charges would be made Annually after rendering of the AMC Services of the relevant AMC period. Performance Security of the successful bidder shall be forfeited if it fails to accept the AMC contract when called upon by the buyer. The original Performance Security of contract will be returned only after submission and verification of AMC Performance Security for 5% of total AMC value valid up to AMC period plus 2 months (if there is no other claim). (Undertaking of acceptance to be uploaded with bid). 14. Warranty Bidder / OEM has to give an undertaking that after expiry of warranty period, it will provide Comprehensive Maintenance Service for next 5 years for the offered products at the rate not more than 5 % of contract price per annum. Buyer reserves the right to enter into a CMC agreement with the Successful Bidder / OEM after expiry of the Warranty period at above mentioned rate and the payment for the CMC charges would be made Annually after rendering of the CMC Services of the relevant CMC period. Performance Security of the successful bidder shall be forfeited if it fails to accept the CMC contract when called upon by the buyer. CMC would include cost of product (Upload the undertaking). The original Performance Security of contract will be returned only after submission and verification of AMC Performance Security for 5% of total CMC value valid up to CMC period plus 2 months (if there is no other claim). 15. Buyer Added Bid Specific ATC Buyer uploaded ATC document Click here to view the file. /Disclaimer The additional terms and conditions have been incorporated by the Buyer after approval of the Competent 7 / 9"
      ],
      "tables": []
    },
    {
      "page_number": 8,
      "used_ocr": false,
      "cleaned_text": "Authority in Buyer Organization, whereby Buyer organization is solely responsible for the impact of these clauses on the bidding process, its outcome, and consequences thereof including any eccentricity / restriction arising in the bidding process due to these ATCs and due to modification of technical specifications and / or terms and conditions governing the bid. If any clause(s) is / are incorporated by the Buyer regarding following, the bid and resultant contracts shall be treated as null and void and such bids may be cancelled by GeM at any stage of bidding process without any notice:- 1. Definition of Class I and Class II suppliers in the bid not in line with the extant Order / Office Memorandum issued by DPIIT in this regard. 2. Seeking EMD submission from bidder(s), including via Additional Terms & Conditions, in contravention to exemption provided to such sellers under GeM GTC. 3. Publishing Custom / BOQ bids for items for which regular GeM categories are available without any Category item bunched with it. 4. Creating BoQ bid for single item. 5. Mentioning specific Brand or Make or Model or Manufacturer or Dealer name. 6. Mandating submission of documents in physical form as a pre-requisite to qualify bidders. 7. Floating / creation of work contracts as Custom Bids in Services. 8. Seeking sample with bid or approval of samples during bid evaluation process. (However, in bids for attached categories, trials are allowed as per approved procurement policy of the buyer nodal Ministries) 9. Mandating foreign / international certifications even in case of existence of Indian Standards without specifying equivalent Indian Certification / standards. 10. Seeking experience from specific organization / department / institute only or from foreign / export experience. 11. Creating bid for items from irrelevant categories. 12. Incorporating any clause against the MSME policy and Preference to Make in India Policy. 13. Reference of conditions published on any external site or reference to external documents/clauses. 14. Asking for any Tender fee / Bid Participation fee / Auction fee in case of Bids / Forward Auction, as the case may be. 15. Buyer added ATC Clauses which are in contravention of clauses defined by buyer in system generated bid template as indicated above in the Bid Details section, EMD Detail, ePBG Detail and MII and MSE Purchase Preference sections of the bid, unless otherwise allowed by GeM GTC. 16. In a category based bid, adding additional items, through buyer added additional scope of work/ additional terms and conditions/or any other document. If buyer needs more items along with the main item, the same must be added through bunching category based items or by bunching custom catalogs or bunching a BoQ with the main category based item, the same must not be done through ATC or Scope of Work. Further, if any seller has any objection/grievance against these additional clauses or otherwise on any aspect of this bid, they can raise their representation against the same by using the Representation window provided in the bid details field in Seller dashboard after logging in as a seller within 4 days of bid publication on GeM. Buyer is duty bound to reply to all such representations and would not be allowed to open bids if he fails to reply to such representations. All GeM Sellers / Service Providers are mandated to ensure compliance with all the applicable laws / acts / rules including but not limited to all Labour Laws such as The Minimum Wages Act, 1948, The Payment of Wages Act, 1936, The Payment of Bonus Act, 1965, The Equal Remuneration Act, 1976, The Payment of Gratuity Act, 1972 etc. Any non-compliance will be treated as breach of contract and Buyer may take suitable actions as per GeM Contract. /This Bid is also governed by the General Terms and Conditions 26 /In terms of GeM GTC clause 26 regarding Restrictions on procurement from a bidder of a country which shares a land border with India, any bidder from a country which shares a land border with India will be eligible to bid in this tender only if the bidder is registered with the Competent Authority. While participating in bid, Bidder has to undertake 8 / 9",
      "lines": [
        "Authority in Buyer Organization, whereby Buyer organization is solely responsible for the impact of these clauses on the bidding process, its outcome, and consequences thereof including any eccentricity / restriction arising in the bidding process due to these ATCs and due to modification of technical specifications and / or terms and conditions governing the bid. If any clause(s) is / are incorporated by the Buyer regarding following, the bid and resultant contracts shall be treated as null and void and such bids may be cancelled by GeM at any stage of bidding process without any notice:- 1. Definition of Class I and Class II suppliers in the bid not in line with the extant Order / Office Memorandum issued by DPIIT in this regard. 2. Seeking EMD submission from bidder(s), including via Additional Terms & Conditions, in contravention to exemption provided to such sellers under GeM GTC. 3. Publishing Custom / BOQ bids for items for which regular GeM categories are available without any Category item bunched with it. 4. Creating BoQ bid for single item. 5. Mentioning specific Brand or Make or Model or Manufacturer or Dealer name. 6. Mandating submission of documents in physical form as a pre-requisite to qualify bidders. 7. Floating / creation of work contracts as Custom Bids in Services. 8. Seeking sample with bid or approval of samples during bid evaluation process. (However, in bids for attached categories, trials are allowed as per approved procurement policy of the buyer nodal Ministries) 9. Mandating foreign / international certifications even in case of existence of Indian Standards without specifying equivalent Indian Certification / standards. 10. Seeking experience from specific organization / department / institute only or from foreign / export experience. 11. Creating bid for items from irrelevant categories. 12. Incorporating any clause against the MSME policy and Preference to Make in India Policy. 13. Reference of conditions published on any external site or reference to external documents/clauses. 14. Asking for any Tender fee / Bid Participation fee / Auction fee in case of Bids / Forward Auction, as the case may be. 15. Buyer added ATC Clauses which are in contravention of clauses defined by buyer in system generated bid template as indicated above in the Bid Details section, EMD Detail, ePBG Detail and MII and MSE Purchase Preference sections of the bid, unless otherwise allowed by GeM GTC. 16. In a category based bid, adding additional items, through buyer added additional scope of work/ additional terms and conditions/or any other document. If buyer needs more items along with the main item, the same must be added through bunching category based items or by bunching custom catalogs or bunching a BoQ with the main category based item, the same must not be done through ATC or Scope of Work. Further, if any seller has any objection/grievance against these additional clauses or otherwise on any aspect of this bid, they can raise their representation against the same by using the Representation window provided in the bid details field in Seller dashboard after logging in as a seller within 4 days of bid publication on GeM. Buyer is duty bound to reply to all such representations and would not be allowed to open bids if he fails to reply to such representations. All GeM Sellers / Service Providers are mandated to ensure compliance with all the applicable laws / acts / rules including but not limited to all Labour Laws such as The Minimum Wages Act, 1948, The Payment of Wages Act, 1936, The Payment of Bonus Act, 1965, The Equal Remuneration Act, 1976, The Payment of Gratuity Act, 1972 etc. Any non-compliance will be treated as breach of contract and Buyer may take suitable actions as per GeM Contract. /This Bid is also governed by the General Terms and Conditions 26 /In terms of GeM GTC clause 26 regarding Restrictions on procurement from a bidder of a country which shares a land border with India, any bidder from a country which shares a land border with India will be eligible to bid in this tender only if the bidder is registered with the Competent Authority. While participating in bid, Bidder has to undertake 8 / 9"
      ],
      "tables": []
    },
    {
      "page_number": 9,
      "used_ocr": false,
      "cleaned_text": "compliance of this and any false declaration and non-compliance of this would be a ground for immediate termination of the contract and further legal action in accordance with the laws. ---/Thank You--- 9 / 9",
      "lines": [
        "compliance of this and any false declaration and non-compliance of this would be a ground for immediate termination of the contract and further legal action in accordance with the laws. ---/Thank You--- 9 / 9"
      ],
      "tables": []
    }
  ],
  "links": [
    {
      "page_number": 1,
      "uri": "https://bidplus.gem.gov.in/bidding/bid/showCatalogue/1fjLWQbm2T41npks09IRQCyfyrXiTndmx889TotfQjM",
      "attachment_filename": null,
      "rect": null,
      "label": null,
      "source": "dict:/URI"
    },
    {
      "page_number": 1,
      "uri": "https://fulfilment.gem.gov.in/contract/slafds?fileDownloadPath=SLA_UPLOAD_PATH/2025/Sep/GEM_2025_B_6696861/CLM0010/first13_8142f9d0-223b-4d6f-b3f31758700819727_ASMCKNR02.pdf",
      "attachment_filename": null,
      "rect": null,
      "label": null,
      "source": "dict:/URI"
    },
    {
      "page_number": 1,
      "uri": "https://assets-bg.gem.gov.in/resources/upload/shared_doc/list-of-categories-where-trials-are-allowed_1712126171.pdf",
      "attachment_filename": null,
      "rect": null,
      "label": null,
      "source": "dict:/URI"
    },
    {
      "page_number": 1,
      "uri": "https://admin.gem.gov.in/apis/v1/gtc/pdfByDate/?date=20251006",
      "attachment_filename": null,
      "rect": null,
      "label": null,
      "source": "dict:/URI"
    },
    {
      "page_number": 2,
      "uri": "https://bidplus.gem.gov.in/bidding/bid/showCatalogue/1fjLWQbm2T41npks09IRQCyfyrXiTndmx889TotfQjM",
      "attachment_filename": null,
      "rect": null,
      "label": null,
      "source": "dict:/URI"
    },
    {
      "page_number": 2,
      "uri": "https://fulfilment.gem.gov.in/contract/slafds?fileDownloadPath=SLA_UPLOAD_PATH/2025/Sep/GEM_2025_B_6696861/CLM0010/first13_8142f9d0-223b-4d6f-b3f31758700819727_ASMCKNR02.pdf",
      "attachment_filename": null,
      "rect": null,
      "label": null,
      "source": "dict:/URI"
    },
    {
      "page_number": 2,
      "uri": "https://assets-bg.gem.gov.in/resources/upload/shared_doc/list-of-categories-where-trials-are-allowed_1712126171.pdf",
      "attachment_filename": null,
      "rect": null,
      "label": null,
      "source": "dict:/URI"
    },
    {
      "page_number": 2,
      "uri": "https://admin.gem.gov.in/apis/v1/gtc/pdfByDate/?date=20251006",
      "attachment_filename": null,
      "rect": null,
      "label": null,
      "source": "dict:/URI"
    },
    {
      "page_number": 3,
      "uri": "https://bidplus.gem.gov.in/bidding/bid/showCatalogue/1fjLWQbm2T41npks09IRQCyfyrXiTndmx889TotfQjM",
      "attachment_filename": null,
      "rect": null,
      "label": null,
      "source": "dict:/URI"
    },
    {
      "page_number": 3,
      "uri": "https://fulfilment.gem.gov.in/contract/slafds?fileDownloadPath=SLA_UPLOAD_PATH/2025/Sep/GEM_2025_B_6696861/CLM0010/first13_8142f9d0-223b-4d6f-b3f31758700819727_ASMCKNR02.pdf",
      "attachment_filename": null,
      "rect": null,
      "label": null,
      "source": "dict:/URI"
    },
    {
      "page_number": 3,
      "uri": "https://assets-bg.gem.gov.in/resources/upload/shared_doc/list-of-categories-where-trials-are-allowed_1712126171.pdf",
      "attachment_filename": null,
      "rect": null,
      "label": null,
      "source": "dict:/URI"
    },
    {
      "page_number": 3,
      "uri": "https://admin.gem.gov.in/apis/v1/gtc/pdfByDate/?date=20251006",
      "attachment_filename": null,
      "rect": null,
      "label": null,
      "source": "dict:/URI"
    },
    {
      "page_number": 4,
      "uri": "https://bidplus.gem.gov.in/bidding/bid/showCatalogue/1fjLWQbm2T41npks09IRQCyfyrXiTndmx889TotfQjM",
      "attachment_filename": null,
      "rect": [
        40.5,
        467.75,
        341.25,
        479.0
      ],
      "label": "Lacerations, and Impaled",
      "source": "dict:/URI"
    },
    {
      "page_number": 4,
      "uri": "https://bidplus.gem.gov.in/bidding/bid/showCatalogue/1fjLWQbm2T41npks09IRQCyfyrXiTndmx889TotfQjM",
      "attachment_filename": null,
      "rect": null,
      "label": null,
      "source": "dict:/URI"
    },
    {
      "page_number": 4,
      "uri": "https://fulfilment.gem.gov.in/contract/slafds?fileDownloadPath=SLA_UPLOAD_PATH/2025/Sep/GEM_2025_B_6696861/CLM0010/first13_8142f9d0-223b-4d6f-b3f31758700819727_ASMCKNR02.pdf",
      "attachment_filename": null,
      "rect": null,
      "label": null,
      "source": "dict:/URI"
    },
    {
      "page_number": 4,
      "uri": "https://assets-bg.gem.gov.in/resources/upload/shared_doc/list-of-categories-where-trials-are-allowed_1712126171.pdf",
      "attachment_filename": null,
      "rect": null,
      "label": null,
      "source": "dict:/URI"
    },
    {
      "page_number": 4,
      "uri": "https://admin.gem.gov.in/apis/v1/gtc/pdfByDate/?date=20251006",
      "attachment_filename": null,
      "rect": null,
      "label": null,
      "source": "dict:/URI"
    },
    {
      "page_number": 5,
      "uri": "https://bidplus.gem.gov.in/bidding/bid/showCatalogue/1fjLWQbm2T41npks09IRQCyfyrXiTndmx889TotfQjM",
      "attachment_filename": null,
      "rect": null,
      "label": null,
      "source": "dict:/URI"
    },
    {
      "page_number": 5,
      "uri": "https://fulfilment.gem.gov.in/contract/slafds?fileDownloadPath=SLA_UPLOAD_PATH/2025/Sep/GEM_2025_B_6696861/CLM0010/first13_8142f9d0-223b-4d6f-b3f31758700819727_ASMCKNR02.pdf",
      "attachment_filename": null,
      "rect": null,
      "label": null,
      "source": "dict:/URI"
    },
    {
      "page_number": 5,
      "uri": "https://assets-bg.gem.gov.in/resources/upload/shared_doc/list-of-categories-where-trials-are-allowed_1712126171.pdf",
      "attachment_filename": null,
      "rect": null,
      "label": null,
      "source": "dict:/URI"
    },
    {
      "page_number": 5,
      "uri": "https://admin.gem.gov.in/apis/v1/gtc/pdfByDate/?date=20251006",
      "attachment_filename": null,
      "rect": null,
      "label": null,
      "source": "dict:/URI"
    },
    {
      "page_number": 6,
      "uri": "https://bidplus.gem.gov.in/bidding/bid/showCatalogue/1fjLWQbm2T41npks09IRQCyfyrXiTndmx889TotfQjM",
      "attachment_filename": null,
      "rect": null,
      "label": null,
      "source": "dict:/URI"
    },
    {
      "page_number": 6,
      "uri": "https://fulfilment.gem.gov.in/contract/slafds?fileDownloadPath=SLA_UPLOAD_PATH/2025/Sep/GEM_2025_B_6696861/CLM0010/first13_8142f9d0-223b-4d6f-b3f31758700819727_ASMCKNR02.pdf",
      "attachment_filename": null,
      "rect": null,
      "label": null,
      "source": "dict:/URI"
    },
    {
      "page_number": 6,
      "uri": "https://assets-bg.gem.gov.in/resources/upload/shared_doc/list-of-categories-where-trials-are-allowed_1712126171.pdf",
      "attachment_filename": null,
      "rect": null,
      "label": null,
      "source": "dict:/URI"
    },
    {
      "page_number": 6,
      "uri": "https://admin.gem.gov.in/apis/v1/gtc/pdfByDate/?date=20251006",
      "attachment_filename": null,
      "rect": null,
      "label": null,
      "source": "dict:/URI"
    },
    {
      "page_number": 7,
      "uri": "https://fulfilment.gem.gov.in/contract/slafds?fileDownloadPath=SLA_UPLOAD_PATH/2025/Sep/GEM_2025_B_6696861/CLM0010/first13_8142f9d0-223b-4d6f-b3f31758700819727_ASMCKNR02.pdf",
      "attachment_filename": null,
      "rect": [
        215.25,
        135.5,
        330.75,
        146.75
      ],
      "label": "taken into account for this criteria.",
      "source": "dict:/URI"
    },
    {
      "page_number": 7,
      "uri": "https://bidplus.gem.gov.in/bidding/bid/showCatalogue/1fjLWQbm2T41npks09IRQCyfyrXiTndmx889TotfQjM",
      "attachment_filename": null,
      "rect": null,
      "label": null,
      "source": "dict:/URI"
    },
    {
      "page_number": 7,
      "uri": "https://fulfilment.gem.gov.in/contract/slafds?fileDownloadPath=SLA_UPLOAD_PATH/2025/Sep/GEM_2025_B_6696861/CLM0010/first13_8142f9d0-223b-4d6f-b3f31758700819727_ASMCKNR02.pdf",
      "attachment_filename": null,
      "rect": null,
      "label": null,
      "source": "dict:/URI"
    },
    {
      "page_number": 7,
      "uri": "https://assets-bg.gem.gov.in/resources/upload/shared_doc/list-of-categories-where-trials-are-allowed_1712126171.pdf",
      "attachment_filename": null,
      "rect": null,
      "label": null,
      "source": "dict:/URI"
    },
    {
      "page_number": 7,
      "uri": "https://admin.gem.gov.in/apis/v1/gtc/pdfByDate/?date=20251006",
      "attachment_filename": null,
      "rect": null,
      "label": null,
      "source": "dict:/URI"
    },
    {
      "page_number": 8,
      "uri": "https://assets-bg.gem.gov.in/resources/upload/shared_doc/list-of-categories-where-trials-are-allowed_1712126171.pdf",
      "attachment_filename": null,
      "rect": [
        72.0,
        549.5,
        162.0,
        560.75
      ],
      "label": "bid bound details to field reply in Seller to all",
      "source": "dict:/URI"
    },
    {
      "page_number": 8,
      "uri": "https://admin.gem.gov.in/apis/v1/gtc/pdfByDate/?date=20251006",
      "attachment_filename": null,
      "rect": [
        63.0,
        153.5,
        531.75,
        164.75
      ],
      "label": "2. issued Seeking by EMD DPIIT submission in this regard. from bidder(s), including via Additional Terms & Conditions, in contravention to",
      "source": "dict:/URI"
    },
    {
      "page_number": 8,
      "uri": "https://bidplus.gem.gov.in/bidding/bid/showCatalogue/1fjLWQbm2T41npks09IRQCyfyrXiTndmx889TotfQjM",
      "attachment_filename": null,
      "rect": null,
      "label": null,
      "source": "dict:/URI"
    },
    {
      "page_number": 8,
      "uri": "https://fulfilment.gem.gov.in/contract/slafds?fileDownloadPath=SLA_UPLOAD_PATH/2025/Sep/GEM_2025_B_6696861/CLM0010/first13_8142f9d0-223b-4d6f-b3f31758700819727_ASMCKNR02.pdf",
      "attachment_filename": null,
      "rect": null,
      "label": null,
      "source": "dict:/URI"
    },
    {
      "page_number": 8,
      "uri": "https://assets-bg.gem.gov.in/resources/upload/shared_doc/list-of-categories-where-trials-are-allowed_1712126171.pdf",
      "attachment_filename": null,
      "rect": null,
      "label": null,
      "source": "dict:/URI"
    },
    {
      "page_number": 8,
      "uri": "https://admin.gem.gov.in/apis/v1/gtc/pdfByDate/?date=20251006",
      "attachment_filename": null,
      "rect": null,
      "label": null,
      "source": "dict:/URI"
    },
    {
      "page_number": 9,
      "uri": "https://bidplus.gem.gov.in/bidding/bid/showCatalogue/1fjLWQbm2T41npks09IRQCyfyrXiTndmx889TotfQjM",
      "attachment_filename": null,
      "rect": null,
      "label": null,
      "source": "dict:/URI"
    },
    {
      "page_number": 9,
      "uri": "https://fulfilment.gem.gov.in/contract/slafds?fileDownloadPath=SLA_UPLOAD_PATH/2025/Sep/GEM_2025_B_6696861/CLM0010/first13_8142f9d0-223b-4d6f-b3f31758700819727_ASMCKNR02.pdf",
      "attachment_filename": null,
      "rect": null,
      "label": null,
      "source": "dict:/URI"
    },
    {
      "page_number": 9,
      "uri": "https://assets-bg.gem.gov.in/resources/upload/shared_doc/list-of-categories-where-trials-are-allowed_1712126171.pdf",
      "attachment_filename": null,
      "rect": null,
      "label": null,
      "source": "dict:/URI"
    },
    {
      "page_number": 9,
      "uri": "https://admin.gem.gov.in/apis/v1/gtc/pdfByDate/?date=20251006",
      "attachment_filename": null,
      "rect": null,
      "label": null,
      "source": "dict:/URI"
    }
  ],
  "combined_cleaned_text": "/Bid Number: GEM/2025/B/6696861 /Dated: 06-10-2025 / Bid Document //Bid Details // /Bid End Date/Time 28-10-2025 18:00:00 // /Bid Opening 28-10-2025 18:30:00 Date/Time (( ))/Bid Offer 180 (Days) Validity (From End Date) // /Ministry/State Name Uttar Pradesh /Department Name Medical Education Department Uttar Pradesh /Organisation Name Directorate Of Medical Education And Training /Office Name Director General Medical Education /Total Quantity 4 /Item Category Manikin for First Aid, Bandaging, Splinting & Bandage (Q3) ((33 )) /Minimum Average Annual Turnover of the 28 Lakh (s) bidder (For 3 Years) (( 33 114 Lakh (s) ))/OEM Average Turnover (Last 3 Years) // /Years of Past Experience Required for 3 Year (s) same/similar service /MSE Exemption for Years of No Experience and Turnover /Startup Exemption for Years of No Experience and Turnover Experience Criteria,Past Performance,Bidder Turnover,Certificate (Requested in ATC),OEM Authorization Certificate,OEM Annual Turnover,Additional Doc 1 /Document required (Requested in ATC),Additional Doc 2 (Requested in ATC) from seller *In case any bidder is seeking exemption from Experience / Turnover Criteria, the supporting documents to prove his eligibility for exemption must be uploaded for evaluation by the buyer 1 / 9\n\n//Bid Details Yes (Documents submitted as part of a clarification or representation during the tender/bid process will also be ?? /Do you want to show displayed to other participated bidders after log in) documents uploaded by bidders to all bidders participated in bid? / Minimum number of 1 bids required to disable automatic bid extension ,, -- // Number of days for which Bid 10 would be auto--extended // 1 Number of Auto Extension count /Past Performance 80 % /Bid to RA enabled Yes /RA Qualification Rule 50% Lowest Priced Technically Qualified Bidders /Type of Bid Two Packet Bid /Time allowed for Technical 2 Days Clarifications during technical evaluation ( / )/Inspection Required (By No Empanelled Inspection Authority / Agencies pre-registered with GeM) /Estimated Bid Value 5762770 Payments shall be made to the Seller within 45 days of issue of consignee receipt-cum-acceptance certificate Payment Timelines (CRAC) and on-line submission of bills (This is in supersession of 10 days time as provided in clause 12 of GeM GTC) /Evaluation Method Total value wise evaluation /Arbitration Clause No /Mediation Clause No /EMD Detail /Advisory Bank PUNJAB NATIONAL BANK /EMD Amount 57627 /ePBG Detail 2 / 9\n\n/Advisory Bank PUNJAB NATIONAL BANK (%)/ePBG Percentage(%) 5.00 () /Duration of ePBG 62 required (Months). (a). /EMD EXEMPTION: The bidder seeking EMD exemption, must submit the valid supporting document for the relevant category as per GeM GTC with the bid. Under MSE category, only manufacturers for goods and Service Providers for Services are eligible for exemption from EMD. Traders are excluded from the purview of this Policy. (b). , , / EMD & Performance securityshould be in favour of Beneficiary, wherever it is applicable. /Beneficiary : Principal Principal Autonomous State Medical College Kushinagar U.P (Dr. Rakesh Kumar Shahi) / Bid splitting not applied. /MSE Purchase Preference /MSE Purchase Preference No /MII Purchase Preference /MII Purchase Preference No 1. The minimum average annual financial turnover of the bidder during the last three years, ending on 31st March of the previous financial year, should be as indicated above in the bid document. Documentary evidence in the form of certified Audited Balance Sheets of relevant periods or a certificate from the Chartered Accountant / Cost Accountant indicating the turnover details for the relevant period shall be uploaded with the bid. In case the date of constitution / incorporation of the bidder is less than 3-year-old, the average turnover in respect of the completed financial years after the date of constitution shall be taken into account for this criteria. 2. Experience Criteria: In respect of the filter applied for experience criteria, the Bidder or its OEM of the product offered in the bid {themselves or through reseller(s)} should have regularly, manufactured and supplied same or similar Category Products to any Central / State Govt Organization / PSU for number of Financial years as indicated above in the bid document before the bid opening date. Copies of relevant contracts and delivery acceptance certificates like CRAC to be submitted along with bid in support of having supplied some quantity during each of the Financial year. In case of bunch bids, the category of primary product having highest value should meet this criterion. 3. OEM Turn Over Criteria: The minimum average annual financial turnover of the OEM of the offered product during the last three years, ending on 31st March of the previous financial year, should be as indicated in the bid document. Documentary evidence in the form of certified Audited Balance Sheets of relevant periods or a certificate from the Chartered Accountant / Cost Accountant indicating the turnover details for the relevant period shall be uploaded with the bid. In case the date of constitution / incorporation of the OEM is less than 3 year old, the average turnover in respect of the completed financial years after the date of constitution shall be taken into account for this criteria. 4. Estimated Bid Value indicated above is being declared solely for the purpose of guidance on EMD amount and for determining the Eligibility Criteria related to Turn Over, Past Performance and Project / Past Experience etc. 3 / 9\n\nThis has no relevance or bearing on the price to be quoted by the bidders and is also not going to have any impact on bid participation. Also this is not going to be used as a criteria in determining reasonableness of quoted prices which would be determined by the buyer based on its own assessment of reasonableness and based on competitive prices received in Bid / RA process. 5. Past Performance: The Bidder or its OEM {themselves or through re-seller(s)} should have supplied same or similar Category Products for 80% of bid quantity, in at least one of the last three Financial years before the bid opening date to any Central / State Govt Organization / PSU. Copies of relevant contracts (proving supply of cumulative order quantity in any one financial year) to be submitted along with bid in support of quantity supplied in the relevant Financial year. In case of bunch bids, the category related to primary product having highest bid value should meet this criterion. 6. Reverse Auction would be conducted amongst first 50% of the technically qualified bidders arranged in the order of prices from lowest to highest. Number of sellers eligible for participating in RA would be rounded off to next higher integer value if number of technically qualified bidders is odd (e.g. if 7 bids are technically qualified, then RA will be conducted amongst L-1 to L-4). In case number of technically qualified bidders are 2 or 3, RA will be between all without any elimination. If Buyer has chosen to split the bid amongst N sellers, then minimum N sellers would be taken to RA round. In case Primary products of only one OEM are left in contention for participation in RA based on lowest 50% bidders qualifying for RA, the number of sellers qualifying for RA would be increased to get at least products of one more OEM (directly participated or through its reseller) if available. Further, if bid(s) of any seller(s) eligible for MSE preference is / are coming within price band of 15% of Non MSE L-1 or if bid of any seller(s) eligible for Make in India preference is / are coming within price band of 20% of non MII L-1, then such MSE / Make in India seller shall also be allowed to participate in the RA process. Manikin For First Aid, Bandaging, Splinting & Bandage ( 4 pieces ) /Technical Specifications * / As per GeM Category Specification /Specification /Bid Requirement /Specification Name (Allowed Values) PRODUCT Types of Injuries Simulated Closed fractures of the Radius, Ulna, Tibia, and Fibula, INFORMATION Compound Fractures of the thigh and other limbs, Projectile Wounds (entry and exit), Burns, and Lacerations, Abdominal Thrust with exposed Viscera and Impaled objects, Sucking Chest Wounds and Head Wounds for Bandaging WARRANTY Warranty in years (Option 5 Or higher (year) of comprehensive warranty is available through bidding only, which if opted will supersede normal warranty in the catalogue) Additional Specification Parameters - Manikin For First Aid, Bandaging, Splinting & Bandage ( 4 pieces ) Specification Parameter Bid Requirement (Allowed Values) Name Comprehensive Maintenance 5 Year Duration (Post Warranty) * Bidders offering must also comply with the additional specification parameters mentioned above. 4 / 9\n\n// /Consignees/Reporting Officer and Quantity // ..../S.N /Delivery o. /Consignee /Address /Quantity Days Reporting/Officer 274304,AUTONOMOUS STATE 1 Purab Kalyan Modak MEDICAL COLLEGE 4 15 KUSHINAGAR Special terms and conditions-Version:1 effective from 24-10-2024 for category Manikin for First Aid, Bandaging, Splinting & Bandage 1. 1. All Provisions of Drugs and Cosmetics Act, 1940 and Rules (including Medical Device Rule 2017) made there under as amended till date will always be applicable. This will include all notifications issued by Central Drugs Standard Control Organization (CDSCO), Ministry of Health & Family Welfare (MoHFW) and Department of Pharmaceuticals (DOP), Ministry of Chemicals & Fertilizers time to time in this regard, if applicable. 2. The sellers are registered on GeM based on self declaration of valid Medical Device License, product certification, test reports etc. However, buyers must check and validate the details at their end for all applicable licenses and certifications e.g., validity and authenticity/genuineness of Medical Device license, product certification, manufacturer certification/licenses, test reports etc., if applicable. 3. In case of authorized resellers/distributors, it will be the legal & regulatory liability of the manufacturer to ensure that their resellers/distributors are operating in compliance with all relevant laws and regulations and are properly licensed to sell the manufacturer's products, including verifying the validity and authenticity of Medical Device license held by them. 4. The price offered by the seller/bidder shall not, in any case exceed the DPCO/NPPA controlled price or price fixed by State Government, if any. The seller must reduce the prices if there is any reduction in DPCO/NPPA ceiling price or price fixed by State Government, if any. 5. Any other Terms and Conditions which is not included or at variance with the conditions specified in STC/GTC, may be added by the buyer through Additional Terms and Conditions (ATC) in the bid to ensure items are procured from authentic/validated source with appropriate and applicable quality. The above terms and conditions are in reverse order of precedence i.e. ATC shall supersede specific STC which shall supersede General Terms and Conditions (GTC), whenever there are any conflicting provisions. /Buyer Added Bid Specific Terms and Conditions 1. Generic OPTION CLAUSE: The Purchaser reserves the right to increase or decrease the quantity to be ordered up to 25 percent of bid quantity at the time of placement of contract. The purchaser also reserves the right to increase the ordered quantity up to 25% of the contracted quantity during the currency of the contract at the contracted rates. The delivery period of quantity shall commence from the last date of original delivery order and in cases where option clause is exercised during the extended delivery period the additional time shall commence from the last date of extended delivery period. The additional delivery time shall be (Increased quantity ÷ Original quantity) × Original delivery period (in days), subject to minimum of 30 days. If the original delivery period is less than 30 days, the additional time equals the original delivery period. The Purchaser may extend this calculated delivery duration up to the original delivery period while exercising the option clause. Bidders must comply with these terms. 2. Generic Bidder financial standing: The bidder should not be under liquidation, court receivership or similar proceedings, should not be bankrupt. Bidder to upload undertaking to this effect with bid. 3. OEM 5 / 9\n\nIMPORTED PRODUCTS: In case of imported products, OEM or Authorized Seller of OEM should have a registered office in India to provide after sales service support in India. The certificate to this effect should be submitted. 4. Forms of EMD and PBG Bidders can also submit the EMD with Account Payee Demand Draft in favour of Dr. rakesh kumar shahi payable at Principal Autonomous State Medical College Kushinagar U.P . Bidder has to upload scanned copy / proof of the DD along with bid and has to ensure delivery of hardcopy to the Buyer within 5 days of Bid End date / Bid Opening date. 5. Forms of EMD and PBG Bidders can also submit the EMD with Banker’s Cheque in favour of Dr. rakesh kumar shahi Account No. - 4778002100001442 , Ifsc code : UNB0477800 , Punjab National Ban k payable at Principal Autonomous State Medical College Kushinagar U.P . Bidder has to upload scanned copy / proof of the BC along with bid and has to ensure delivery of hardcopy to the Buyer within 5 days of Bid End date / Bid Opening date. 6. Scope of Supply Scope of supply (Bid price to include all cost components) : Only supply of Goods 7. Certificates ISO 9001: The bidder or the OEM of the offered products must have ISO 9001 certification. 8. Buyer Added Bid Specific ATC Buyer Added text based ATC clauses Buyer Added text based ATC clauses 1. Non-Conviction/Blacklist certificate on Rs. 100/- stamp paper duly notarized and affidavit regarding lowe st quoted rates in India in any government / Semi Govt./Autonomous. organization etc. 2. If any GeM Golden parameter specifications superseded the same will be mentioned in the ATC attache d specifications (superseded parameters only considered) 3.EMD is exempted for MSME based in Uttar Pradesh State registered under NSIC or IDR ACT or District Ind ustries center (ATTACHED VALID CERTIFICATE FOR PROOF). The MSME of other states has to deposit the E MD and Performance BG. Other State`s MSME/New firm bidder should deposit the EMD. 4. Past Project Experience : The Bidder / OEM {themselves or through reseller(s)}, should have executed p roject for supply and installation / commissioning of same or similar Category Products during preceding 3 financial years (i.e. current year and three previous financial years) as on opening of bid, as per following c riteria: (i) Single order of at least 80% of estimated bid value; or (ii) Two orders of at least 50% each of estimated bid value; or (iii) Three orders of at least 40% each of esti mated bid value. . 9. Turnover 6 / 9\n\nBidder Turn Over Criteria: The minimum average annual financial turnover of the bidder during the last three years, ending on 31st March of the previous financial year, should be as indicated in the bid document. Documentary evidence in the form of certified Audited Balance Sheets of relevant periods or a certificate from the Chartered Accountant / Cost Accountant indicating the turnover details for the relevant period shall be uploaded with the bid. In case the date of constitution / incorporation of the bidder is less than 3 year old, the average turnover in respect of the completed financial years after the date of constitution shall be taken into account for this criteria. 10. Service & Support Availability of Service Centres: Bidder/OEM must have a Functional Service Centre in the State of each Consignee's Location in case of carry-in warranty. (Not applicable in case of goods having on-site warranty). If service center is not already there at the time of bidding, successful bidder / OEM shall have to establish one within 30 days of award of contract. Payment shall be released only after submission of documentary evidence of having Functional Service Centre. 11. Service & Support Dedicated /toll Free Telephone No. for Service Support : BIDDER/OEM must have Dedicated/toll Free Telephone No. for Service Support. 12. Service & Support Escalation Matrix For Service Support : Bidder/OEM must provide Escalation Matrix of Telephone Numbers for Service Support. 13. Warranty Bidder / OEM has to give an undertaking that after expiry of warranty period, it will provide AMC Service for next 5 years for the offered products at the rate not more than 5 % of contract price per annum. Buyer reserves the right to enter into an AMC agreement ( covering preventive maintenance and servicing)with the Successful Bidder / OEM after expiry of the Warranty period at rate as mentioned above and the payment for the AMC charges would be made Annually after rendering of the AMC Services of the relevant AMC period. Performance Security of the successful bidder shall be forfeited if it fails to accept the AMC contract when called upon by the buyer. The original Performance Security of contract will be returned only after submission and verification of AMC Performance Security for 5% of total AMC value valid up to AMC period plus 2 months (if there is no other claim). (Undertaking of acceptance to be uploaded with bid). 14. Warranty Bidder / OEM has to give an undertaking that after expiry of warranty period, it will provide Comprehensive Maintenance Service for next 5 years for the offered products at the rate not more than 5 % of contract price per annum. Buyer reserves the right to enter into a CMC agreement with the Successful Bidder / OEM after expiry of the Warranty period at above mentioned rate and the payment for the CMC charges would be made Annually after rendering of the CMC Services of the relevant CMC period. Performance Security of the successful bidder shall be forfeited if it fails to accept the CMC contract when called upon by the buyer. CMC would include cost of product (Upload the undertaking). The original Performance Security of contract will be returned only after submission and verification of AMC Performance Security for 5% of total CMC value valid up to CMC period plus 2 months (if there is no other claim). 15. Buyer Added Bid Specific ATC Buyer uploaded ATC document Click here to view the file. /Disclaimer The additional terms and conditions have been incorporated by the Buyer after approval of the Competent 7 / 9\n\nAuthority in Buyer Organization, whereby Buyer organization is solely responsible for the impact of these clauses on the bidding process, its outcome, and consequences thereof including any eccentricity / restriction arising in the bidding process due to these ATCs and due to modification of technical specifications and / or terms and conditions governing the bid. If any clause(s) is / are incorporated by the Buyer regarding following, the bid and resultant contracts shall be treated as null and void and such bids may be cancelled by GeM at any stage of bidding process without any notice:- 1. Definition of Class I and Class II suppliers in the bid not in line with the extant Order / Office Memorandum issued by DPIIT in this regard. 2. Seeking EMD submission from bidder(s), including via Additional Terms & Conditions, in contravention to exemption provided to such sellers under GeM GTC. 3. Publishing Custom / BOQ bids for items for which regular GeM categories are available without any Category item bunched with it. 4. Creating BoQ bid for single item. 5. Mentioning specific Brand or Make or Model or Manufacturer or Dealer name. 6. Mandating submission of documents in physical form as a pre-requisite to qualify bidders. 7. Floating / creation of work contracts as Custom Bids in Services. 8. Seeking sample with bid or approval of samples during bid evaluation process. (However, in bids for attached categories, trials are allowed as per approved procurement policy of the buyer nodal Ministries) 9. Mandating foreign / international certifications even in case of existence of Indian Standards without specifying equivalent Indian Certification / standards. 10. Seeking experience from specific organization / department / institute only or from foreign / export experience. 11. Creating bid for items from irrelevant categories. 12. Incorporating any clause against the MSME policy and Preference to Make in India Policy. 13. Reference of conditions published on any external site or reference to external documents/clauses. 14. Asking for any Tender fee / Bid Participation fee / Auction fee in case of Bids / Forward Auction, as the case may be. 15. Buyer added ATC Clauses which are in contravention of clauses defined by buyer in system generated bid template as indicated above in the Bid Details section, EMD Detail, ePBG Detail and MII and MSE Purchase Preference sections of the bid, unless otherwise allowed by GeM GTC. 16. In a category based bid, adding additional items, through buyer added additional scope of work/ additional terms and conditions/or any other document. If buyer needs more items along with the main item, the same must be added through bunching category based items or by bunching custom catalogs or bunching a BoQ with the main category based item, the same must not be done through ATC or Scope of Work. Further, if any seller has any objection/grievance against these additional clauses or otherwise on any aspect of this bid, they can raise their representation against the same by using the Representation window provided in the bid details field in Seller dashboard after logging in as a seller within 4 days of bid publication on GeM. Buyer is duty bound to reply to all such representations and would not be allowed to open bids if he fails to reply to such representations. All GeM Sellers / Service Providers are mandated to ensure compliance with all the applicable laws / acts / rules including but not limited to all Labour Laws such as The Minimum Wages Act, 1948, The Payment of Wages Act, 1936, The Payment of Bonus Act, 1965, The Equal Remuneration Act, 1976, The Payment of Gratuity Act, 1972 etc. Any non-compliance will be treated as breach of contract and Buyer may take suitable actions as per GeM Contract. /This Bid is also governed by the General Terms and Conditions 26 /In terms of GeM GTC clause 26 regarding Restrictions on procurement from a bidder of a country which shares a land border with India, any bidder from a country which shares a land border with India will be eligible to bid in this tender only if the bidder is registered with the Competent Authority. While participating in bid, Bidder has to undertake 8 / 9\n\ncompliance of this and any false declaration and non-compliance of this would be a ground for immediate termination of the contract and further legal action in accordance with the laws. ---/Thank You--- 9 / 9"
}