{
  "source_file": "GEM_2025_B_7055561.pdf",
  "num_pages": 8,
  "pages": [
    {
      "page_number": 1,
      "used_ocr": false,
      "cleaned_text": "/Bid Number: GEM/2025/B/7055561 /Dated: 30-12-2025 / Bid Document //Bid Details // /Bid End Date/Time 06-01-2026 14:00:00 // /Bid Opening 06-01-2026 14:30:00 Date/Time (( ))/Bid Offer 180 (Days) Validity (From End Date) // /Ministry/State Name Ministry Of Defence /Department Name Department Of Military Affairs /Organisation Name Indian Army /Office Name *********** /Total Quantity 2 /Item Category Behind the Ear Hearing Aid (Digital) (Q2) (( 33 1 Lakh (s) ))/OEM Average Turnover (Last 3 Years) // /Years of Past Experience Required for 2 Year (s) same/similar service / MSE Relaxation for Years Of Experience Yes | Complete and Turnover / Startup Relaxation for Years Of Yes | Complete Experience and Turnover Experience Criteria,Past Performance,Bidder Turnover,Certificate (Requested in ATC),OEM Authorization Certificate,OEM Annual Turnover,Compliance of BoQ /Document required specification and supporting document from seller *In case any bidder is seeking exemption from Experience / Turnover Criteria, the supporting documents to prove his eligibility for exemption must be uploaded for evaluation by the buyer Yes (Documents submitted as part of a clarification or representation during the tender/bid process will also be ?? /Do you want to show displayed to other participated bidders after log in) documents uploaded by bidders to all bidders participated in bid? 1 / 8",
      "lines": [
        "/Bid Number: GEM/2025/B/7055561 /Dated: 30-12-2025 / Bid Document //Bid Details // /Bid End Date/Time 06-01-2026 14:00:00 // /Bid Opening 06-01-2026 14:30:00 Date/Time (( ))/Bid Offer 180 (Days) Validity (From End Date) // /Ministry/State Name Ministry Of Defence /Department Name Department Of Military Affairs /Organisation Name Indian Army /Office Name *********** /Total Quantity 2 /Item Category Behind the Ear Hearing Aid (Digital) (Q2) (( 33 1 Lakh (s) ))/OEM Average Turnover (Last 3 Years) // /Years of Past Experience Required for 2 Year (s) same/similar service / MSE Relaxation for Years Of Experience Yes | Complete and Turnover / Startup Relaxation for Years Of Yes | Complete Experience and Turnover Experience Criteria,Past Performance,Bidder Turnover,Certificate (Requested in ATC),OEM Authorization Certificate,OEM Annual Turnover,Compliance of BoQ /Document required specification and supporting document from seller *In case any bidder is seeking exemption from Experience / Turnover Criteria, the supporting documents to prove his eligibility for exemption must be uploaded for evaluation by the buyer Yes (Documents submitted as part of a clarification or representation during the tender/bid process will also be ?? /Do you want to show displayed to other participated bidders after log in) documents uploaded by bidders to all bidders participated in bid? 1 / 8"
      ],
      "tables": [
        [
          [
            "//Bid Details",
            ""
          ],
          [
            "// /Bid End Date/Time",
            "06-01-2026 14:00:00"
          ],
          [
            "// /Bid Opening Date/Time",
            "06-01-2026 14:30:00"
          ],
          [
            "(( ))/Bid Offer Validity (From End Date)",
            "180 (Days)"
          ],
          [
            "// /Ministry/State Name",
            "Ministry Of Defence"
          ],
          [
            "/Department Name",
            "Department Of Military Affairs"
          ],
          [
            "/Organisation Name",
            "Indian Army"
          ],
          [
            "/Office Name",
            "***********"
          ],
          [
            "/Total Quantity",
            "2"
          ],
          [
            "/Item Category",
            "Behind the Ear Hearing Aid (Digital) (Q2)"
          ],
          [
            "(( 33 ))/OEM Average Turnover (Last 3 Years)",
            "1 Lakh (s)"
          ],
          [
            "// /Years of Past Experience Required for same/similar service",
            "2 Year (s)"
          ],
          [
            "/ MSE Relaxation for Years Of Experience and Turnover",
            "Yes | Complete"
          ],
          [
            "/ Startup Relaxation for Years Of Experience and Turnover",
            "Yes | Complete"
          ],
          [
            "/Document required from seller",
            "Experience Criteria,Past Performance,Bidder Turnover,Certificate (Requested in ATC),OEM Authorization Certificate,OEM Annual Turnover,Compliance of BoQ specification and supporting document *In case any bidder is seeking exemption from Experience / Turnover Criteria, the supporting documents to prove his eligibility for exemption must be uploaded for evaluation by the buyer"
          ],
          [
            "?? /Do you want to show documents uploaded by bidders to all bidders participated in bid?",
            "Yes (Documents submitted as part of a clarification or representation during the tender/bid process will also be displayed to other participated bidders after log in)"
          ],
          [
            "",
            ""
          ]
        ]
      ]
    },
    {
      "page_number": 2,
      "used_ocr": false,
      "cleaned_text": "//Bid Details / Minimum number of 1 bids required to disable automatic bid extension ,, -- // Number of days for which Bid 3 would be auto--extended // 1 Number of Auto Extension count /Past Performance 50 % /Bid to RA enabled Yes /RA Qualification Rule H1-Highest Priced Bid Elimination /Type of Bid Two Packet Bid /Time allowed for Technical 2 Days Clarifications during technical evaluation ( / )/Inspection Required (By No Empanelled Inspection Authority / Agencies pre-registered with GeM) /Estimated Bid Value 24800 /Evaluation Method Total value wise evaluation /Arbitration Clause No /Mediation Clause No /EMD Detail /Required No /ePBG Detail /Advisory Bank State Bank of India (%)/ePBG Percentage(%) 3.00 () /Duration of ePBG 3 required (Months). (a). , , / EMD & Performance securityshould be in favour of Beneficiary, wherever it is applicable. 2 / 8",
      "lines": [
        "//Bid Details / Minimum number of 1 bids required to disable automatic bid extension ,, -- // Number of days for which Bid 3 would be auto--extended // 1 Number of Auto Extension count /Past Performance 50 % /Bid to RA enabled Yes /RA Qualification Rule H1-Highest Priced Bid Elimination /Type of Bid Two Packet Bid /Time allowed for Technical 2 Days Clarifications during technical evaluation ( / )/Inspection Required (By No Empanelled Inspection Authority / Agencies pre-registered with GeM) /Estimated Bid Value 24800 /Evaluation Method Total value wise evaluation /Arbitration Clause No /Mediation Clause No /EMD Detail /Required No /ePBG Detail /Advisory Bank State Bank of India (%)/ePBG Percentage(%) 3.00 () /Duration of ePBG 3 required (Months). (a). , , / EMD & Performance securityshould be in favour of Beneficiary, wherever it is applicable. 2 / 8"
      ],
      "tables": [
        [
          [
            "",
            ""
          ],
          [
            "//Bid Details",
            ""
          ],
          [
            "/ Minimum number of bids required to disable automatic bid extension",
            "1"
          ],
          [
            ",, -- // Number of days for which Bid would be auto--extended",
            "3"
          ],
          [
            "// Number of Auto Extension count",
            "1"
          ],
          [
            "/Past Performance",
            "50 %"
          ],
          [
            "/Bid to RA enabled",
            "Yes"
          ],
          [
            "/RA Qualification Rule",
            "H1-Highest Priced Bid Elimination"
          ],
          [
            "/Type of Bid",
            "Two Packet Bid"
          ],
          [
            "/Time allowed for Technical Clarifications during technical evaluation",
            "2 Days"
          ],
          [
            "( / )/Inspection Required (By Empanelled Inspection Authority / Agencies pre-registered with GeM)",
            "No"
          ],
          [
            "/Estimated Bid Value",
            "24800"
          ],
          [
            "/Evaluation Method",
            "Total value wise evaluation"
          ],
          [
            "/Arbitration Clause",
            "No"
          ],
          [
            "/Mediation Clause",
            "No"
          ]
        ],
        [
          [
            "/Required",
            "No"
          ]
        ],
        [
          [
            "/Advisory Bank",
            "State Bank of India"
          ],
          [
            "(%)/ePBG Percentage(%)",
            "3.00"
          ],
          [
            "() /Duration of ePBG required (Months).",
            "3"
          ]
        ]
      ]
    },
    {
      "page_number": 3,
      "used_ocr": false,
      "cleaned_text": "/Beneficiary : OIC GeM 159 General Hospital, Department of Military Affairs, Indian Army, Ministry of Defence (B Bharadwaj) / Bid splitting not applied. /MII Purchase Preference /MII Purchase Preference No /MSE Purchase Preference /MSE Purchase Preference Yes , L1+X% / 15 Purchase Preference to MSE OEMs available upto price within L1+X% / Maximum 25 Percentage of Bid quantity for MSE purchase preference 1. If the bidder is a Micro or Small Enterprise as per latest orders issued by Ministry of MSME, the bidder shall be relaxed from the eligibility criteria of \"Experience Criteria\" as defined above subject to meeting of quality and technical specifications. The bidder seeking Relaxation from Experience Criteria, shall upload the supporting documents to prove his eligibility for Relaxation. 2. If the bidder is a Micro or Small Enterprise (MSE) as per latest orders issued by Ministry of MSME, the bidder shall be relaxed from the eligibility criteria of \"Bidder Turnover\" as defined above subject to meeting of quality and technical specifications. If the bidder itself is MSE OEM of the offered products, it would be relaxed from the \"OEM Average Turnover\" criteria also subject to meeting of quality and technical specifications. The bidder seeking Relaxation from Turnover, shall upload the supporting documents to prove his eligibility for Relaxation. 3. If the bidder is a DPIIT registered Startup, the bidder shall be relaxed from the the eligibility criteria of \"Experience Criteria\" as defined above subject to their meeting of quality and technical specifications. The bidder seeking Relaxation from Experience Criteria, shall upload the supporting documents to prove his eligibility for Relaxation. 4. If the bidder is a DPIIT registered Startup, the bidder shall be relaxed from the the eligibility criteria of \"Bidder Turnover\" as defined above subject to their meeting of quality and technical specifications. If the bidder is DPIIT Registered OEM of the offered products, it would be relaxed from the \"OEM Average Turnover\" criteria also subject to meeting of quality and technical specifications. The bidder seeking Relaxation from Turnover shall upload the supporting documents to prove his eligibility for Relaxation. 5. Experience Criteria: In respect of the filter applied for experience criteria, the Bidder or its OEM of the product offered in the bid {themselves or through reseller(s)} should have regularly, manufactured and supplied same or similar Category Products to any Central / State Govt Organization / PSU for number of Financial years as indicated above in the bid document before the bid opening date. Copies of relevant contracts and delivery acceptance certificates like CRAC to be submitted along with bid in support of having supplied some quantity during each of the Financial year. In case of bunch bids, the category of primary product having highest value should meet this criterion. 6. OEM Turn Over Criteria: The minimum average annual financial turnover of the OEM of the offered product during the last three years, ending on 31st March of the previous financial year, should be as indicated in the bid document. Documentary evidence in the form of certified Audited Balance Sheets of relevant periods or a certificate from the Chartered Accountant / Cost Accountant indicating the turnover details for the relevant period shall be uploaded with the bid. In case the date of constitution / incorporation of the OEM is less than 3 year old, the average turnover in respect of the completed financial years after the date of constitution shall be taken into account for this criteria. 3 / 8",
      "lines": [
        "/Beneficiary : OIC GeM 159 General Hospital, Department of Military Affairs, Indian Army, Ministry of Defence (B Bharadwaj) / Bid splitting not applied. /MII Purchase Preference /MII Purchase Preference No /MSE Purchase Preference /MSE Purchase Preference Yes , L1+X% / 15 Purchase Preference to MSE OEMs available upto price within L1+X% / Maximum 25 Percentage of Bid quantity for MSE purchase preference 1. If the bidder is a Micro or Small Enterprise as per latest orders issued by Ministry of MSME, the bidder shall be relaxed from the eligibility criteria of \"Experience Criteria\" as defined above subject to meeting of quality and technical specifications. The bidder seeking Relaxation from Experience Criteria, shall upload the supporting documents to prove his eligibility for Relaxation. 2. If the bidder is a Micro or Small Enterprise (MSE) as per latest orders issued by Ministry of MSME, the bidder shall be relaxed from the eligibility criteria of \"Bidder Turnover\" as defined above subject to meeting of quality and technical specifications. If the bidder itself is MSE OEM of the offered products, it would be relaxed from the \"OEM Average Turnover\" criteria also subject to meeting of quality and technical specifications. The bidder seeking Relaxation from Turnover, shall upload the supporting documents to prove his eligibility for Relaxation. 3. If the bidder is a DPIIT registered Startup, the bidder shall be relaxed from the the eligibility criteria of \"Experience Criteria\" as defined above subject to their meeting of quality and technical specifications. The bidder seeking Relaxation from Experience Criteria, shall upload the supporting documents to prove his eligibility for Relaxation. 4. If the bidder is a DPIIT registered Startup, the bidder shall be relaxed from the the eligibility criteria of \"Bidder Turnover\" as defined above subject to their meeting of quality and technical specifications. If the bidder is DPIIT Registered OEM of the offered products, it would be relaxed from the \"OEM Average Turnover\" criteria also subject to meeting of quality and technical specifications. The bidder seeking Relaxation from Turnover shall upload the supporting documents to prove his eligibility for Relaxation. 5. Experience Criteria: In respect of the filter applied for experience criteria, the Bidder or its OEM of the product offered in the bid {themselves or through reseller(s)} should have regularly, manufactured and supplied same or similar Category Products to any Central / State Govt Organization / PSU for number of Financial years as indicated above in the bid document before the bid opening date. Copies of relevant contracts and delivery acceptance certificates like CRAC to be submitted along with bid in support of having supplied some quantity during each of the Financial year. In case of bunch bids, the category of primary product having highest value should meet this criterion. 6. OEM Turn Over Criteria: The minimum average annual financial turnover of the OEM of the offered product during the last three years, ending on 31st March of the previous financial year, should be as indicated in the bid document. Documentary evidence in the form of certified Audited Balance Sheets of relevant periods or a certificate from the Chartered Accountant / Cost Accountant indicating the turnover details for the relevant period shall be uploaded with the bid. In case the date of constitution / incorporation of the OEM is less than 3 year old, the average turnover in respect of the completed financial years after the date of constitution shall be taken into account for this criteria. 3 / 8"
      ],
      "tables": [
        [
          [
            "/MII Purchase Preference",
            "No"
          ]
        ],
        [
          [
            "/MSE Purchase Preference",
            "Yes"
          ],
          [
            ", L1+X% / Purchase Preference to MSE OEMs available upto price within L1+X%",
            "15"
          ],
          [
            "/ Maximum Percentage of Bid quantity for MSE purchase preference",
            "25"
          ]
        ]
      ]
    },
    {
      "page_number": 4,
      "used_ocr": false,
      "cleaned_text": "7. Purchase preference will be given to MSEs having valid Udyam Registration and whose credentials are validated online through Udyam Registration portal as defined in Public Procurement Policy for Micro and Small Enterprises (MSEs) Order, 2012 dated 23.03.2012 issued by Ministry of Micro, Small and Medium Enterprises and its subsequent Orders/Notifications issued by concerned Ministry. If the bidder wants to avail themselves of the Purchase preference, the bidder must be the manufacturer / OEM of the offered product on GeM. Traders are excluded from the purview of Public Procurement Policy for Micro and Small Enterprises and hence resellers offering products manufactured by some other OEM are not eligible for any purchase preference. In respect of bid for Services, the bidder must be the Service provider of the offered Service. Relevant documentary evidence in this regard shall be uploaded along with the bid in respect of the offered product or service and Buyer will decide eligibility for purchase preference based on documentary evidence submitted, while evaluating the bid. If L-1 is not an MSE and MSE Seller (s) has / have quoted price within L-1+ 15% (Selected by Buyer) of margin of purchase preference /price band defined in relevant policy, such MSE Seller shall be given opportunity to match L-1 price and contract will be awarded for 25% (selected by Buyer) percentage of total quantity. The buyers are advised to refer the OM No. F.1/4/2021-PPD dated 18.05.2023 OM_No.1_4_2021_PPD_dated_18.05.2023 for compliance of Concurrent application of Public Procurement Policy for Micro and Small Enterprises Order, 2012 and Public Procurement (Preference to Make in India) Order, 2017. Benefits of MSE will be allowed only if seller is validated on-line in GeM profile as well as validated and approved by Buyer after evaluation of documents submitted. 8. Estimated Bid Value indicated above is being declared solely for the purpose of guidance on EMD amount and for determining the Eligibility Criteria related to Turn Over, Past Performance and Project / Past Experience etc. This has no relevance or bearing on the price to be quoted by the bidders and is also not going to have any impact on bid participation. Also this is not going to be used as a criteria in determining reasonableness of quoted prices which would be determined by the buyer based on its own assessment of reasonableness and based on competitive prices received in Bid / RA process. 9. Past Performance: The Bidder or its OEM {themselves or through re-seller(s)} should have supplied same or similar Category Products for 50% of bid quantity, in at least one of the last three Financial years before the bid opening date to any Central / State Govt Organization / PSU. Copies of relevant contracts (proving supply of cumulative order quantity in any one financial year) to be submitted along with bid in support of quantity supplied in the relevant Financial year. In case of bunch bids, the category related to primary product having highest bid value should meet this criterion. 10. Short Duration Bid has been published by the Buyer with the approval of the Competent authority due to Emergency procurement of critical products/services. 11. Reverse Auction would be conducted amongst all the technically qualified bidders except the Highest quoting bidder. The technically qualified Highest Quoting bidder will not be allowed to participate in RA. However, H-1 will also be allowed to participate in RA in following cases: i. If number of technically qualified bidders are only 2 or 3. ii. If Buyer has chosen to split the bid amongst N sellers, and H1 bid is coming within N. iii. In case Primary product of only one OEM is left in contention for participation in RA on elimination of H-1. iv. If L-1 is non-MSE and H-1 is eligible MSE and H-1 price is coming within price band of 15% of Non-MSE L-1 v. If L-1 is non-MII and H-1 is eligible MII and H-1 price is coming within price band of 20% of Non-MII L-1 Behind The Ear Hearing Aid (Digital) ( 2 pieces ) /Technical Specifications * / As per GeM Category Specification /Specification /Bid Requirement /Specification Name (Allowed Values) GENERAL FEATURES Device Programming Programmable Through Software Microphone Omni-Directional PRODUCT Minimum Number of 12 SPECIFICATION Channels/Bands Induction Coil/Telecoil with 75 dB (Min) Sensitivity (at 10mA/m) 4 / 8",
      "lines": [
        "7. Purchase preference will be given to MSEs having valid Udyam Registration and whose credentials are validated online through Udyam Registration portal as defined in Public Procurement Policy for Micro and Small Enterprises (MSEs) Order, 2012 dated 23.03.2012 issued by Ministry of Micro, Small and Medium Enterprises and its subsequent Orders/Notifications issued by concerned Ministry. If the bidder wants to avail themselves of the Purchase preference, the bidder must be the manufacturer / OEM of the offered product on GeM. Traders are excluded from the purview of Public Procurement Policy for Micro and Small Enterprises and hence resellers offering products manufactured by some other OEM are not eligible for any purchase preference. In respect of bid for Services, the bidder must be the Service provider of the offered Service. Relevant documentary evidence in this regard shall be uploaded along with the bid in respect of the offered product or service and Buyer will decide eligibility for purchase preference based on documentary evidence submitted, while evaluating the bid. If L-1 is not an MSE and MSE Seller (s) has / have quoted price within L-1+ 15% (Selected by Buyer) of margin of purchase preference /price band defined in relevant policy, such MSE Seller shall be given opportunity to match L-1 price and contract will be awarded for 25% (selected by Buyer) percentage of total quantity. The buyers are advised to refer the OM No. F.1/4/2021-PPD dated 18.05.2023 OM_No.1_4_2021_PPD_dated_18.05.2023 for compliance of Concurrent application of Public Procurement Policy for Micro and Small Enterprises Order, 2012 and Public Procurement (Preference to Make in India) Order, 2017. Benefits of MSE will be allowed only if seller is validated on-line in GeM profile as well as validated and approved by Buyer after evaluation of documents submitted. 8. Estimated Bid Value indicated above is being declared solely for the purpose of guidance on EMD amount and for determining the Eligibility Criteria related to Turn Over, Past Performance and Project / Past Experience etc. This has no relevance or bearing on the price to be quoted by the bidders and is also not going to have any impact on bid participation. Also this is not going to be used as a criteria in determining reasonableness of quoted prices which would be determined by the buyer based on its own assessment of reasonableness and based on competitive prices received in Bid / RA process. 9. Past Performance: The Bidder or its OEM {themselves or through re-seller(s)} should have supplied same or similar Category Products for 50% of bid quantity, in at least one of the last three Financial years before the bid opening date to any Central / State Govt Organization / PSU. Copies of relevant contracts (proving supply of cumulative order quantity in any one financial year) to be submitted along with bid in support of quantity supplied in the relevant Financial year. In case of bunch bids, the category related to primary product having highest bid value should meet this criterion. 10. Short Duration Bid has been published by the Buyer with the approval of the Competent authority due to Emergency procurement of critical products/services. 11. Reverse Auction would be conducted amongst all the technically qualified bidders except the Highest quoting bidder. The technically qualified Highest Quoting bidder will not be allowed to participate in RA. However, H-1 will also be allowed to participate in RA in following cases: i. If number of technically qualified bidders are only 2 or 3. ii. If Buyer has chosen to split the bid amongst N sellers, and H1 bid is coming within N. iii. In case Primary product of only one OEM is left in contention for participation in RA on elimination of H-1. iv. If L-1 is non-MSE and H-1 is eligible MSE and H-1 price is coming within price band of 15% of Non-MSE L-1 v. If L-1 is non-MII and H-1 is eligible MII and H-1 price is coming within price band of 20% of Non-MII L-1 Behind The Ear Hearing Aid (Digital) ( 2 pieces ) /Technical Specifications * / As per GeM Category Specification /Specification /Bid Requirement /Specification Name (Allowed Values) GENERAL FEATURES Device Programming Programmable Through Software Microphone Omni-Directional PRODUCT Minimum Number of 12 SPECIFICATION Channels/Bands Induction Coil/Telecoil with 75 dB (Min) Sensitivity (at 10mA/m) 4 / 8"
      ],
      "tables": [
        [
          [
            "/Specification",
            "/Specification Name",
            "/Bid Requirement (Allowed Values)"
          ],
          [
            "GENERAL FEATURES",
            "Device Programming",
            "Programmable Through Software"
          ],
          [
            "",
            "Microphone",
            "Omni-Directional"
          ],
          [
            "PRODUCT SPECIFICATION",
            "Minimum Number of Channels/Bands",
            "12"
          ],
          [
            "",
            "Induction Coil/Telecoil with Sensitivity (at 10mA/m)",
            "75 dB (Min)"
          ]
        ]
      ]
    },
    {
      "page_number": 5,
      "used_ocr": false,
      "cleaned_text": "/Specification /Bid Requirement /Specification Name (Allowed Values) CONTROLS Minimum Number of 4 PROVIDED ON EACH Program for Different HEARING AID Listening Conditions AGC/Compression Yes Provision of Adjusting Tone Through Programming WARRANTY Warranty in years (Option 2 Or higher (year) of comprehensive warranty is available through bidding only, which if opted will supersede normal warranty in the catalogue) // /Consignees/Reporting Officer and Quantity // ..../S.N /Delivery o. /Consignee /Address /Quantity Days Reporting/Officer 1 *********** ***********FEROZEPUR 2 15 Special terms and conditions-Version:1 effective from 14-12-2024 for category Behind the Ear Hearing Aid (Digital) 1. 1. All Provisions of Drugs and Cosmetics Act, 1940 and Rules (including Medical Device Rule 2017) made there under as amended till date will always be applicable. This will include all notifications issued by Central Drugs Standard Control Organization (CDSCO), Ministry of Health & Family Welfare (MoHFW) and Department of Pharmaceuticals (DOP), Ministry of Chemicals & Fertilizers time to time in this regard. 2. The sellers are registered on GeM based on self declaration of valid Medical Device License, product certification, test reports etc. However, buyers must check and validate the details at their end for all applicable licenses and certifications e.g., validity and authenticity/genuineness of Medical Device license, product certification, manufacturer certification/licenses, test reports etc. 3. In case of authorized resellers/distributors, it will be the legal & regulatory liability of the manufacturer to ensure that their resellers/distributors are operating in compliance with all relevant laws and regulations and are properly licensed to sell the manufacturer's products, including verifying the validity and authenticity of Medical Device license held by them. 4. The price offered by the seller/bidder shall not, in any case exceed the DPCO/NPPA controlled price or price fixed by State Government, if any. The seller must reduce the prices if there is any reduction in DPCO/NPPA ceiling price or price fixed by State Government, if any. 5. Any other Terms and Conditions which is not included or at variance with the conditions specified in STC/GTC, may be added by the buyer through Additional Terms and Conditions (ATC) in the bid to ensure items are procured from authentic/validated source with appropriate and applicable quality. The above terms and conditions are in reverse order of precedence i.e. ATC shall supersede specific STC which shall supersede General Terms and Conditions (GTC), whenever there are any conflicting provisions. 6. Comprehensive warranty: Comprehensive warranty shall include preventive maintenance including calibration as per technical/ service /operational manual of the manufacturer, service charges and spares. During the warranty period commencing from date of the successful completion of warranty period, Service personnel shall visit each consignee site as recommended in 5 / 8",
      "lines": [
        "/Specification /Bid Requirement /Specification Name (Allowed Values) CONTROLS Minimum Number of 4 PROVIDED ON EACH Program for Different HEARING AID Listening Conditions AGC/Compression Yes Provision of Adjusting Tone Through Programming WARRANTY Warranty in years (Option 2 Or higher (year) of comprehensive warranty is available through bidding only, which if opted will supersede normal warranty in the catalogue) // /Consignees/Reporting Officer and Quantity // ..../S.N /Delivery o. /Consignee /Address /Quantity Days Reporting/Officer 1 *********** ***********FEROZEPUR 2 15 Special terms and conditions-Version:1 effective from 14-12-2024 for category Behind the Ear Hearing Aid (Digital) 1. 1. All Provisions of Drugs and Cosmetics Act, 1940 and Rules (including Medical Device Rule 2017) made there under as amended till date will always be applicable. This will include all notifications issued by Central Drugs Standard Control Organization (CDSCO), Ministry of Health & Family Welfare (MoHFW) and Department of Pharmaceuticals (DOP), Ministry of Chemicals & Fertilizers time to time in this regard. 2. The sellers are registered on GeM based on self declaration of valid Medical Device License, product certification, test reports etc. However, buyers must check and validate the details at their end for all applicable licenses and certifications e.g., validity and authenticity/genuineness of Medical Device license, product certification, manufacturer certification/licenses, test reports etc. 3. In case of authorized resellers/distributors, it will be the legal & regulatory liability of the manufacturer to ensure that their resellers/distributors are operating in compliance with all relevant laws and regulations and are properly licensed to sell the manufacturer's products, including verifying the validity and authenticity of Medical Device license held by them. 4. The price offered by the seller/bidder shall not, in any case exceed the DPCO/NPPA controlled price or price fixed by State Government, if any. The seller must reduce the prices if there is any reduction in DPCO/NPPA ceiling price or price fixed by State Government, if any. 5. Any other Terms and Conditions which is not included or at variance with the conditions specified in STC/GTC, may be added by the buyer through Additional Terms and Conditions (ATC) in the bid to ensure items are procured from authentic/validated source with appropriate and applicable quality. The above terms and conditions are in reverse order of precedence i.e. ATC shall supersede specific STC which shall supersede General Terms and Conditions (GTC), whenever there are any conflicting provisions. 6. Comprehensive warranty: Comprehensive warranty shall include preventive maintenance including calibration as per technical/ service /operational manual of the manufacturer, service charges and spares. During the warranty period commencing from date of the successful completion of warranty period, Service personnel shall visit each consignee site as recommended in 5 / 8"
      ],
      "tables": [
        [
          [
            "",
            "",
            ""
          ],
          [
            "",
            "",
            ""
          ],
          [
            "/Specification",
            "/Specification Name",
            "/Bid Requirement (Allowed Values)"
          ],
          [
            "CONTROLS PROVIDED ON EACH HEARING AID",
            "Minimum Number of Program for Different Listening Conditions",
            "4"
          ],
          [
            "",
            "AGC/Compression",
            "Yes"
          ],
          [
            "",
            "Provision of Adjusting Tone",
            "Through Programming"
          ],
          [
            "WARRANTY",
            "Warranty in years (Option of comprehensive warranty is available through bidding only, which if opted will supersede normal warranty in the catalogue)",
            "2 Or higher (year)"
          ]
        ],
        [
          [
            "..../S.N o.",
            "// /Consignee Reporting/Officer",
            "/Address",
            "/Quantity",
            "/Delivery Days"
          ],
          [
            "1",
            "***********",
            "***********FEROZEPUR",
            "2",
            "15"
          ]
        ]
      ]
    },
    {
      "page_number": 6,
      "used_ocr": false,
      "cleaned_text": "the manufacturer's technical/ service /operational manual, at least once in six months. warranty shall not be including the consumables. Further there will be 98% uptime warranty during warranty period on 24 (hrs) X 7 (days) X 365 (days) basis, with penalty, to extend warranty period by double the downtime period. 7. Service centres: Details of Service outlets in India to render services for equipment to be furnished to buyer/consignees with complete address, telephone numbers, e mails etc at time of making the supplies. It shall be the responsibility of seller to ensure that authorized service centres are available to cater to the areas where supplies are made within reasonable distance from where the service calls can be handled. Details of toll-free numbers for service call and online registration of service requests also to be provided buyer/consignee at the time of supplies. 8. Source of supply: It shall be responsibility of seller to provide Documents regarding source of equipments such as copy of Performa invoice or any other documents to establish that the products supplied are manufactured by OEM indicated and sourced from them. 9. Packing and Marking: Medical equipments being very delicate and sensitive packing for the goods should be strong and durable enough to withstand transit including transhipment (if any), rough handling, open storage etc. without any damage, deterioration etc. .The size, weights and volumes of the packing cases, remoteness of the final destination of the goods, availability or otherwise of transport and handling facilities at all points during transit up to final destination,. Quality of packing, the manner of marking within & outside the packages and provision of accompanying documentation shall take into consideration the type of medical equipments being supplied. The accessories shall be suitably labelled and packed. Each of the package shall be marked on three sides with indelible paint of proper quality: indicating contract number and date, brief description of goods including quantity, Packing list reference number, country of origin of goods and any other relevant details. 10. Spare Parts: Seller shall provide materials, information etc. pertaining to spare parts manufactured and supplied by the OEM. It shall be ensured that the required spares are available for purchase at least for 10 years from date of supplies. In case due to any reasons the production of the spare parts is discontinued sufficient advance notice should be given to the buyer/consignee before such discontinuation to provide adequate time to purchase the required spare parts etc. Further, OEM and their service centres/dealers shall carry sufficient inventories to assure ex-stock supply of consumables and spares for the equipments so that the same are available. OEM or reseller shall always accord most favoured client status to the buyer/consignee and shall give the most competitive price for spares and consumables of its machines/equipments supplied. 11. Installation, Training, Manuals: Seller shall be responsible to carry out Installation & commissioning, Supervision and Demonstration of the goods. They shall provide required jigs and tools for assembly, minor civil works for the completion of the installation and Training of Consignee's representatives for operating and maintaining the equipment and supplying required number of operation & maintenance manual for the goods. In case the category parameters are specifying any requirements regarding the installations, training and manuals the same shall also be applicable. 12. Electrical safety checking: Sellers are required to make sure that they furnish the list of equipments for carrying out routine and preventive maintenance to buyer/consignee .They should make sure to periodically check the electrical safety aspects as per BIS Safety Standards or equivalent .In case they do not have required equipment for such testing should ensure that the equipments checked for electrical safety compliance through labs with facilities for such checking during every preventive maintenance call. 13. Software: All software updates should be provided free of cost during warranty period. 14. /Buyer Added Bid Specific Terms and Conditions 1. Generic OPTION CLAUSE: The Purchaser reserves the right to increase or decrease the quantity to be ordered up to 25 percent of bid quantity at the time of placement of contract. The purchaser also reserves the right to increase the ordered quantity up to 25% of the contracted quantity during the currency of the contract at the contracted rates. The delivery period of quantity shall commence from the last date of original delivery order and in cases where option clause is exercised during the extended delivery period the additional time shall commence from the last date of extended delivery period. The additional delivery time shall be (Increased quantity ÷ Original quantity) × Original delivery period (in days), subject to minimum of 30 days. If the original delivery period is less than 30 days, the additional time equals the original delivery period. The Purchaser may extend this calculated delivery duration up to the original 6 / 8",
      "lines": [
        "the manufacturer's technical/ service /operational manual, at least once in six months. warranty shall not be including the consumables. Further there will be 98% uptime warranty during warranty period on 24 (hrs) X 7 (days) X 365 (days) basis, with penalty, to extend warranty period by double the downtime period. 7. Service centres: Details of Service outlets in India to render services for equipment to be furnished to buyer/consignees with complete address, telephone numbers, e mails etc at time of making the supplies. It shall be the responsibility of seller to ensure that authorized service centres are available to cater to the areas where supplies are made within reasonable distance from where the service calls can be handled. Details of toll-free numbers for service call and online registration of service requests also to be provided buyer/consignee at the time of supplies. 8. Source of supply: It shall be responsibility of seller to provide Documents regarding source of equipments such as copy of Performa invoice or any other documents to establish that the products supplied are manufactured by OEM indicated and sourced from them. 9. Packing and Marking: Medical equipments being very delicate and sensitive packing for the goods should be strong and durable enough to withstand transit including transhipment (if any), rough handling, open storage etc. without any damage, deterioration etc. .The size, weights and volumes of the packing cases, remoteness of the final destination of the goods, availability or otherwise of transport and handling facilities at all points during transit up to final destination,. Quality of packing, the manner of marking within & outside the packages and provision of accompanying documentation shall take into consideration the type of medical equipments being supplied. The accessories shall be suitably labelled and packed. Each of the package shall be marked on three sides with indelible paint of proper quality: indicating contract number and date, brief description of goods including quantity, Packing list reference number, country of origin of goods and any other relevant details. 10. Spare Parts: Seller shall provide materials, information etc. pertaining to spare parts manufactured and supplied by the OEM. It shall be ensured that the required spares are available for purchase at least for 10 years from date of supplies. In case due to any reasons the production of the spare parts is discontinued sufficient advance notice should be given to the buyer/consignee before such discontinuation to provide adequate time to purchase the required spare parts etc. Further, OEM and their service centres/dealers shall carry sufficient inventories to assure ex-stock supply of consumables and spares for the equipments so that the same are available. OEM or reseller shall always accord most favoured client status to the buyer/consignee and shall give the most competitive price for spares and consumables of its machines/equipments supplied. 11. Installation, Training, Manuals: Seller shall be responsible to carry out Installation & commissioning, Supervision and Demonstration of the goods. They shall provide required jigs and tools for assembly, minor civil works for the completion of the installation and Training of Consignee's representatives for operating and maintaining the equipment and supplying required number of operation & maintenance manual for the goods. In case the category parameters are specifying any requirements regarding the installations, training and manuals the same shall also be applicable. 12. Electrical safety checking: Sellers are required to make sure that they furnish the list of equipments for carrying out routine and preventive maintenance to buyer/consignee .They should make sure to periodically check the electrical safety aspects as per BIS Safety Standards or equivalent .In case they do not have required equipment for such testing should ensure that the equipments checked for electrical safety compliance through labs with facilities for such checking during every preventive maintenance call. 13. Software: All software updates should be provided free of cost during warranty period. 14. /Buyer Added Bid Specific Terms and Conditions 1. Generic OPTION CLAUSE: The Purchaser reserves the right to increase or decrease the quantity to be ordered up to 25 percent of bid quantity at the time of placement of contract. The purchaser also reserves the right to increase the ordered quantity up to 25% of the contracted quantity during the currency of the contract at the contracted rates. The delivery period of quantity shall commence from the last date of original delivery order and in cases where option clause is exercised during the extended delivery period the additional time shall commence from the last date of extended delivery period. The additional delivery time shall be (Increased quantity ÷ Original quantity) × Original delivery period (in days), subject to minimum of 30 days. If the original delivery period is less than 30 days, the additional time equals the original delivery period. The Purchaser may extend this calculated delivery duration up to the original 6 / 8"
      ],
      "tables": []
    },
    {
      "page_number": 7,
      "used_ocr": false,
      "cleaned_text": "delivery period while exercising the option clause. Bidders must comply with these terms. 2. Buyer Added Bid Specific ATC Buyer uploaded ATC document Click here to view the file. /Disclaimer The additional terms and conditions have been incorporated by the Buyer after approval of the Competent Authority in Buyer Organization, whereby Buyer organization is solely responsible for the impact of these clauses on the bidding process, its outcome, and consequences thereof including any eccentricity / restriction arising in the bidding process due to these ATCs and due to modification of technical specifications and / or terms and conditions governing the bid. If any clause(s) is / are incorporated by the Buyer regarding following, the bid and resultant contracts shall be treated as null and void and such bids may be cancelled by GeM at any stage of bidding process without any notice:- 1. Definition of Class I and Class II suppliers in the bid not in line with the extant Order / Office Memorandum issued by DPIIT in this regard. 2. Seeking EMD submission from bidder(s), including via Additional Terms & Conditions, in contravention to exemption provided to such sellers under GeM GTC. 3. Publishing Custom / BOQ bids for items for which regular GeM categories are available without any Category item bunched with it. 4. Creating BoQ bid for single item. 5. Mentioning specific Brand or Make or Model or Manufacturer or Dealer name. 6. Mandating submission of documents in physical form as a pre-requisite to qualify bidders. 7. Floating / creation of work contracts as Custom Bids in Services. 8. Seeking sample with bid or approval of samples during bid evaluation process. (However, in bids for attached categories, trials are allowed as per approved procurement policy of the buyer nodal Ministries) 9. Mandating foreign / international certifications even in case of existence of Indian Standards without specifying equivalent Indian Certification / standards. 10. Seeking experience from specific organization / department / institute only or from foreign / export experience. 11. Creating bid for items from irrelevant categories. 12. Incorporating any clause against the MSME policy and Preference to Make in India Policy. 13. Reference of conditions published on any external site or reference to external documents/clauses. 14. Asking for any Tender fee / Bid Participation fee / Auction fee in case of Bids / Forward Auction, as the case may be. 15. Buyer added ATC Clauses which are in contravention of clauses defined by buyer in system generated bid template as indicated above in the Bid Details section, EMD Detail, ePBG Detail and MII and MSE Purchase Preference sections of the bid, unless otherwise allowed by GeM GTC. 16. In a category based bid, adding additional items, through buyer added additional scope of work/ additional terms and conditions/or any other document. If buyer needs more items along with the main item, the same must be added through bunching category based items or by bunching custom catalogs or bunching a BoQ with the main category based item, the same must not be done through ATC or Scope of Work. Further, if any seller has any objection/grievance against these additional clauses or otherwise on any aspect of this bid, they can raise their representation against the same by using the Representation window provided in the bid details field in Seller dashboard after logging in as a seller within 4 days of bid publication on GeM. Buyer is duty bound to reply to all such representations and would not be allowed to open bids if he fails to reply to such representations. All GeM Sellers/Service Providers shall ensure full compliance with all applicable labour laws, including the provisions, rules, schemes and guidelines under the four Labour Codes i.e. the Code on Wages, 2019; the Industrial Relations Code, 2020; the Occupational Safety, Health and Working Conditions Code, 2020; and the Code on Social Security, 2020 as and when notified and brought into 7 / 8",
      "lines": [
        "delivery period while exercising the option clause. Bidders must comply with these terms. 2. Buyer Added Bid Specific ATC Buyer uploaded ATC document Click here to view the file. /Disclaimer The additional terms and conditions have been incorporated by the Buyer after approval of the Competent Authority in Buyer Organization, whereby Buyer organization is solely responsible for the impact of these clauses on the bidding process, its outcome, and consequences thereof including any eccentricity / restriction arising in the bidding process due to these ATCs and due to modification of technical specifications and / or terms and conditions governing the bid. If any clause(s) is / are incorporated by the Buyer regarding following, the bid and resultant contracts shall be treated as null and void and such bids may be cancelled by GeM at any stage of bidding process without any notice:- 1. Definition of Class I and Class II suppliers in the bid not in line with the extant Order / Office Memorandum issued by DPIIT in this regard. 2. Seeking EMD submission from bidder(s), including via Additional Terms & Conditions, in contravention to exemption provided to such sellers under GeM GTC. 3. Publishing Custom / BOQ bids for items for which regular GeM categories are available without any Category item bunched with it. 4. Creating BoQ bid for single item. 5. Mentioning specific Brand or Make or Model or Manufacturer or Dealer name. 6. Mandating submission of documents in physical form as a pre-requisite to qualify bidders. 7. Floating / creation of work contracts as Custom Bids in Services. 8. Seeking sample with bid or approval of samples during bid evaluation process. (However, in bids for attached categories, trials are allowed as per approved procurement policy of the buyer nodal Ministries) 9. Mandating foreign / international certifications even in case of existence of Indian Standards without specifying equivalent Indian Certification / standards. 10. Seeking experience from specific organization / department / institute only or from foreign / export experience. 11. Creating bid for items from irrelevant categories. 12. Incorporating any clause against the MSME policy and Preference to Make in India Policy. 13. Reference of conditions published on any external site or reference to external documents/clauses. 14. Asking for any Tender fee / Bid Participation fee / Auction fee in case of Bids / Forward Auction, as the case may be. 15. Buyer added ATC Clauses which are in contravention of clauses defined by buyer in system generated bid template as indicated above in the Bid Details section, EMD Detail, ePBG Detail and MII and MSE Purchase Preference sections of the bid, unless otherwise allowed by GeM GTC. 16. In a category based bid, adding additional items, through buyer added additional scope of work/ additional terms and conditions/or any other document. If buyer needs more items along with the main item, the same must be added through bunching category based items or by bunching custom catalogs or bunching a BoQ with the main category based item, the same must not be done through ATC or Scope of Work. Further, if any seller has any objection/grievance against these additional clauses or otherwise on any aspect of this bid, they can raise their representation against the same by using the Representation window provided in the bid details field in Seller dashboard after logging in as a seller within 4 days of bid publication on GeM. Buyer is duty bound to reply to all such representations and would not be allowed to open bids if he fails to reply to such representations. All GeM Sellers/Service Providers shall ensure full compliance with all applicable labour laws, including the provisions, rules, schemes and guidelines under the four Labour Codes i.e. the Code on Wages, 2019; the Industrial Relations Code, 2020; the Occupational Safety, Health and Working Conditions Code, 2020; and the Code on Social Security, 2020 as and when notified and brought into 7 / 8"
      ],
      "tables": []
    },
    {
      "page_number": 8,
      "used_ocr": false,
      "cleaned_text": "force by the Government of India. For all provisions of the Labour Codes that are pending operationalisation through rules, schemes or notifications, the corresponding provisions of the pre-existing labour enactments (such as The Minimum Wages Act, 1948, The Payment of Wages Act, 1936, The Payment of Bonus Act, 1965, The Equal Remuneration Act, 1976, The Payment of Gratuity Act, 1972, etc. and relevant State Rules) shall continue to remain applicable. The Seller/ Service Providers shall, therefore, be responsible for ensuring compliance under: All notified and enforceable provisions of the new Labour Codes as mentioned hereinabove; and All operative provisions of the erstwhile Labour Laws until their complete substitution. All obligations relating to wages, social security, safety, working conditions, industrial relations etc. and any other statutory requirements shall be strictly met by the Seller/ Service Provider. Any non- compliance shall constitute a breach of the contract and shall entitle the Buyer to take appropriate action in accordance with the contract and applicable law. /This Bid is also governed by the General Terms and Conditions 26 /In terms of GeM GTC clause 26 regarding Restrictions on procurement from a bidder of a country which shares a land border with India, any bidder from a country which shares a land border with India will be eligible to bid in this tender only if the bidder is registered with the Competent Authority. While participating in bid, Bidder has to undertake compliance of this and any false declaration and non-compliance of this would be a ground for immediate termination of the contract and further legal action in accordance with the laws. ---/Thank You--- 8 / 8",
      "lines": [
        "force by the Government of India. For all provisions of the Labour Codes that are pending operationalisation through rules, schemes or notifications, the corresponding provisions of the pre-existing labour enactments (such as The Minimum Wages Act, 1948, The Payment of Wages Act, 1936, The Payment of Bonus Act, 1965, The Equal Remuneration Act, 1976, The Payment of Gratuity Act, 1972, etc. and relevant State Rules) shall continue to remain applicable. The Seller/ Service Providers shall, therefore, be responsible for ensuring compliance under: All notified and enforceable provisions of the new Labour Codes as mentioned hereinabove; and All operative provisions of the erstwhile Labour Laws until their complete substitution. All obligations relating to wages, social security, safety, working conditions, industrial relations etc. and any other statutory requirements shall be strictly met by the Seller/ Service Provider. Any non- compliance shall constitute a breach of the contract and shall entitle the Buyer to take appropriate action in accordance with the contract and applicable law. /This Bid is also governed by the General Terms and Conditions 26 /In terms of GeM GTC clause 26 regarding Restrictions on procurement from a bidder of a country which shares a land border with India, any bidder from a country which shares a land border with India will be eligible to bid in this tender only if the bidder is registered with the Competent Authority. While participating in bid, Bidder has to undertake compliance of this and any false declaration and non-compliance of this would be a ground for immediate termination of the contract and further legal action in accordance with the laws. ---/Thank You--- 8 / 8"
      ],
      "tables": []
    }
  ],
  "links": [
    {
      "page_number": 1,
      "uri": "https://bidplus.gem.gov.in/bidding/downloadOmppdfile/",
      "attachment_filename": null,
      "rect": null,
      "label": null,
      "source": "dict:/URI"
    },
    {
      "page_number": 1,
      "uri": "https://bidplus.gem.gov.in/bidding/bid/showCatalogue/k_xYxpj7FaEgIr3qyz2q3yvFkioCQVLuYfIsC55TQVE",
      "attachment_filename": null,
      "rect": null,
      "label": null,
      "source": "dict:/URI"
    },
    {
      "page_number": 1,
      "uri": "https://fulfilment.gem.gov.in/contract/slafds?fileDownloadPath=SLA_UPLOAD_PATH/2025/Dec/GEM_2025_B_7055561/CLM0010/RIC_5d3c91f3-5137-4f07-819e1767083279604_bbharadwaj771.pdf",
      "attachment_filename": null,
      "rect": null,
      "label": null,
      "source": "dict:/URI"
    },
    {
      "page_number": 1,
      "uri": "https://assets-bg.gem.gov.in/resources/upload/shared_doc/list-of-categories-where-trials-are-allowed_1712126171.pdf",
      "attachment_filename": null,
      "rect": null,
      "label": null,
      "source": "dict:/URI"
    },
    {
      "page_number": 1,
      "uri": "https://admin.gem.gov.in/apis/v1/gtc/pdfByDate/?date=20251230",
      "attachment_filename": null,
      "rect": null,
      "label": null,
      "source": "dict:/URI"
    },
    {
      "page_number": 2,
      "uri": "https://bidplus.gem.gov.in/bidding/downloadOmppdfile/",
      "attachment_filename": null,
      "rect": null,
      "label": null,
      "source": "dict:/URI"
    },
    {
      "page_number": 2,
      "uri": "https://bidplus.gem.gov.in/bidding/bid/showCatalogue/k_xYxpj7FaEgIr3qyz2q3yvFkioCQVLuYfIsC55TQVE",
      "attachment_filename": null,
      "rect": null,
      "label": null,
      "source": "dict:/URI"
    },
    {
      "page_number": 2,
      "uri": "https://fulfilment.gem.gov.in/contract/slafds?fileDownloadPath=SLA_UPLOAD_PATH/2025/Dec/GEM_2025_B_7055561/CLM0010/RIC_5d3c91f3-5137-4f07-819e1767083279604_bbharadwaj771.pdf",
      "attachment_filename": null,
      "rect": null,
      "label": null,
      "source": "dict:/URI"
    },
    {
      "page_number": 2,
      "uri": "https://assets-bg.gem.gov.in/resources/upload/shared_doc/list-of-categories-where-trials-are-allowed_1712126171.pdf",
      "attachment_filename": null,
      "rect": null,
      "label": null,
      "source": "dict:/URI"
    },
    {
      "page_number": 2,
      "uri": "https://admin.gem.gov.in/apis/v1/gtc/pdfByDate/?date=20251230",
      "attachment_filename": null,
      "rect": null,
      "label": null,
      "source": "dict:/URI"
    },
    {
      "page_number": 3,
      "uri": "https://bidplus.gem.gov.in/bidding/downloadOmppdfile/",
      "attachment_filename": null,
      "rect": null,
      "label": null,
      "source": "dict:/URI"
    },
    {
      "page_number": 3,
      "uri": "https://bidplus.gem.gov.in/bidding/bid/showCatalogue/k_xYxpj7FaEgIr3qyz2q3yvFkioCQVLuYfIsC55TQVE",
      "attachment_filename": null,
      "rect": null,
      "label": null,
      "source": "dict:/URI"
    },
    {
      "page_number": 3,
      "uri": "https://fulfilment.gem.gov.in/contract/slafds?fileDownloadPath=SLA_UPLOAD_PATH/2025/Dec/GEM_2025_B_7055561/CLM0010/RIC_5d3c91f3-5137-4f07-819e1767083279604_bbharadwaj771.pdf",
      "attachment_filename": null,
      "rect": null,
      "label": null,
      "source": "dict:/URI"
    },
    {
      "page_number": 3,
      "uri": "https://assets-bg.gem.gov.in/resources/upload/shared_doc/list-of-categories-where-trials-are-allowed_1712126171.pdf",
      "attachment_filename": null,
      "rect": null,
      "label": null,
      "source": "dict:/URI"
    },
    {
      "page_number": 3,
      "uri": "https://admin.gem.gov.in/apis/v1/gtc/pdfByDate/?date=20251230",
      "attachment_filename": null,
      "rect": null,
      "label": null,
      "source": "dict:/URI"
    },
    {
      "page_number": 4,
      "uri": "https://bidplus.gem.gov.in/bidding/downloadOmppdfile/",
      "attachment_filename": null,
      "rect": [
        323.25,
        627.5,
        510.0,
        638.75
      ],
      "label": "(Allowed   Values)",
      "source": "dict:/URI"
    },
    {
      "page_number": 4,
      "uri": "https://bidplus.gem.gov.in/bidding/bid/showCatalogue/k_xYxpj7FaEgIr3qyz2q3yvFkioCQVLuYfIsC55TQVE",
      "attachment_filename": null,
      "rect": [
        40.5,
        245.0,
        341.25,
        256.25
      ],
      "label": "validated submitted. on-line in GeM profile as well as validated and approved by Buyer",
      "source": "dict:/URI"
    },
    {
      "page_number": 4,
      "uri": "https://bidplus.gem.gov.in/bidding/downloadOmppdfile/",
      "attachment_filename": null,
      "rect": null,
      "label": null,
      "source": "dict:/URI"
    },
    {
      "page_number": 4,
      "uri": "https://bidplus.gem.gov.in/bidding/bid/showCatalogue/k_xYxpj7FaEgIr3qyz2q3yvFkioCQVLuYfIsC55TQVE",
      "attachment_filename": null,
      "rect": null,
      "label": null,
      "source": "dict:/URI"
    },
    {
      "page_number": 4,
      "uri": "https://fulfilment.gem.gov.in/contract/slafds?fileDownloadPath=SLA_UPLOAD_PATH/2025/Dec/GEM_2025_B_7055561/CLM0010/RIC_5d3c91f3-5137-4f07-819e1767083279604_bbharadwaj771.pdf",
      "attachment_filename": null,
      "rect": null,
      "label": null,
      "source": "dict:/URI"
    },
    {
      "page_number": 4,
      "uri": "https://assets-bg.gem.gov.in/resources/upload/shared_doc/list-of-categories-where-trials-are-allowed_1712126171.pdf",
      "attachment_filename": null,
      "rect": null,
      "label": null,
      "source": "dict:/URI"
    },
    {
      "page_number": 4,
      "uri": "https://admin.gem.gov.in/apis/v1/gtc/pdfByDate/?date=20251230",
      "attachment_filename": null,
      "rect": null,
      "label": null,
      "source": "dict:/URI"
    },
    {
      "page_number": 5,
      "uri": "https://bidplus.gem.gov.in/bidding/downloadOmppdfile/",
      "attachment_filename": null,
      "rect": null,
      "label": null,
      "source": "dict:/URI"
    },
    {
      "page_number": 5,
      "uri": "https://bidplus.gem.gov.in/bidding/bid/showCatalogue/k_xYxpj7FaEgIr3qyz2q3yvFkioCQVLuYfIsC55TQVE",
      "attachment_filename": null,
      "rect": null,
      "label": null,
      "source": "dict:/URI"
    },
    {
      "page_number": 5,
      "uri": "https://fulfilment.gem.gov.in/contract/slafds?fileDownloadPath=SLA_UPLOAD_PATH/2025/Dec/GEM_2025_B_7055561/CLM0010/RIC_5d3c91f3-5137-4f07-819e1767083279604_bbharadwaj771.pdf",
      "attachment_filename": null,
      "rect": null,
      "label": null,
      "source": "dict:/URI"
    },
    {
      "page_number": 5,
      "uri": "https://assets-bg.gem.gov.in/resources/upload/shared_doc/list-of-categories-where-trials-are-allowed_1712126171.pdf",
      "attachment_filename": null,
      "rect": null,
      "label": null,
      "source": "dict:/URI"
    },
    {
      "page_number": 5,
      "uri": "https://admin.gem.gov.in/apis/v1/gtc/pdfByDate/?date=20251230",
      "attachment_filename": null,
      "rect": null,
      "label": null,
      "source": "dict:/URI"
    },
    {
      "page_number": 6,
      "uri": "https://bidplus.gem.gov.in/bidding/downloadOmppdfile/",
      "attachment_filename": null,
      "rect": null,
      "label": null,
      "source": "dict:/URI"
    },
    {
      "page_number": 6,
      "uri": "https://bidplus.gem.gov.in/bidding/bid/showCatalogue/k_xYxpj7FaEgIr3qyz2q3yvFkioCQVLuYfIsC55TQVE",
      "attachment_filename": null,
      "rect": null,
      "label": null,
      "source": "dict:/URI"
    },
    {
      "page_number": 6,
      "uri": "https://fulfilment.gem.gov.in/contract/slafds?fileDownloadPath=SLA_UPLOAD_PATH/2025/Dec/GEM_2025_B_7055561/CLM0010/RIC_5d3c91f3-5137-4f07-819e1767083279604_bbharadwaj771.pdf",
      "attachment_filename": null,
      "rect": null,
      "label": null,
      "source": "dict:/URI"
    },
    {
      "page_number": 6,
      "uri": "https://assets-bg.gem.gov.in/resources/upload/shared_doc/list-of-categories-where-trials-are-allowed_1712126171.pdf",
      "attachment_filename": null,
      "rect": null,
      "label": null,
      "source": "dict:/URI"
    },
    {
      "page_number": 6,
      "uri": "https://admin.gem.gov.in/apis/v1/gtc/pdfByDate/?date=20251230",
      "attachment_filename": null,
      "rect": null,
      "label": null,
      "source": "dict:/URI"
    },
    {
      "page_number": 7,
      "uri": "https://fulfilment.gem.gov.in/contract/slafds?fileDownloadPath=SLA_UPLOAD_PATH/2025/Dec/GEM_2025_B_7055561/CLM0010/RIC_5d3c91f3-5137-4f07-819e1767083279604_bbharadwaj771.pdf",
      "attachment_filename": null,
      "rect": [
        215.25,
        727.25,
        330.75,
        738.5
      ],
      "label": "shall ensure full compliance",
      "source": "dict:/URI"
    },
    {
      "page_number": 7,
      "uri": "https://assets-bg.gem.gov.in/resources/upload/shared_doc/list-of-categories-where-trials-are-allowed_1712126171.pdf",
      "attachment_filename": null,
      "rect": [
        72.0,
        422.75,
        162.0,
        434.0
      ],
      "label": "Mandating foreign /",
      "source": "dict:/URI"
    },
    {
      "page_number": 7,
      "uri": "https://bidplus.gem.gov.in/bidding/downloadOmppdfile/",
      "attachment_filename": null,
      "rect": null,
      "label": null,
      "source": "dict:/URI"
    },
    {
      "page_number": 7,
      "uri": "https://bidplus.gem.gov.in/bidding/bid/showCatalogue/k_xYxpj7FaEgIr3qyz2q3yvFkioCQVLuYfIsC55TQVE",
      "attachment_filename": null,
      "rect": null,
      "label": null,
      "source": "dict:/URI"
    },
    {
      "page_number": 7,
      "uri": "https://fulfilment.gem.gov.in/contract/slafds?fileDownloadPath=SLA_UPLOAD_PATH/2025/Dec/GEM_2025_B_7055561/CLM0010/RIC_5d3c91f3-5137-4f07-819e1767083279604_bbharadwaj771.pdf",
      "attachment_filename": null,
      "rect": null,
      "label": null,
      "source": "dict:/URI"
    },
    {
      "page_number": 7,
      "uri": "https://assets-bg.gem.gov.in/resources/upload/shared_doc/list-of-categories-where-trials-are-allowed_1712126171.pdf",
      "attachment_filename": null,
      "rect": null,
      "label": null,
      "source": "dict:/URI"
    },
    {
      "page_number": 7,
      "uri": "https://admin.gem.gov.in/apis/v1/gtc/pdfByDate/?date=20251230",
      "attachment_filename": null,
      "rect": null,
      "label": null,
      "source": "dict:/URI"
    },
    {
      "page_number": 8,
      "uri": "https://admin.gem.gov.in/apis/v1/gtc/pdfByDate/?date=20251230",
      "attachment_filename": null,
      "rect": [
        63.0,
        563.0,
        531.75,
        574.25
      ],
      "label": null,
      "source": "dict:/URI"
    },
    {
      "page_number": 8,
      "uri": "https://bidplus.gem.gov.in/bidding/downloadOmppdfile/",
      "attachment_filename": null,
      "rect": null,
      "label": null,
      "source": "dict:/URI"
    },
    {
      "page_number": 8,
      "uri": "https://bidplus.gem.gov.in/bidding/bid/showCatalogue/k_xYxpj7FaEgIr3qyz2q3yvFkioCQVLuYfIsC55TQVE",
      "attachment_filename": null,
      "rect": null,
      "label": null,
      "source": "dict:/URI"
    },
    {
      "page_number": 8,
      "uri": "https://fulfilment.gem.gov.in/contract/slafds?fileDownloadPath=SLA_UPLOAD_PATH/2025/Dec/GEM_2025_B_7055561/CLM0010/RIC_5d3c91f3-5137-4f07-819e1767083279604_bbharadwaj771.pdf",
      "attachment_filename": null,
      "rect": null,
      "label": null,
      "source": "dict:/URI"
    },
    {
      "page_number": 8,
      "uri": "https://assets-bg.gem.gov.in/resources/upload/shared_doc/list-of-categories-where-trials-are-allowed_1712126171.pdf",
      "attachment_filename": null,
      "rect": null,
      "label": null,
      "source": "dict:/URI"
    },
    {
      "page_number": 8,
      "uri": "https://admin.gem.gov.in/apis/v1/gtc/pdfByDate/?date=20251230",
      "attachment_filename": null,
      "rect": null,
      "label": null,
      "source": "dict:/URI"
    }
  ],
  "combined_cleaned_text": "/Bid Number: GEM/2025/B/7055561 /Dated: 30-12-2025 / Bid Document //Bid Details // /Bid End Date/Time 06-01-2026 14:00:00 // /Bid Opening 06-01-2026 14:30:00 Date/Time (( ))/Bid Offer 180 (Days) Validity (From End Date) // /Ministry/State Name Ministry Of Defence /Department Name Department Of Military Affairs /Organisation Name Indian Army /Office Name *********** /Total Quantity 2 /Item Category Behind the Ear Hearing Aid (Digital) (Q2) (( 33 1 Lakh (s) ))/OEM Average Turnover (Last 3 Years) // /Years of Past Experience Required for 2 Year (s) same/similar service / MSE Relaxation for Years Of Experience Yes | Complete and Turnover / Startup Relaxation for Years Of Yes | Complete Experience and Turnover Experience Criteria,Past Performance,Bidder Turnover,Certificate (Requested in ATC),OEM Authorization Certificate,OEM Annual Turnover,Compliance of BoQ /Document required specification and supporting document from seller *In case any bidder is seeking exemption from Experience / Turnover Criteria, the supporting documents to prove his eligibility for exemption must be uploaded for evaluation by the buyer Yes (Documents submitted as part of a clarification or representation during the tender/bid process will also be ?? /Do you want to show displayed to other participated bidders after log in) documents uploaded by bidders to all bidders participated in bid? 1 / 8\n\n//Bid Details / Minimum number of 1 bids required to disable automatic bid extension ,, -- // Number of days for which Bid 3 would be auto--extended // 1 Number of Auto Extension count /Past Performance 50 % /Bid to RA enabled Yes /RA Qualification Rule H1-Highest Priced Bid Elimination /Type of Bid Two Packet Bid /Time allowed for Technical 2 Days Clarifications during technical evaluation ( / )/Inspection Required (By No Empanelled Inspection Authority / Agencies pre-registered with GeM) /Estimated Bid Value 24800 /Evaluation Method Total value wise evaluation /Arbitration Clause No /Mediation Clause No /EMD Detail /Required No /ePBG Detail /Advisory Bank State Bank of India (%)/ePBG Percentage(%) 3.00 () /Duration of ePBG 3 required (Months). (a). , , / EMD & Performance securityshould be in favour of Beneficiary, wherever it is applicable. 2 / 8\n\n/Beneficiary : OIC GeM 159 General Hospital, Department of Military Affairs, Indian Army, Ministry of Defence (B Bharadwaj) / Bid splitting not applied. /MII Purchase Preference /MII Purchase Preference No /MSE Purchase Preference /MSE Purchase Preference Yes , L1+X% / 15 Purchase Preference to MSE OEMs available upto price within L1+X% / Maximum 25 Percentage of Bid quantity for MSE purchase preference 1. If the bidder is a Micro or Small Enterprise as per latest orders issued by Ministry of MSME, the bidder shall be relaxed from the eligibility criteria of \"Experience Criteria\" as defined above subject to meeting of quality and technical specifications. The bidder seeking Relaxation from Experience Criteria, shall upload the supporting documents to prove his eligibility for Relaxation. 2. If the bidder is a Micro or Small Enterprise (MSE) as per latest orders issued by Ministry of MSME, the bidder shall be relaxed from the eligibility criteria of \"Bidder Turnover\" as defined above subject to meeting of quality and technical specifications. If the bidder itself is MSE OEM of the offered products, it would be relaxed from the \"OEM Average Turnover\" criteria also subject to meeting of quality and technical specifications. The bidder seeking Relaxation from Turnover, shall upload the supporting documents to prove his eligibility for Relaxation. 3. If the bidder is a DPIIT registered Startup, the bidder shall be relaxed from the the eligibility criteria of \"Experience Criteria\" as defined above subject to their meeting of quality and technical specifications. The bidder seeking Relaxation from Experience Criteria, shall upload the supporting documents to prove his eligibility for Relaxation. 4. If the bidder is a DPIIT registered Startup, the bidder shall be relaxed from the the eligibility criteria of \"Bidder Turnover\" as defined above subject to their meeting of quality and technical specifications. If the bidder is DPIIT Registered OEM of the offered products, it would be relaxed from the \"OEM Average Turnover\" criteria also subject to meeting of quality and technical specifications. The bidder seeking Relaxation from Turnover shall upload the supporting documents to prove his eligibility for Relaxation. 5. Experience Criteria: In respect of the filter applied for experience criteria, the Bidder or its OEM of the product offered in the bid {themselves or through reseller(s)} should have regularly, manufactured and supplied same or similar Category Products to any Central / State Govt Organization / PSU for number of Financial years as indicated above in the bid document before the bid opening date. Copies of relevant contracts and delivery acceptance certificates like CRAC to be submitted along with bid in support of having supplied some quantity during each of the Financial year. In case of bunch bids, the category of primary product having highest value should meet this criterion. 6. OEM Turn Over Criteria: The minimum average annual financial turnover of the OEM of the offered product during the last three years, ending on 31st March of the previous financial year, should be as indicated in the bid document. Documentary evidence in the form of certified Audited Balance Sheets of relevant periods or a certificate from the Chartered Accountant / Cost Accountant indicating the turnover details for the relevant period shall be uploaded with the bid. In case the date of constitution / incorporation of the OEM is less than 3 year old, the average turnover in respect of the completed financial years after the date of constitution shall be taken into account for this criteria. 3 / 8\n\n7. Purchase preference will be given to MSEs having valid Udyam Registration and whose credentials are validated online through Udyam Registration portal as defined in Public Procurement Policy for Micro and Small Enterprises (MSEs) Order, 2012 dated 23.03.2012 issued by Ministry of Micro, Small and Medium Enterprises and its subsequent Orders/Notifications issued by concerned Ministry. If the bidder wants to avail themselves of the Purchase preference, the bidder must be the manufacturer / OEM of the offered product on GeM. Traders are excluded from the purview of Public Procurement Policy for Micro and Small Enterprises and hence resellers offering products manufactured by some other OEM are not eligible for any purchase preference. In respect of bid for Services, the bidder must be the Service provider of the offered Service. Relevant documentary evidence in this regard shall be uploaded along with the bid in respect of the offered product or service and Buyer will decide eligibility for purchase preference based on documentary evidence submitted, while evaluating the bid. If L-1 is not an MSE and MSE Seller (s) has / have quoted price within L-1+ 15% (Selected by Buyer) of margin of purchase preference /price band defined in relevant policy, such MSE Seller shall be given opportunity to match L-1 price and contract will be awarded for 25% (selected by Buyer) percentage of total quantity. The buyers are advised to refer the OM No. F.1/4/2021-PPD dated 18.05.2023 OM_No.1_4_2021_PPD_dated_18.05.2023 for compliance of Concurrent application of Public Procurement Policy for Micro and Small Enterprises Order, 2012 and Public Procurement (Preference to Make in India) Order, 2017. Benefits of MSE will be allowed only if seller is validated on-line in GeM profile as well as validated and approved by Buyer after evaluation of documents submitted. 8. Estimated Bid Value indicated above is being declared solely for the purpose of guidance on EMD amount and for determining the Eligibility Criteria related to Turn Over, Past Performance and Project / Past Experience etc. This has no relevance or bearing on the price to be quoted by the bidders and is also not going to have any impact on bid participation. Also this is not going to be used as a criteria in determining reasonableness of quoted prices which would be determined by the buyer based on its own assessment of reasonableness and based on competitive prices received in Bid / RA process. 9. Past Performance: The Bidder or its OEM {themselves or through re-seller(s)} should have supplied same or similar Category Products for 50% of bid quantity, in at least one of the last three Financial years before the bid opening date to any Central / State Govt Organization / PSU. Copies of relevant contracts (proving supply of cumulative order quantity in any one financial year) to be submitted along with bid in support of quantity supplied in the relevant Financial year. In case of bunch bids, the category related to primary product having highest bid value should meet this criterion. 10. Short Duration Bid has been published by the Buyer with the approval of the Competent authority due to Emergency procurement of critical products/services. 11. Reverse Auction would be conducted amongst all the technically qualified bidders except the Highest quoting bidder. The technically qualified Highest Quoting bidder will not be allowed to participate in RA. However, H-1 will also be allowed to participate in RA in following cases: i. If number of technically qualified bidders are only 2 or 3. ii. If Buyer has chosen to split the bid amongst N sellers, and H1 bid is coming within N. iii. In case Primary product of only one OEM is left in contention for participation in RA on elimination of H-1. iv. If L-1 is non-MSE and H-1 is eligible MSE and H-1 price is coming within price band of 15% of Non-MSE L-1 v. If L-1 is non-MII and H-1 is eligible MII and H-1 price is coming within price band of 20% of Non-MII L-1 Behind The Ear Hearing Aid (Digital) ( 2 pieces ) /Technical Specifications * / As per GeM Category Specification /Specification /Bid Requirement /Specification Name (Allowed Values) GENERAL FEATURES Device Programming Programmable Through Software Microphone Omni-Directional PRODUCT Minimum Number of 12 SPECIFICATION Channels/Bands Induction Coil/Telecoil with 75 dB (Min) Sensitivity (at 10mA/m) 4 / 8\n\n/Specification /Bid Requirement /Specification Name (Allowed Values) CONTROLS Minimum Number of 4 PROVIDED ON EACH Program for Different HEARING AID Listening Conditions AGC/Compression Yes Provision of Adjusting Tone Through Programming WARRANTY Warranty in years (Option 2 Or higher (year) of comprehensive warranty is available through bidding only, which if opted will supersede normal warranty in the catalogue) // /Consignees/Reporting Officer and Quantity // ..../S.N /Delivery o. /Consignee /Address /Quantity Days Reporting/Officer 1 *********** ***********FEROZEPUR 2 15 Special terms and conditions-Version:1 effective from 14-12-2024 for category Behind the Ear Hearing Aid (Digital) 1. 1. All Provisions of Drugs and Cosmetics Act, 1940 and Rules (including Medical Device Rule 2017) made there under as amended till date will always be applicable. This will include all notifications issued by Central Drugs Standard Control Organization (CDSCO), Ministry of Health & Family Welfare (MoHFW) and Department of Pharmaceuticals (DOP), Ministry of Chemicals & Fertilizers time to time in this regard. 2. The sellers are registered on GeM based on self declaration of valid Medical Device License, product certification, test reports etc. However, buyers must check and validate the details at their end for all applicable licenses and certifications e.g., validity and authenticity/genuineness of Medical Device license, product certification, manufacturer certification/licenses, test reports etc. 3. In case of authorized resellers/distributors, it will be the legal & regulatory liability of the manufacturer to ensure that their resellers/distributors are operating in compliance with all relevant laws and regulations and are properly licensed to sell the manufacturer's products, including verifying the validity and authenticity of Medical Device license held by them. 4. The price offered by the seller/bidder shall not, in any case exceed the DPCO/NPPA controlled price or price fixed by State Government, if any. The seller must reduce the prices if there is any reduction in DPCO/NPPA ceiling price or price fixed by State Government, if any. 5. Any other Terms and Conditions which is not included or at variance with the conditions specified in STC/GTC, may be added by the buyer through Additional Terms and Conditions (ATC) in the bid to ensure items are procured from authentic/validated source with appropriate and applicable quality. The above terms and conditions are in reverse order of precedence i.e. ATC shall supersede specific STC which shall supersede General Terms and Conditions (GTC), whenever there are any conflicting provisions. 6. Comprehensive warranty: Comprehensive warranty shall include preventive maintenance including calibration as per technical/ service /operational manual of the manufacturer, service charges and spares. During the warranty period commencing from date of the successful completion of warranty period, Service personnel shall visit each consignee site as recommended in 5 / 8\n\nthe manufacturer's technical/ service /operational manual, at least once in six months. warranty shall not be including the consumables. Further there will be 98% uptime warranty during warranty period on 24 (hrs) X 7 (days) X 365 (days) basis, with penalty, to extend warranty period by double the downtime period. 7. Service centres: Details of Service outlets in India to render services for equipment to be furnished to buyer/consignees with complete address, telephone numbers, e mails etc at time of making the supplies. It shall be the responsibility of seller to ensure that authorized service centres are available to cater to the areas where supplies are made within reasonable distance from where the service calls can be handled. Details of toll-free numbers for service call and online registration of service requests also to be provided buyer/consignee at the time of supplies. 8. Source of supply: It shall be responsibility of seller to provide Documents regarding source of equipments such as copy of Performa invoice or any other documents to establish that the products supplied are manufactured by OEM indicated and sourced from them. 9. Packing and Marking: Medical equipments being very delicate and sensitive packing for the goods should be strong and durable enough to withstand transit including transhipment (if any), rough handling, open storage etc. without any damage, deterioration etc. .The size, weights and volumes of the packing cases, remoteness of the final destination of the goods, availability or otherwise of transport and handling facilities at all points during transit up to final destination,. Quality of packing, the manner of marking within & outside the packages and provision of accompanying documentation shall take into consideration the type of medical equipments being supplied. The accessories shall be suitably labelled and packed. Each of the package shall be marked on three sides with indelible paint of proper quality: indicating contract number and date, brief description of goods including quantity, Packing list reference number, country of origin of goods and any other relevant details. 10. Spare Parts: Seller shall provide materials, information etc. pertaining to spare parts manufactured and supplied by the OEM. It shall be ensured that the required spares are available for purchase at least for 10 years from date of supplies. In case due to any reasons the production of the spare parts is discontinued sufficient advance notice should be given to the buyer/consignee before such discontinuation to provide adequate time to purchase the required spare parts etc. Further, OEM and their service centres/dealers shall carry sufficient inventories to assure ex-stock supply of consumables and spares for the equipments so that the same are available. OEM or reseller shall always accord most favoured client status to the buyer/consignee and shall give the most competitive price for spares and consumables of its machines/equipments supplied. 11. Installation, Training, Manuals: Seller shall be responsible to carry out Installation & commissioning, Supervision and Demonstration of the goods. They shall provide required jigs and tools for assembly, minor civil works for the completion of the installation and Training of Consignee's representatives for operating and maintaining the equipment and supplying required number of operation & maintenance manual for the goods. In case the category parameters are specifying any requirements regarding the installations, training and manuals the same shall also be applicable. 12. Electrical safety checking: Sellers are required to make sure that they furnish the list of equipments for carrying out routine and preventive maintenance to buyer/consignee .They should make sure to periodically check the electrical safety aspects as per BIS Safety Standards or equivalent .In case they do not have required equipment for such testing should ensure that the equipments checked for electrical safety compliance through labs with facilities for such checking during every preventive maintenance call. 13. Software: All software updates should be provided free of cost during warranty period. 14. /Buyer Added Bid Specific Terms and Conditions 1. Generic OPTION CLAUSE: The Purchaser reserves the right to increase or decrease the quantity to be ordered up to 25 percent of bid quantity at the time of placement of contract. The purchaser also reserves the right to increase the ordered quantity up to 25% of the contracted quantity during the currency of the contract at the contracted rates. The delivery period of quantity shall commence from the last date of original delivery order and in cases where option clause is exercised during the extended delivery period the additional time shall commence from the last date of extended delivery period. The additional delivery time shall be (Increased quantity ÷ Original quantity) × Original delivery period (in days), subject to minimum of 30 days. If the original delivery period is less than 30 days, the additional time equals the original delivery period. The Purchaser may extend this calculated delivery duration up to the original 6 / 8\n\ndelivery period while exercising the option clause. Bidders must comply with these terms. 2. Buyer Added Bid Specific ATC Buyer uploaded ATC document Click here to view the file. /Disclaimer The additional terms and conditions have been incorporated by the Buyer after approval of the Competent Authority in Buyer Organization, whereby Buyer organization is solely responsible for the impact of these clauses on the bidding process, its outcome, and consequences thereof including any eccentricity / restriction arising in the bidding process due to these ATCs and due to modification of technical specifications and / or terms and conditions governing the bid. If any clause(s) is / are incorporated by the Buyer regarding following, the bid and resultant contracts shall be treated as null and void and such bids may be cancelled by GeM at any stage of bidding process without any notice:- 1. Definition of Class I and Class II suppliers in the bid not in line with the extant Order / Office Memorandum issued by DPIIT in this regard. 2. Seeking EMD submission from bidder(s), including via Additional Terms & Conditions, in contravention to exemption provided to such sellers under GeM GTC. 3. Publishing Custom / BOQ bids for items for which regular GeM categories are available without any Category item bunched with it. 4. Creating BoQ bid for single item. 5. Mentioning specific Brand or Make or Model or Manufacturer or Dealer name. 6. Mandating submission of documents in physical form as a pre-requisite to qualify bidders. 7. Floating / creation of work contracts as Custom Bids in Services. 8. Seeking sample with bid or approval of samples during bid evaluation process. (However, in bids for attached categories, trials are allowed as per approved procurement policy of the buyer nodal Ministries) 9. Mandating foreign / international certifications even in case of existence of Indian Standards without specifying equivalent Indian Certification / standards. 10. Seeking experience from specific organization / department / institute only or from foreign / export experience. 11. Creating bid for items from irrelevant categories. 12. Incorporating any clause against the MSME policy and Preference to Make in India Policy. 13. Reference of conditions published on any external site or reference to external documents/clauses. 14. Asking for any Tender fee / Bid Participation fee / Auction fee in case of Bids / Forward Auction, as the case may be. 15. Buyer added ATC Clauses which are in contravention of clauses defined by buyer in system generated bid template as indicated above in the Bid Details section, EMD Detail, ePBG Detail and MII and MSE Purchase Preference sections of the bid, unless otherwise allowed by GeM GTC. 16. In a category based bid, adding additional items, through buyer added additional scope of work/ additional terms and conditions/or any other document. If buyer needs more items along with the main item, the same must be added through bunching category based items or by bunching custom catalogs or bunching a BoQ with the main category based item, the same must not be done through ATC or Scope of Work. Further, if any seller has any objection/grievance against these additional clauses or otherwise on any aspect of this bid, they can raise their representation against the same by using the Representation window provided in the bid details field in Seller dashboard after logging in as a seller within 4 days of bid publication on GeM. Buyer is duty bound to reply to all such representations and would not be allowed to open bids if he fails to reply to such representations. All GeM Sellers/Service Providers shall ensure full compliance with all applicable labour laws, including the provisions, rules, schemes and guidelines under the four Labour Codes i.e. the Code on Wages, 2019; the Industrial Relations Code, 2020; the Occupational Safety, Health and Working Conditions Code, 2020; and the Code on Social Security, 2020 as and when notified and brought into 7 / 8\n\nforce by the Government of India. For all provisions of the Labour Codes that are pending operationalisation through rules, schemes or notifications, the corresponding provisions of the pre-existing labour enactments (such as The Minimum Wages Act, 1948, The Payment of Wages Act, 1936, The Payment of Bonus Act, 1965, The Equal Remuneration Act, 1976, The Payment of Gratuity Act, 1972, etc. and relevant State Rules) shall continue to remain applicable. The Seller/ Service Providers shall, therefore, be responsible for ensuring compliance under: All notified and enforceable provisions of the new Labour Codes as mentioned hereinabove; and All operative provisions of the erstwhile Labour Laws until their complete substitution. All obligations relating to wages, social security, safety, working conditions, industrial relations etc. and any other statutory requirements shall be strictly met by the Seller/ Service Provider. Any non- compliance shall constitute a breach of the contract and shall entitle the Buyer to take appropriate action in accordance with the contract and applicable law. /This Bid is also governed by the General Terms and Conditions 26 /In terms of GeM GTC clause 26 regarding Restrictions on procurement from a bidder of a country which shares a land border with India, any bidder from a country which shares a land border with India will be eligible to bid in this tender only if the bidder is registered with the Competent Authority. While participating in bid, Bidder has to undertake compliance of this and any false declaration and non-compliance of this would be a ground for immediate termination of the contract and further legal action in accordance with the laws. ---/Thank You--- 8 / 8"
}