{
  "source_file": "GEM_2025_B_6962927.pdf",
  "num_pages": 9,
  "pages": [
    {
      "page_number": 1,
      "used_ocr": false,
      "cleaned_text": "/Bid Number: GEM/2025/B/6962927 /Dated: 05-12-2025 / Bid Document //Bid Details // /Bid End Date/Time 15-12-2025 15:00:00 // /Bid Opening 15-12-2025 15:30:00 Date/Time (( ))/Bid Offer 180 (Days) Validity (From End Date) // /Ministry/State Name Ministry Of Defence /Department Name Department Of Military Affairs /Organisation Name Indian Army /Office Name *********** /Total Quantity 1 High End laptop with Intel Ultra 7 255h Processor, 32 GB /Item Category RAM, 1024 GB SSD, with Win Home GeMARPTS / Searched High End laptop with Intel Ultra 7 255h Processor, 32 GB Strings used in GeMARPTS RAM, 1024 GB SSD, with Win Home GeMARPTS / Searched Category not available on GeM for the text string uploaded Result generated in GeMARPTS by the buyer / Relevant computer kiosk Categories selected for notification Rugged Notebook - Laptop ((33 )) /Minimum Average Annual Turnover of the 1 Lakh (s) bidder (For 3 Years) (( 33 1 Lakh (s) ))/OEM Average Turnover (Last 3 Years) // /Years of Past Experience Required for 1 Year (s) same/similar service / MSE Exemption for Years Of Experience Yes | Complete and Turnover / Startup Yes | Partial | Experience - 1 year (s) Exemption for Years Of Experience 1 / 9",
      "lines": [
        "/Bid Number: GEM/2025/B/6962927 /Dated: 05-12-2025 / Bid Document //Bid Details // /Bid End Date/Time 15-12-2025 15:00:00 // /Bid Opening 15-12-2025 15:30:00 Date/Time (( ))/Bid Offer 180 (Days) Validity (From End Date) // /Ministry/State Name Ministry Of Defence /Department Name Department Of Military Affairs /Organisation Name Indian Army /Office Name *********** /Total Quantity 1 High End laptop with Intel Ultra 7 255h Processor, 32 GB /Item Category RAM, 1024 GB SSD, with Win Home GeMARPTS / Searched High End laptop with Intel Ultra 7 255h Processor, 32 GB Strings used in GeMARPTS RAM, 1024 GB SSD, with Win Home GeMARPTS / Searched Category not available on GeM for the text string uploaded Result generated in GeMARPTS by the buyer / Relevant computer kiosk Categories selected for notification Rugged Notebook - Laptop ((33 )) /Minimum Average Annual Turnover of the 1 Lakh (s) bidder (For 3 Years) (( 33 1 Lakh (s) ))/OEM Average Turnover (Last 3 Years) // /Years of Past Experience Required for 1 Year (s) same/similar service / MSE Exemption for Years Of Experience Yes | Complete and Turnover / Startup Yes | Partial | Experience - 1 year (s) Exemption for Years Of Experience 1 / 9"
      ],
      "tables": [
        [
          [
            "//Bid Details",
            ""
          ],
          [
            "// /Bid End Date/Time",
            "15-12-2025 15:00:00"
          ],
          [
            "// /Bid Opening Date/Time",
            "15-12-2025 15:30:00"
          ],
          [
            "(( ))/Bid Offer Validity (From End Date)",
            "180 (Days)"
          ],
          [
            "// /Ministry/State Name",
            "Ministry Of Defence"
          ],
          [
            "/Department Name",
            "Department Of Military Affairs"
          ],
          [
            "/Organisation Name",
            "Indian Army"
          ],
          [
            "/Office Name",
            "***********"
          ],
          [
            "/Total Quantity",
            "1"
          ],
          [
            "/Item Category",
            "High End laptop with Intel Ultra 7 255h Processor, 32 GB RAM, 1024 GB SSD, with Win Home"
          ],
          [
            "GeMARPTS / Searched Strings used in GeMARPTS",
            "High End laptop with Intel Ultra 7 255h Processor, 32 GB RAM, 1024 GB SSD, with Win Home"
          ],
          [
            "GeMARPTS / Searched Result generated in GeMARPTS",
            "Category not available on GeM for the text string uploaded by the buyer"
          ],
          [
            "/ Relevant Categories selected for notification",
            "computer kiosk Rugged Notebook - Laptop"
          ],
          [
            "((33 )) /Minimum Average Annual Turnover of the bidder (For 3 Years)",
            "1 Lakh (s)"
          ],
          [
            "(( 33 ))/OEM Average Turnover (Last 3 Years)",
            "1 Lakh (s)"
          ],
          [
            "// /Years of Past Experience Required for same/similar service",
            "1 Year (s)"
          ],
          [
            "/ MSE Exemption for Years Of Experience and Turnover",
            "Yes | Complete"
          ],
          [
            "/ Startup Exemption for Years Of Experience",
            "Yes | Partial | Experience - 1 year (s)"
          ],
          [
            "",
            ""
          ]
        ]
      ]
    },
    {
      "page_number": 2,
      "used_ocr": false,
      "cleaned_text": "//Bid Details Experience Criteria,Past Performance,Bidder Turnover,Certificate (Requested in ATC),OEM Authorization Certificate,OEM Annual Turnover,Compliance of BoQ /Document required specification and supporting document from seller *In case any bidder is seeking exemption from Experience / Turnover Criteria, the supporting documents to prove his eligibility for exemption must be uploaded for evaluation by the buyer Yes (Documents submitted as part of a clarification or representation during the tender/bid process will also be ?? /Do you want to show displayed to other participated bidders after log in) documents uploaded by bidders to all bidders participated in bid? / Minimum number of 3 bids required to disable automatic bid extension ,, -- // Number of days for which Bid 7 would be auto--extended // 2 Number of Auto Extension count /Past Performance 50 % /Bid to RA enabled Yes /RA Qualification Rule 50% Lowest Priced Technically Qualified Bidders /Type of Bid Two Packet Bid /Time allowed for Technical 2 Days Clarifications during technical evaluation ( / )/Inspection Required (By No Empanelled Inspection Authority / Agencies pre-registered with GeM) /Evaluation Method Total value wise evaluation /Arbitration Clause No /Mediation Clause No /EMD Detail /Required No /ePBG Detail 2 / 9",
      "lines": [
        "//Bid Details Experience Criteria,Past Performance,Bidder Turnover,Certificate (Requested in ATC),OEM Authorization Certificate,OEM Annual Turnover,Compliance of BoQ /Document required specification and supporting document from seller *In case any bidder is seeking exemption from Experience / Turnover Criteria, the supporting documents to prove his eligibility for exemption must be uploaded for evaluation by the buyer Yes (Documents submitted as part of a clarification or representation during the tender/bid process will also be ?? /Do you want to show displayed to other participated bidders after log in) documents uploaded by bidders to all bidders participated in bid? / Minimum number of 3 bids required to disable automatic bid extension ,, -- // Number of days for which Bid 7 would be auto--extended // 2 Number of Auto Extension count /Past Performance 50 % /Bid to RA enabled Yes /RA Qualification Rule 50% Lowest Priced Technically Qualified Bidders /Type of Bid Two Packet Bid /Time allowed for Technical 2 Days Clarifications during technical evaluation ( / )/Inspection Required (By No Empanelled Inspection Authority / Agencies pre-registered with GeM) /Evaluation Method Total value wise evaluation /Arbitration Clause No /Mediation Clause No /EMD Detail /Required No /ePBG Detail 2 / 9"
      ],
      "tables": [
        [
          [
            "",
            ""
          ],
          [
            "//Bid Details",
            ""
          ],
          [
            "/Document required from seller",
            "Experience Criteria,Past Performance,Bidder Turnover,Certificate (Requested in ATC),OEM Authorization Certificate,OEM Annual Turnover,Compliance of BoQ specification and supporting document *In case any bidder is seeking exemption from Experience / Turnover Criteria, the supporting documents to prove his eligibility for exemption must be uploaded for evaluation by the buyer"
          ],
          [
            "?? /Do you want to show documents uploaded by bidders to all bidders participated in bid?",
            "Yes (Documents submitted as part of a clarification or representation during the tender/bid process will also be displayed to other participated bidders after log in)"
          ],
          [
            "/ Minimum number of bids required to disable automatic bid extension",
            "3"
          ],
          [
            ",, -- // Number of days for which Bid would be auto--extended",
            "7"
          ],
          [
            "// Number of Auto Extension count",
            "2"
          ],
          [
            "/Past Performance",
            "50 %"
          ],
          [
            "/Bid to RA enabled",
            "Yes"
          ],
          [
            "/RA Qualification Rule",
            "50% Lowest Priced Technically Qualified Bidders"
          ],
          [
            "/Type of Bid",
            "Two Packet Bid"
          ],
          [
            "/Time allowed for Technical Clarifications during technical evaluation",
            "2 Days"
          ],
          [
            "( / )/Inspection Required (By Empanelled Inspection Authority / Agencies pre-registered with GeM)",
            "No"
          ],
          [
            "/Evaluation Method",
            "Total value wise evaluation"
          ],
          [
            "/Arbitration Clause",
            "No"
          ],
          [
            "/Mediation Clause",
            "No"
          ]
        ],
        [
          [
            "/Required",
            "No"
          ]
        ]
      ]
    },
    {
      "page_number": 3,
      "used_ocr": false,
      "cleaned_text": "/Advisory Bank State Bank of India (%)/ePBG Percentage(%) 5.00 () /Duration of ePBG 12 required (Months). (a). , , / EMD & Performance securityshould be in favour of Beneficiary, wherever it is applicable. /Beneficiary : Commanding Officer 189 Military Hospital, Panagarh Military Station, Panagarh cantt, Panagarh-713420. (Commanding Officer) / Bid splitting not applied. / MII Purchase Preference / MII Purchase Preference Yes , L1+X% / Purchase 20 Preference to MII sellers availabele upto price within L1+X% / Maximum Percentage of Bid 50 quantity for MII purchase preference /MSE Purchase Preference /MSE Purchase Preference Yes , L1+X% / 15 Purchase Preference to MSE OEMs available upto price within L1+X% / Maximum 25 Percentage of Bid quantity for MSE purchase preference 1. If the bidder is a Micro or Small Enterprise as per latest orders issued by Ministry of MSME, the bidder shall be exempted from the eligibility criteria of \"Experience Criteria\" as defined above subject to meeting of quality and technical specifications. The bidder seeking exemption from Experience Criteria, shall upload the supporting documents to prove his eligibility for exemption. 2. If the bidder is a Micro or Small Enterprise (MSE) as per latest orders issued by Ministry of MSME, the bidder shall be exempted from the eligibility criteria of \"Bidder Turnover\" as defined above subject to meeting of quality and technical specifications. If the bidder itself is MSE OEM of the offered products, it would be exempted from 3 / 9",
      "lines": [
        "/Advisory Bank State Bank of India (%)/ePBG Percentage(%) 5.00 () /Duration of ePBG 12 required (Months). (a). , , / EMD & Performance securityshould be in favour of Beneficiary, wherever it is applicable. /Beneficiary : Commanding Officer 189 Military Hospital, Panagarh Military Station, Panagarh cantt, Panagarh-713420. (Commanding Officer) / Bid splitting not applied. / MII Purchase Preference / MII Purchase Preference Yes , L1+X% / Purchase 20 Preference to MII sellers availabele upto price within L1+X% / Maximum Percentage of Bid 50 quantity for MII purchase preference /MSE Purchase Preference /MSE Purchase Preference Yes , L1+X% / 15 Purchase Preference to MSE OEMs available upto price within L1+X% / Maximum 25 Percentage of Bid quantity for MSE purchase preference 1. If the bidder is a Micro or Small Enterprise as per latest orders issued by Ministry of MSME, the bidder shall be exempted from the eligibility criteria of \"Experience Criteria\" as defined above subject to meeting of quality and technical specifications. The bidder seeking exemption from Experience Criteria, shall upload the supporting documents to prove his eligibility for exemption. 2. If the bidder is a Micro or Small Enterprise (MSE) as per latest orders issued by Ministry of MSME, the bidder shall be exempted from the eligibility criteria of \"Bidder Turnover\" as defined above subject to meeting of quality and technical specifications. If the bidder itself is MSE OEM of the offered products, it would be exempted from 3 / 9"
      ],
      "tables": [
        [
          [
            "/Advisory Bank",
            "State Bank of India"
          ],
          [
            "(%)/ePBG Percentage(%)",
            "5.00"
          ],
          [
            "() /Duration of ePBG required (Months).",
            "12"
          ]
        ],
        [
          [
            "/ MII Purchase Preference",
            "Yes"
          ],
          [
            ", L1+X% / Purchase Preference to MII sellers availabele upto price within L1+X%",
            "20"
          ],
          [
            "/ Maximum Percentage of Bid quantity for MII purchase preference",
            "50"
          ]
        ],
        [
          [
            "/MSE Purchase Preference",
            "Yes"
          ],
          [
            ", L1+X% / Purchase Preference to MSE OEMs available upto price within L1+X%",
            "15"
          ],
          [
            "/ Maximum Percentage of Bid quantity for MSE purchase preference",
            "25"
          ]
        ]
      ]
    },
    {
      "page_number": 4,
      "used_ocr": false,
      "cleaned_text": "the \"OEM Average Turnover\" criteria also subject to meeting of quality and technical specifications. The bidder seeking exemption from Turnover, shall upload the supporting documents to prove his eligibility for exemption. 3. If the bidder is a DPIIT registered Startup, the bidder shall be exempted from the the eligibility criteria of \"Experience Criteria\" as defined above subject to their meeting of quality and technical specifications. The bidder seeking exemption from Experience Criteria, shall upload the supporting documents to prove his eligibility for exemption. 4. The minimum average annual financial turnover of the bidder during the last three years, ending on 31st March of the previous financial year, should be as indicated above in the bid document. Documentary evidence in the form of certified Audited Balance Sheets of relevant periods or a certificate from the Chartered Accountant / Cost Accountant indicating the turnover details for the relevant period shall be uploaded with the bid. In case the date of constitution / incorporation of the bidder is less than 3-year-old, the average turnover in respect of the completed financial years after the date of constitution shall be taken into account for this criteria. 5. Experience Criteria: In respect of the filter applied for experience criteria, the Bidder or its OEM of the product offered in the bid {themselves or through reseller(s)} should have regularly, manufactured and supplied same or similar Category Products to any Central / State Govt Organization / PSU for number of Financial years as indicated above in the bid document before the bid opening date. Copies of relevant contracts and delivery acceptance certificates like CRAC to be submitted along with bid in support of having supplied some quantity during each of the Financial year. In case of bunch bids, the category of primary product having highest value should meet this criterion. 6. OEM Turn Over Criteria: The minimum average annual financial turnover of the OEM of the offered product during the last three years, ending on 31st March of the previous financial year, should be as indicated in the bid document. Documentary evidence in the form of certified Audited Balance Sheets of relevant periods or a certificate from the Chartered Accountant / Cost Accountant indicating the turnover details for the relevant period shall be uploaded with the bid. In case the date of constitution / incorporation of the OEM is less than 3 year old, the average turnover in respect of the completed financial years after the date of constitution shall be taken into account for this criteria. 7. Preference to Make In India products (For bids < 200 Crore):Preference shall be given to Class 1 local supplier as defined in public procurement (Preference to Make in India), Order 2017 as amended from time to time and its subsequent Orders/Notifications issued by concerned Nodal Ministry for specific Goods/Products. The minimum local content to qualify as a Class 1 local supplier is denoted in the bid document. If the bidder wants to avail the Purchase preference, the bidder must upload a certificate from the OEM regarding the percentage of the local content and the details of locations at which the local value addition is made along with their bid, failing which no purchase preference shall be granted. In case the bid value is more than Rs 10 Crore, the declaration relating to percentage of local content shall be certified by the statutory auditor or cost auditor, if the OEM is a company and by a practicing cost accountant or a chartered accountant for OEMs other than companies as per the Public Procurement (preference to Make-in -India) order 2017 dated 04.06.2020. Only Class-I and Class-II Local suppliers as per MII order dated 4.6.2020 will be eligible to bid. Non - Local suppliers as per MII order dated 04.06.2020 are not eligible to participate. However, eligible micro and small enterprises will be allowed to participate.The buyers are advised to refer the OM No.F.1/4/2021-PPD dated 18.05.2023 OM_No.1_4_2021_PPD_dated_18.05.2023 for compliance of Concurrent application of Public Procurement Policy for Micro and Small Enterprises Order, 2012 and Public Procurement (Preference to Make in India) Order, 2017. 8. Purchase preference will be given to MSEs having valid Udyam Registration and whose credentials are validated online through Udyam Registration portal as defined in Public Procurement Policy for Micro and Small Enterprises (MSEs) Order, 2012 dated 23.03.2012 issued by Ministry of Micro, Small and Medium Enterprises and its subsequent Orders/Notifications issued by concerned Ministry. If the bidder wants to avail themselves of the Purchase preference, the bidder must be the manufacturer / OEM of the offered product on GeM. Traders are excluded from the purview of Public Procurement Policy for Micro and Small Enterprises and hence resellers offering products manufactured by some other OEM are not eligible for any purchase preference. In respect of bid for Services, the bidder must be the Service provider of the offered Service. Relevant documentary evidence in this regard shall be uploaded along with the bid in respect of the offered product or service and Buyer will decide eligibility for purchase preference based on documentary evidence submitted, while evaluating the bid. If L-1 is not an MSE and MSE Seller (s) has / have quoted price within L-1+ 15% (Selected by Buyer) of margin of purchase preference /price band defined in relevant policy, such MSE Seller shall be given opportunity to match L-1 price and contract will be awarded for 25% (selected by Buyer) percentage of total quantity. The buyers are advised to refer the OM No. F.1/4/2021-PPD dated 18.05.2023 OM_No.1_4_2021_PPD_dated_18.05.2023 for compliance of Concurrent application of Public Procurement Policy for Micro and Small Enterprises Order, 2012 and Public Procurement (Preference to Make in India) Order, 2017. Benefits of MSE will be allowed only if seller is validated on-line in GeM profile as well as validated and approved by Buyer after evaluation of documents submitted. 9. Past Performance: The Bidder or its OEM {themselves or through re-seller(s)} should have supplied same or similar Category Products for 50% of bid quantity, in at least one of the last three Financial years before the bid opening date to any Central / State Govt Organization / PSU. Copies of relevant contracts (proving supply of cumulative order quantity in any one financial year) to be submitted along with bid in support of quantity 4 / 9",
      "lines": [
        "the \"OEM Average Turnover\" criteria also subject to meeting of quality and technical specifications. The bidder seeking exemption from Turnover, shall upload the supporting documents to prove his eligibility for exemption. 3. If the bidder is a DPIIT registered Startup, the bidder shall be exempted from the the eligibility criteria of \"Experience Criteria\" as defined above subject to their meeting of quality and technical specifications. The bidder seeking exemption from Experience Criteria, shall upload the supporting documents to prove his eligibility for exemption. 4. The minimum average annual financial turnover of the bidder during the last three years, ending on 31st March of the previous financial year, should be as indicated above in the bid document. Documentary evidence in the form of certified Audited Balance Sheets of relevant periods or a certificate from the Chartered Accountant / Cost Accountant indicating the turnover details for the relevant period shall be uploaded with the bid. In case the date of constitution / incorporation of the bidder is less than 3-year-old, the average turnover in respect of the completed financial years after the date of constitution shall be taken into account for this criteria. 5. Experience Criteria: In respect of the filter applied for experience criteria, the Bidder or its OEM of the product offered in the bid {themselves or through reseller(s)} should have regularly, manufactured and supplied same or similar Category Products to any Central / State Govt Organization / PSU for number of Financial years as indicated above in the bid document before the bid opening date. Copies of relevant contracts and delivery acceptance certificates like CRAC to be submitted along with bid in support of having supplied some quantity during each of the Financial year. In case of bunch bids, the category of primary product having highest value should meet this criterion. 6. OEM Turn Over Criteria: The minimum average annual financial turnover of the OEM of the offered product during the last three years, ending on 31st March of the previous financial year, should be as indicated in the bid document. Documentary evidence in the form of certified Audited Balance Sheets of relevant periods or a certificate from the Chartered Accountant / Cost Accountant indicating the turnover details for the relevant period shall be uploaded with the bid. In case the date of constitution / incorporation of the OEM is less than 3 year old, the average turnover in respect of the completed financial years after the date of constitution shall be taken into account for this criteria. 7. Preference to Make In India products (For bids < 200 Crore):Preference shall be given to Class 1 local supplier as defined in public procurement (Preference to Make in India), Order 2017 as amended from time to time and its subsequent Orders/Notifications issued by concerned Nodal Ministry for specific Goods/Products. The minimum local content to qualify as a Class 1 local supplier is denoted in the bid document. If the bidder wants to avail the Purchase preference, the bidder must upload a certificate from the OEM regarding the percentage of the local content and the details of locations at which the local value addition is made along with their bid, failing which no purchase preference shall be granted. In case the bid value is more than Rs 10 Crore, the declaration relating to percentage of local content shall be certified by the statutory auditor or cost auditor, if the OEM is a company and by a practicing cost accountant or a chartered accountant for OEMs other than companies as per the Public Procurement (preference to Make-in -India) order 2017 dated 04.06.2020. Only Class-I and Class-II Local suppliers as per MII order dated 4.6.2020 will be eligible to bid. Non - Local suppliers as per MII order dated 04.06.2020 are not eligible to participate. However, eligible micro and small enterprises will be allowed to participate.The buyers are advised to refer the OM No.F.1/4/2021-PPD dated 18.05.2023 OM_No.1_4_2021_PPD_dated_18.05.2023 for compliance of Concurrent application of Public Procurement Policy for Micro and Small Enterprises Order, 2012 and Public Procurement (Preference to Make in India) Order, 2017. 8. Purchase preference will be given to MSEs having valid Udyam Registration and whose credentials are validated online through Udyam Registration portal as defined in Public Procurement Policy for Micro and Small Enterprises (MSEs) Order, 2012 dated 23.03.2012 issued by Ministry of Micro, Small and Medium Enterprises and its subsequent Orders/Notifications issued by concerned Ministry. If the bidder wants to avail themselves of the Purchase preference, the bidder must be the manufacturer / OEM of the offered product on GeM. Traders are excluded from the purview of Public Procurement Policy for Micro and Small Enterprises and hence resellers offering products manufactured by some other OEM are not eligible for any purchase preference. In respect of bid for Services, the bidder must be the Service provider of the offered Service. Relevant documentary evidence in this regard shall be uploaded along with the bid in respect of the offered product or service and Buyer will decide eligibility for purchase preference based on documentary evidence submitted, while evaluating the bid. If L-1 is not an MSE and MSE Seller (s) has / have quoted price within L-1+ 15% (Selected by Buyer) of margin of purchase preference /price band defined in relevant policy, such MSE Seller shall be given opportunity to match L-1 price and contract will be awarded for 25% (selected by Buyer) percentage of total quantity. The buyers are advised to refer the OM No. F.1/4/2021-PPD dated 18.05.2023 OM_No.1_4_2021_PPD_dated_18.05.2023 for compliance of Concurrent application of Public Procurement Policy for Micro and Small Enterprises Order, 2012 and Public Procurement (Preference to Make in India) Order, 2017. Benefits of MSE will be allowed only if seller is validated on-line in GeM profile as well as validated and approved by Buyer after evaluation of documents submitted. 9. Past Performance: The Bidder or its OEM {themselves or through re-seller(s)} should have supplied same or similar Category Products for 50% of bid quantity, in at least one of the last three Financial years before the bid opening date to any Central / State Govt Organization / PSU. Copies of relevant contracts (proving supply of cumulative order quantity in any one financial year) to be submitted along with bid in support of quantity 4 / 9"
      ],
      "tables": []
    },
    {
      "page_number": 5,
      "used_ocr": false,
      "cleaned_text": "supplied in the relevant Financial year. In case of bunch bids, the category related to primary product having highest bid value should meet this criterion. 10. Reverse Auction would be conducted amongst first 50% of the technically qualified bidders arranged in the order of prices from lowest to highest. Number of sellers eligible for participating in RA would be rounded off to next higher integer value if number of technically qualified bidders is odd (e.g. if 7 bids are technically qualified, then RA will be conducted amongst L-1 to L-4). In case number of technically qualified bidders are 2 or 3, RA will be between all without any elimination. If Buyer has chosen to split the bid amongst N sellers, then minimum N sellers would be taken to RA round. In case Primary products of only one OEM are left in contention for participation in RA based on lowest 50% bidders qualifying for RA, the number of sellers qualifying for RA would be increased to get at least products of one more OEM (directly participated or through its reseller) if available. Further, if bid(s) of any seller(s) eligible for MSE preference is / are coming within price band of 15% of Non MSE L-1 or if bid of any seller(s) eligible for Make in India preference is / are coming within price band of 20% of non MII L-1, then such MSE / Make in India seller shall also be allowed to participate in the RA process. High End Laptop With Intel Ultra 7 255h Processor, 32 GB RAM, 1024 GB SSD, With Win Home ( 1 pieces ) ( 1 2 /Minimum 50% and 20% Local Content required for qualifying as Class 1 and Class 2 Local Supplier respectively) /Technical Specifications /Buyer Download Specification Document // /Consignees/Reporting Officer and Quantity // ..../S.N /Delivery o. /Consignee /Address /Quantity Days Reporting/Officer 1 *********** ***********BURDWAN 1 15 /Buyer Added Bid Specific Terms and Conditions 1. Warranty Warranty period of the supplied products shall be 1 years from the date of final acceptance of goods or after completion of installation, commissioning & testing of goods (if included in the scope of supply), at consignee location. OEM Warranty certificates must be submitted by Successful Bidder at the time of delivery of Goods. The seller should guarantee the rectification of goods in case of any break down during the guarantee period. Seller should have well established Installation, Commissioning, Training, Troubleshooting and Maintenance Service group in INDIA for attending the after sales service. Details of Service Centres near consignee destinations are to be uploaded along with the bid. 2. Turnover Bidder Turn Over Criteria: The minimum average annual financial turnover of the bidder during the last three years, ending on 31st March of the previous financial year, should be as indicated in the bid document. Documentary evidence in the form of certified Audited Balance Sheets of relevant periods or a certificate from the Chartered Accountant / Cost Accountant indicating the turnover details for the relevant period shall be uploaded with the bid. In case the date of constitution / incorporation of the 5 / 9",
      "lines": [
        "supplied in the relevant Financial year. In case of bunch bids, the category related to primary product having highest bid value should meet this criterion. 10. Reverse Auction would be conducted amongst first 50% of the technically qualified bidders arranged in the order of prices from lowest to highest. Number of sellers eligible for participating in RA would be rounded off to next higher integer value if number of technically qualified bidders is odd (e.g. if 7 bids are technically qualified, then RA will be conducted amongst L-1 to L-4). In case number of technically qualified bidders are 2 or 3, RA will be between all without any elimination. If Buyer has chosen to split the bid amongst N sellers, then minimum N sellers would be taken to RA round. In case Primary products of only one OEM are left in contention for participation in RA based on lowest 50% bidders qualifying for RA, the number of sellers qualifying for RA would be increased to get at least products of one more OEM (directly participated or through its reseller) if available. Further, if bid(s) of any seller(s) eligible for MSE preference is / are coming within price band of 15% of Non MSE L-1 or if bid of any seller(s) eligible for Make in India preference is / are coming within price band of 20% of non MII L-1, then such MSE / Make in India seller shall also be allowed to participate in the RA process. High End Laptop With Intel Ultra 7 255h Processor, 32 GB RAM, 1024 GB SSD, With Win Home ( 1 pieces ) ( 1 2 /Minimum 50% and 20% Local Content required for qualifying as Class 1 and Class 2 Local Supplier respectively) /Technical Specifications /Buyer Download Specification Document // /Consignees/Reporting Officer and Quantity // ..../S.N /Delivery o. /Consignee /Address /Quantity Days Reporting/Officer 1 *********** ***********BURDWAN 1 15 /Buyer Added Bid Specific Terms and Conditions 1. Warranty Warranty period of the supplied products shall be 1 years from the date of final acceptance of goods or after completion of installation, commissioning & testing of goods (if included in the scope of supply), at consignee location. OEM Warranty certificates must be submitted by Successful Bidder at the time of delivery of Goods. The seller should guarantee the rectification of goods in case of any break down during the guarantee period. Seller should have well established Installation, Commissioning, Training, Troubleshooting and Maintenance Service group in INDIA for attending the after sales service. Details of Service Centres near consignee destinations are to be uploaded along with the bid. 2. Turnover Bidder Turn Over Criteria: The minimum average annual financial turnover of the bidder during the last three years, ending on 31st March of the previous financial year, should be as indicated in the bid document. Documentary evidence in the form of certified Audited Balance Sheets of relevant periods or a certificate from the Chartered Accountant / Cost Accountant indicating the turnover details for the relevant period shall be uploaded with the bid. In case the date of constitution / incorporation of the 5 / 9"
      ],
      "tables": [
        [
          [
            "/Buyer Specification Document",
            "Download"
          ]
        ],
        [
          [
            "..../S.N o.",
            "// /Consignee Reporting/Officer",
            "/Address",
            "/Quantity",
            "/Delivery Days"
          ],
          [
            "1",
            "***********",
            "***********BURDWAN",
            "1",
            "15"
          ]
        ]
      ]
    },
    {
      "page_number": 6,
      "used_ocr": false,
      "cleaned_text": "bidder is less than 3 year old, the average turnover in respect of the completed financial years after the date of constitution shall be taken into account for this criteria. 3. Turnover OEM Turn Over Criteria: The minimum average annual financial turnover of the OEM of the offered product during the last three years, ending on 31st March of the previous financial year, should be as indicated in the bid document. Documentary evidence in the form of certified Audited Balance Sheets of relevant periods or a certificate from the Chartered Accountant / Cost Accountant indicating the turnover details for the relevant period shall be uploaded with the bid. In case the date of constitution / incorporation of the OEM is less than 3 year old, the average turnover in respect of the completed financial years after the date of constitution shall be taken into account for this criteria. In case of bunch bids, the OEM of CATEGORY RELATED TO primary product having highest bid value should meet this criterion. 4. Past Project Experience Proof for Past Experience and Project Experience clause: For fulfilling the experience criteria any one of the following documents may be considered as valid proof for meeting the experience criteria:a. Contract copy along with Invoice(s) with self-certification by the bidder that service/supplies against the invoices have been executed.b. Execution certificate by client with contract value.c. Any other document in support of contract execution like Third Party Inspection release note, etc.Proof for Past Experience and Project Experience clause: For fulfilling the experience criteria any one of the following documents may be considered as valid proof for meeting the experience criteria:a. Contract copy along with Invoice(s) with self-certification by the bidder that service/supplies against the invoices have been executed.b. Execution certificate by client with contract value.c. Any other document in support of contract execution like Third Party Inspection release note, etc. 5. Past Project Experience The Bidder / OEM {themselves or through reseller(s)}, should have executed project for supply and installation / commissioning of same or similar Category Products during preceding 3 financial years (i.e. current year and three previous financial years) as on opening of bid, as per following criteria: (i) Single order of at least 35% of estimated bid value; or (ii) Two orders of at least 20% each of estimated bid value; or (iii) Three orders of at least 15% each of estimated bid value. Satisfactory Performance certificate issued by respective Buyer Organization for the above Orders should be uploaded with bid. In case of bunch bids, the Category related to primary product having highest bid value should meet this criterion 6. Inspection Nominated Inspection Agency: On behalf of the Buyer organization, any one of the following Inspection Agency would be conducting inspection of stores before acceptance: Pre-dispatch Inspection at Seller Premises (applicable only if pre-dispatch inspection clause has been selected in ATC): No Post Receipt Inspection at consignee site before acceptance of stores: Yes 7. Forms of EMD and PBG Successful Bidder can submit the Performance Security in the form of Account Payee Demand Draft also (besides PBG which is allowed as per GeM GTC). DD should be made in favour of Commanding Officer, 189 Military Hospital payable at State Bank of India, Panagarh . After award of contract, Successful Bidder can upload scanned copy of the DD in place of PBG and has to ensure delivery of hard copy to the original DD to the Buyer within 15 days of award of contract. 6 / 9",
      "lines": [
        "bidder is less than 3 year old, the average turnover in respect of the completed financial years after the date of constitution shall be taken into account for this criteria. 3. Turnover OEM Turn Over Criteria: The minimum average annual financial turnover of the OEM of the offered product during the last three years, ending on 31st March of the previous financial year, should be as indicated in the bid document. Documentary evidence in the form of certified Audited Balance Sheets of relevant periods or a certificate from the Chartered Accountant / Cost Accountant indicating the turnover details for the relevant period shall be uploaded with the bid. In case the date of constitution / incorporation of the OEM is less than 3 year old, the average turnover in respect of the completed financial years after the date of constitution shall be taken into account for this criteria. In case of bunch bids, the OEM of CATEGORY RELATED TO primary product having highest bid value should meet this criterion. 4. Past Project Experience Proof for Past Experience and Project Experience clause: For fulfilling the experience criteria any one of the following documents may be considered as valid proof for meeting the experience criteria:a. Contract copy along with Invoice(s) with self-certification by the bidder that service/supplies against the invoices have been executed.b. Execution certificate by client with contract value.c. Any other document in support of contract execution like Third Party Inspection release note, etc.Proof for Past Experience and Project Experience clause: For fulfilling the experience criteria any one of the following documents may be considered as valid proof for meeting the experience criteria:a. Contract copy along with Invoice(s) with self-certification by the bidder that service/supplies against the invoices have been executed.b. Execution certificate by client with contract value.c. Any other document in support of contract execution like Third Party Inspection release note, etc. 5. Past Project Experience The Bidder / OEM {themselves or through reseller(s)}, should have executed project for supply and installation / commissioning of same or similar Category Products during preceding 3 financial years (i.e. current year and three previous financial years) as on opening of bid, as per following criteria: (i) Single order of at least 35% of estimated bid value; or (ii) Two orders of at least 20% each of estimated bid value; or (iii) Three orders of at least 15% each of estimated bid value. Satisfactory Performance certificate issued by respective Buyer Organization for the above Orders should be uploaded with bid. In case of bunch bids, the Category related to primary product having highest bid value should meet this criterion 6. Inspection Nominated Inspection Agency: On behalf of the Buyer organization, any one of the following Inspection Agency would be conducting inspection of stores before acceptance: Pre-dispatch Inspection at Seller Premises (applicable only if pre-dispatch inspection clause has been selected in ATC): No Post Receipt Inspection at consignee site before acceptance of stores: Yes 7. Forms of EMD and PBG Successful Bidder can submit the Performance Security in the form of Account Payee Demand Draft also (besides PBG which is allowed as per GeM GTC). DD should be made in favour of Commanding Officer, 189 Military Hospital payable at State Bank of India, Panagarh . After award of contract, Successful Bidder can upload scanned copy of the DD in place of PBG and has to ensure delivery of hard copy to the original DD to the Buyer within 15 days of award of contract. 6 / 9"
      ],
      "tables": []
    },
    {
      "page_number": 7,
      "used_ocr": false,
      "cleaned_text": "8. Buyer Added Bid Specific ATC Buyer Added text based ATC clauses 1) Successful bidder should provide product catalogue with specifications along with the product. 2) Non black listing undertaking must be provided by the bidder in their own letter head duly signed and s tamped mentioning the reference bid number. . 9. Generic Bidder financial standing: The bidder should not be under liquidation, court receivership or similar proceedings, should not be bankrupt. Bidder to upload undertaking to this effect with bid. 10. Generic Actual delivery (and Installation & Commissioning (if covered in scope of supply)) is to be done at following address Commanding Officer 189 Military Hospital Panagarh Military Station Panagarh Cantt West Bengal-713420. . 11. Certificates Bidder's offer is liable to be rejected if they don't upload any of the certificates / documents sought in the Bid document, ATC and Corrigendum if any. 12. Rate Contract Malicious Code Certificate: The seller should upload following certificate in the bid:- (a) This is to certify that the Hardware and the Software being offered, as part of the contract, does not contain Embedded Malicious code that would activate procedures to :- (i) Inhibit the desires and designed function of the equipment. (ii) Cause physical damage to the user or equipment during the exploitation. (iii) Tap information resident or transient in the equipment/network. (b) The firm will be considered to be in breach of the procurement contract, in case physical damage, loss of information or infringements related to copyright and Intellectual Property Right (IPRs) are caused due to activation of any such malicious code in embedded software. /Disclaimer The additional terms and conditions have been incorporated by the Buyer after approval of the Competent Authority in Buyer Organization, whereby Buyer organization is solely responsible for the impact of these clauses on the bidding process, its outcome, and consequences thereof including any eccentricity / restriction arising in the bidding process due to these ATCs and due to modification of technical specifications and / or terms and conditions governing the bid. If any clause(s) is / are incorporated by the Buyer regarding following, the bid and resultant contracts shall be treated as null and void and such bids may be cancelled by GeM at any stage of bidding process without any notice:- 1. Definition of Class I and Class II suppliers in the bid not in line with the extant Order / Office Memorandum issued by DPIIT in this regard. 7 / 9",
      "lines": [
        "8. Buyer Added Bid Specific ATC Buyer Added text based ATC clauses 1) Successful bidder should provide product catalogue with specifications along with the product. 2) Non black listing undertaking must be provided by the bidder in their own letter head duly signed and s tamped mentioning the reference bid number. . 9. Generic Bidder financial standing: The bidder should not be under liquidation, court receivership or similar proceedings, should not be bankrupt. Bidder to upload undertaking to this effect with bid. 10. Generic Actual delivery (and Installation & Commissioning (if covered in scope of supply)) is to be done at following address Commanding Officer 189 Military Hospital Panagarh Military Station Panagarh Cantt West Bengal-713420. . 11. Certificates Bidder's offer is liable to be rejected if they don't upload any of the certificates / documents sought in the Bid document, ATC and Corrigendum if any. 12. Rate Contract Malicious Code Certificate: The seller should upload following certificate in the bid:- (a) This is to certify that the Hardware and the Software being offered, as part of the contract, does not contain Embedded Malicious code that would activate procedures to :- (i) Inhibit the desires and designed function of the equipment. (ii) Cause physical damage to the user or equipment during the exploitation. (iii) Tap information resident or transient in the equipment/network. (b) The firm will be considered to be in breach of the procurement contract, in case physical damage, loss of information or infringements related to copyright and Intellectual Property Right (IPRs) are caused due to activation of any such malicious code in embedded software. /Disclaimer The additional terms and conditions have been incorporated by the Buyer after approval of the Competent Authority in Buyer Organization, whereby Buyer organization is solely responsible for the impact of these clauses on the bidding process, its outcome, and consequences thereof including any eccentricity / restriction arising in the bidding process due to these ATCs and due to modification of technical specifications and / or terms and conditions governing the bid. If any clause(s) is / are incorporated by the Buyer regarding following, the bid and resultant contracts shall be treated as null and void and such bids may be cancelled by GeM at any stage of bidding process without any notice:- 1. Definition of Class I and Class II suppliers in the bid not in line with the extant Order / Office Memorandum issued by DPIIT in this regard. 7 / 9"
      ],
      "tables": []
    },
    {
      "page_number": 8,
      "used_ocr": false,
      "cleaned_text": "2. Seeking EMD submission from bidder(s), including via Additional Terms & Conditions, in contravention to exemption provided to such sellers under GeM GTC. 3. Publishing Custom / BOQ bids for items for which regular GeM categories are available without any Category item bunched with it. 4. Creating BoQ bid for single item. 5. Mentioning specific Brand or Make or Model or Manufacturer or Dealer name. 6. Mandating submission of documents in physical form as a pre-requisite to qualify bidders. 7. Floating / creation of work contracts as Custom Bids in Services. 8. Seeking sample with bid or approval of samples during bid evaluation process. (However, in bids for attached categories, trials are allowed as per approved procurement policy of the buyer nodal Ministries) 9. Mandating foreign / international certifications even in case of existence of Indian Standards without specifying equivalent Indian Certification / standards. 10. Seeking experience from specific organization / department / institute only or from foreign / export experience. 11. Creating bid for items from irrelevant categories. 12. Incorporating any clause against the MSME policy and Preference to Make in India Policy. 13. Reference of conditions published on any external site or reference to external documents/clauses. 14. Asking for any Tender fee / Bid Participation fee / Auction fee in case of Bids / Forward Auction, as the case may be. 15. Buyer added ATC Clauses which are in contravention of clauses defined by buyer in system generated bid template as indicated above in the Bid Details section, EMD Detail, ePBG Detail and MII and MSE Purchase Preference sections of the bid, unless otherwise allowed by GeM GTC. 16. In a category based bid, adding additional items, through buyer added additional scope of work/ additional terms and conditions/or any other document. If buyer needs more items along with the main item, the same must be added through bunching category based items or by bunching custom catalogs or bunching a BoQ with the main category based item, the same must not be done through ATC or Scope of Work. Further, if any seller has any objection/grievance against these additional clauses or otherwise on any aspect of this bid, they can raise their representation against the same by using the Representation window provided in the bid details field in Seller dashboard after logging in as a seller within 4 days of bid publication on GeM. Buyer is duty bound to reply to all such representations and would not be allowed to open bids if he fails to reply to such representations. All GeM Sellers/Service Providers shall ensure full compliance with all applicable labour laws, including the provisions, rules, schemes and guidelines under the four Labour Codes i.e. the Code on Wages, 2019; the Industrial Relations Code, 2020; the Occupational Safety, Health and Working Conditions Code, 2020; and the Code on Social Security, 2020 as and when notified and brought into force by the Government of India. For all provisions of the Labour Codes that are pending operationalisation through rules, schemes or notifications, the corresponding provisions of the pre-existing labour enactments (such as The Minimum Wages Act, 1948, The Payment of Wages Act, 1936, The Payment of Bonus Act, 1965, The Equal Remuneration Act, 1976, The Payment of Gratuity Act, 1972, etc. and relevant State Rules) shall continue to remain applicable. The Seller/ Service Providers shall, therefore, be responsible for ensuring compliance under: All notified and enforceable provisions of the new Labour Codes as mentioned hereinabove; and All operative provisions of the erstwhile Labour Laws until their complete substitution. All obligations relating to wages, social security, safety, working conditions, industrial relations etc. and any other statutory requirements shall be strictly met by the Seller/ Service Provider. Any non- compliance shall constitute a breach of the contract and shall entitle the Buyer to take appropriate action in accordance with the contract and applicable law. /This Bid is also governed by the General Terms and Conditions 8 / 9",
      "lines": [
        "2. Seeking EMD submission from bidder(s), including via Additional Terms & Conditions, in contravention to exemption provided to such sellers under GeM GTC. 3. Publishing Custom / BOQ bids for items for which regular GeM categories are available without any Category item bunched with it. 4. Creating BoQ bid for single item. 5. Mentioning specific Brand or Make or Model or Manufacturer or Dealer name. 6. Mandating submission of documents in physical form as a pre-requisite to qualify bidders. 7. Floating / creation of work contracts as Custom Bids in Services. 8. Seeking sample with bid or approval of samples during bid evaluation process. (However, in bids for attached categories, trials are allowed as per approved procurement policy of the buyer nodal Ministries) 9. Mandating foreign / international certifications even in case of existence of Indian Standards without specifying equivalent Indian Certification / standards. 10. Seeking experience from specific organization / department / institute only or from foreign / export experience. 11. Creating bid for items from irrelevant categories. 12. Incorporating any clause against the MSME policy and Preference to Make in India Policy. 13. Reference of conditions published on any external site or reference to external documents/clauses. 14. Asking for any Tender fee / Bid Participation fee / Auction fee in case of Bids / Forward Auction, as the case may be. 15. Buyer added ATC Clauses which are in contravention of clauses defined by buyer in system generated bid template as indicated above in the Bid Details section, EMD Detail, ePBG Detail and MII and MSE Purchase Preference sections of the bid, unless otherwise allowed by GeM GTC. 16. In a category based bid, adding additional items, through buyer added additional scope of work/ additional terms and conditions/or any other document. If buyer needs more items along with the main item, the same must be added through bunching category based items or by bunching custom catalogs or bunching a BoQ with the main category based item, the same must not be done through ATC or Scope of Work. Further, if any seller has any objection/grievance against these additional clauses or otherwise on any aspect of this bid, they can raise their representation against the same by using the Representation window provided in the bid details field in Seller dashboard after logging in as a seller within 4 days of bid publication on GeM. Buyer is duty bound to reply to all such representations and would not be allowed to open bids if he fails to reply to such representations. All GeM Sellers/Service Providers shall ensure full compliance with all applicable labour laws, including the provisions, rules, schemes and guidelines under the four Labour Codes i.e. the Code on Wages, 2019; the Industrial Relations Code, 2020; the Occupational Safety, Health and Working Conditions Code, 2020; and the Code on Social Security, 2020 as and when notified and brought into force by the Government of India. For all provisions of the Labour Codes that are pending operationalisation through rules, schemes or notifications, the corresponding provisions of the pre-existing labour enactments (such as The Minimum Wages Act, 1948, The Payment of Wages Act, 1936, The Payment of Bonus Act, 1965, The Equal Remuneration Act, 1976, The Payment of Gratuity Act, 1972, etc. and relevant State Rules) shall continue to remain applicable. The Seller/ Service Providers shall, therefore, be responsible for ensuring compliance under: All notified and enforceable provisions of the new Labour Codes as mentioned hereinabove; and All operative provisions of the erstwhile Labour Laws until their complete substitution. All obligations relating to wages, social security, safety, working conditions, industrial relations etc. and any other statutory requirements shall be strictly met by the Seller/ Service Provider. Any non- compliance shall constitute a breach of the contract and shall entitle the Buyer to take appropriate action in accordance with the contract and applicable law. /This Bid is also governed by the General Terms and Conditions 8 / 9"
      ],
      "tables": []
    },
    {
      "page_number": 9,
      "used_ocr": false,
      "cleaned_text": "26 /In terms of GeM GTC clause 26 regarding Restrictions on procurement from a bidder of a country which shares a land border with India, any bidder from a country which shares a land border with India will be eligible to bid in this tender only if the bidder is registered with the Competent Authority. While participating in bid, Bidder has to undertake compliance of this and any false declaration and non-compliance of this would be a ground for immediate termination of the contract and further legal action in accordance with the laws. ---/Thank You--- 9 / 9",
      "lines": [
        "26 /In terms of GeM GTC clause 26 regarding Restrictions on procurement from a bidder of a country which shares a land border with India, any bidder from a country which shares a land border with India will be eligible to bid in this tender only if the bidder is registered with the Competent Authority. While participating in bid, Bidder has to undertake compliance of this and any false declaration and non-compliance of this would be a ground for immediate termination of the contract and further legal action in accordance with the laws. ---/Thank You--- 9 / 9"
      ],
      "tables": []
    }
  ],
  "links": [
    {
      "page_number": 1,
      "uri": "https://bidplus.gem.gov.in/bidding/downloadOmppdfile/",
      "attachment_filename": null,
      "rect": null,
      "label": null,
      "source": "dict:/URI"
    },
    {
      "page_number": 1,
      "uri": "https://bidplus.gem.gov.in/bidding/downloadOmppdfile/",
      "attachment_filename": null,
      "rect": null,
      "label": null,
      "source": "dict:/URI"
    },
    {
      "page_number": 1,
      "uri": "https://mkp.gem.gov.in/catalog_data/catalog_support_document/buyer_documents/484045/54/78/703/CatalogAttrs/SpecificationDocument/2025/12/3/tech_specs_2025-12-03-18-58-41_0aeb10f069598c5ad7a7850a164cbf1b.pdf",
      "attachment_filename": null,
      "rect": null,
      "label": null,
      "source": "dict:/URI"
    },
    {
      "page_number": 1,
      "uri": "https://assets-bg.gem.gov.in/resources/upload/shared_doc/list-of-categories-where-trials-are-allowed_1712126171.pdf",
      "attachment_filename": null,
      "rect": null,
      "label": null,
      "source": "dict:/URI"
    },
    {
      "page_number": 1,
      "uri": "https://admin.gem.gov.in/apis/v1/gtc/pdfByDate/?date=20251205",
      "attachment_filename": null,
      "rect": null,
      "label": null,
      "source": "dict:/URI"
    },
    {
      "page_number": 2,
      "uri": "https://bidplus.gem.gov.in/bidding/downloadOmppdfile/",
      "attachment_filename": null,
      "rect": null,
      "label": null,
      "source": "dict:/URI"
    },
    {
      "page_number": 2,
      "uri": "https://bidplus.gem.gov.in/bidding/downloadOmppdfile/",
      "attachment_filename": null,
      "rect": null,
      "label": null,
      "source": "dict:/URI"
    },
    {
      "page_number": 2,
      "uri": "https://mkp.gem.gov.in/catalog_data/catalog_support_document/buyer_documents/484045/54/78/703/CatalogAttrs/SpecificationDocument/2025/12/3/tech_specs_2025-12-03-18-58-41_0aeb10f069598c5ad7a7850a164cbf1b.pdf",
      "attachment_filename": null,
      "rect": null,
      "label": null,
      "source": "dict:/URI"
    },
    {
      "page_number": 2,
      "uri": "https://assets-bg.gem.gov.in/resources/upload/shared_doc/list-of-categories-where-trials-are-allowed_1712126171.pdf",
      "attachment_filename": null,
      "rect": null,
      "label": null,
      "source": "dict:/URI"
    },
    {
      "page_number": 2,
      "uri": "https://admin.gem.gov.in/apis/v1/gtc/pdfByDate/?date=20251205",
      "attachment_filename": null,
      "rect": null,
      "label": null,
      "source": "dict:/URI"
    },
    {
      "page_number": 3,
      "uri": "https://bidplus.gem.gov.in/bidding/downloadOmppdfile/",
      "attachment_filename": null,
      "rect": null,
      "label": null,
      "source": "dict:/URI"
    },
    {
      "page_number": 3,
      "uri": "https://bidplus.gem.gov.in/bidding/downloadOmppdfile/",
      "attachment_filename": null,
      "rect": null,
      "label": null,
      "source": "dict:/URI"
    },
    {
      "page_number": 3,
      "uri": "https://mkp.gem.gov.in/catalog_data/catalog_support_document/buyer_documents/484045/54/78/703/CatalogAttrs/SpecificationDocument/2025/12/3/tech_specs_2025-12-03-18-58-41_0aeb10f069598c5ad7a7850a164cbf1b.pdf",
      "attachment_filename": null,
      "rect": null,
      "label": null,
      "source": "dict:/URI"
    },
    {
      "page_number": 3,
      "uri": "https://assets-bg.gem.gov.in/resources/upload/shared_doc/list-of-categories-where-trials-are-allowed_1712126171.pdf",
      "attachment_filename": null,
      "rect": null,
      "label": null,
      "source": "dict:/URI"
    },
    {
      "page_number": 3,
      "uri": "https://admin.gem.gov.in/apis/v1/gtc/pdfByDate/?date=20251205",
      "attachment_filename": null,
      "rect": null,
      "label": null,
      "source": "dict:/URI"
    },
    {
      "page_number": 4,
      "uri": "https://bidplus.gem.gov.in/bidding/downloadOmppdfile/",
      "attachment_filename": null,
      "rect": [
        338.25,
        346.25,
        525.0,
        357.5
      ],
      "label": "Crore):Preference shall be given to Class 1 local supplier",
      "source": "dict:/URI"
    },
    {
      "page_number": 4,
      "uri": "https://bidplus.gem.gov.in/bidding/downloadOmppdfile/",
      "attachment_filename": null,
      "rect": [
        323.25,
        155.0,
        510.0,
        166.25
      ],
      "label": "relevant periods period or a certificate shall be uploaded from the Chartered with the bid. Accountant In case",
      "source": "dict:/URI"
    },
    {
      "page_number": 4,
      "uri": "https://bidplus.gem.gov.in/bidding/downloadOmppdfile/",
      "attachment_filename": null,
      "rect": null,
      "label": null,
      "source": "dict:/URI"
    },
    {
      "page_number": 4,
      "uri": "https://bidplus.gem.gov.in/bidding/downloadOmppdfile/",
      "attachment_filename": null,
      "rect": null,
      "label": null,
      "source": "dict:/URI"
    },
    {
      "page_number": 4,
      "uri": "https://mkp.gem.gov.in/catalog_data/catalog_support_document/buyer_documents/484045/54/78/703/CatalogAttrs/SpecificationDocument/2025/12/3/tech_specs_2025-12-03-18-58-41_0aeb10f069598c5ad7a7850a164cbf1b.pdf",
      "attachment_filename": null,
      "rect": null,
      "label": null,
      "source": "dict:/URI"
    },
    {
      "page_number": 4,
      "uri": "https://assets-bg.gem.gov.in/resources/upload/shared_doc/list-of-categories-where-trials-are-allowed_1712126171.pdf",
      "attachment_filename": null,
      "rect": null,
      "label": null,
      "source": "dict:/URI"
    },
    {
      "page_number": 4,
      "uri": "https://admin.gem.gov.in/apis/v1/gtc/pdfByDate/?date=20251205",
      "attachment_filename": null,
      "rect": null,
      "label": null,
      "source": "dict:/URI"
    },
    {
      "page_number": 5,
      "uri": "https://mkp.gem.gov.in/catalog_data/catalog_support_document/buyer_documents/484045/54/78/703/CatalogAttrs/SpecificationDocument/2025/12/3/tech_specs_2025-12-03-18-58-41_0aeb10f069598c5ad7a7850a164cbf1b.pdf",
      "attachment_filename": null,
      "rect": [
        201.0,
        502.25,
        246.0,
        513.5
      ],
      "label": "***********BURDWAN",
      "source": "dict:/URI"
    },
    {
      "page_number": 5,
      "uri": "https://bidplus.gem.gov.in/bidding/downloadOmppdfile/",
      "attachment_filename": null,
      "rect": null,
      "label": null,
      "source": "dict:/URI"
    },
    {
      "page_number": 5,
      "uri": "https://bidplus.gem.gov.in/bidding/downloadOmppdfile/",
      "attachment_filename": null,
      "rect": null,
      "label": null,
      "source": "dict:/URI"
    },
    {
      "page_number": 5,
      "uri": "https://mkp.gem.gov.in/catalog_data/catalog_support_document/buyer_documents/484045/54/78/703/CatalogAttrs/SpecificationDocument/2025/12/3/tech_specs_2025-12-03-18-58-41_0aeb10f069598c5ad7a7850a164cbf1b.pdf",
      "attachment_filename": null,
      "rect": null,
      "label": null,
      "source": "dict:/URI"
    },
    {
      "page_number": 5,
      "uri": "https://assets-bg.gem.gov.in/resources/upload/shared_doc/list-of-categories-where-trials-are-allowed_1712126171.pdf",
      "attachment_filename": null,
      "rect": null,
      "label": null,
      "source": "dict:/URI"
    },
    {
      "page_number": 5,
      "uri": "https://admin.gem.gov.in/apis/v1/gtc/pdfByDate/?date=20251205",
      "attachment_filename": null,
      "rect": null,
      "label": null,
      "source": "dict:/URI"
    },
    {
      "page_number": 6,
      "uri": "https://bidplus.gem.gov.in/bidding/downloadOmppdfile/",
      "attachment_filename": null,
      "rect": null,
      "label": null,
      "source": "dict:/URI"
    },
    {
      "page_number": 6,
      "uri": "https://bidplus.gem.gov.in/bidding/downloadOmppdfile/",
      "attachment_filename": null,
      "rect": null,
      "label": null,
      "source": "dict:/URI"
    },
    {
      "page_number": 6,
      "uri": "https://mkp.gem.gov.in/catalog_data/catalog_support_document/buyer_documents/484045/54/78/703/CatalogAttrs/SpecificationDocument/2025/12/3/tech_specs_2025-12-03-18-58-41_0aeb10f069598c5ad7a7850a164cbf1b.pdf",
      "attachment_filename": null,
      "rect": null,
      "label": null,
      "source": "dict:/URI"
    },
    {
      "page_number": 6,
      "uri": "https://assets-bg.gem.gov.in/resources/upload/shared_doc/list-of-categories-where-trials-are-allowed_1712126171.pdf",
      "attachment_filename": null,
      "rect": null,
      "label": null,
      "source": "dict:/URI"
    },
    {
      "page_number": 6,
      "uri": "https://admin.gem.gov.in/apis/v1/gtc/pdfByDate/?date=20251205",
      "attachment_filename": null,
      "rect": null,
      "label": null,
      "source": "dict:/URI"
    },
    {
      "page_number": 7,
      "uri": "https://bidplus.gem.gov.in/bidding/downloadOmppdfile/",
      "attachment_filename": null,
      "rect": null,
      "label": null,
      "source": "dict:/URI"
    },
    {
      "page_number": 7,
      "uri": "https://bidplus.gem.gov.in/bidding/downloadOmppdfile/",
      "attachment_filename": null,
      "rect": null,
      "label": null,
      "source": "dict:/URI"
    },
    {
      "page_number": 7,
      "uri": "https://mkp.gem.gov.in/catalog_data/catalog_support_document/buyer_documents/484045/54/78/703/CatalogAttrs/SpecificationDocument/2025/12/3/tech_specs_2025-12-03-18-58-41_0aeb10f069598c5ad7a7850a164cbf1b.pdf",
      "attachment_filename": null,
      "rect": null,
      "label": null,
      "source": "dict:/URI"
    },
    {
      "page_number": 7,
      "uri": "https://assets-bg.gem.gov.in/resources/upload/shared_doc/list-of-categories-where-trials-are-allowed_1712126171.pdf",
      "attachment_filename": null,
      "rect": null,
      "label": null,
      "source": "dict:/URI"
    },
    {
      "page_number": 7,
      "uri": "https://admin.gem.gov.in/apis/v1/gtc/pdfByDate/?date=20251205",
      "attachment_filename": null,
      "rect": null,
      "label": null,
      "source": "dict:/URI"
    },
    {
      "page_number": 8,
      "uri": "https://assets-bg.gem.gov.in/resources/upload/shared_doc/list-of-categories-where-trials-are-allowed_1712126171.pdf",
      "attachment_filename": null,
      "rect": [
        72.0,
        653.0,
        162.0,
        664.25
      ],
      "label": "All notified and",
      "source": "dict:/URI"
    },
    {
      "page_number": 8,
      "uri": "https://admin.gem.gov.in/apis/v1/gtc/pdfByDate/?date=20251205",
      "attachment_filename": null,
      "rect": [
        63.0,
        74.75,
        531.75,
        86.0
      ],
      "label": "exemption provided to such sellers under GeM GTC.",
      "source": "dict:/URI"
    },
    {
      "page_number": 8,
      "uri": "https://bidplus.gem.gov.in/bidding/downloadOmppdfile/",
      "attachment_filename": null,
      "rect": null,
      "label": null,
      "source": "dict:/URI"
    },
    {
      "page_number": 8,
      "uri": "https://bidplus.gem.gov.in/bidding/downloadOmppdfile/",
      "attachment_filename": null,
      "rect": null,
      "label": null,
      "source": "dict:/URI"
    },
    {
      "page_number": 8,
      "uri": "https://mkp.gem.gov.in/catalog_data/catalog_support_document/buyer_documents/484045/54/78/703/CatalogAttrs/SpecificationDocument/2025/12/3/tech_specs_2025-12-03-18-58-41_0aeb10f069598c5ad7a7850a164cbf1b.pdf",
      "attachment_filename": null,
      "rect": null,
      "label": null,
      "source": "dict:/URI"
    },
    {
      "page_number": 8,
      "uri": "https://assets-bg.gem.gov.in/resources/upload/shared_doc/list-of-categories-where-trials-are-allowed_1712126171.pdf",
      "attachment_filename": null,
      "rect": null,
      "label": null,
      "source": "dict:/URI"
    },
    {
      "page_number": 8,
      "uri": "https://admin.gem.gov.in/apis/v1/gtc/pdfByDate/?date=20251205",
      "attachment_filename": null,
      "rect": null,
      "label": null,
      "source": "dict:/URI"
    },
    {
      "page_number": 9,
      "uri": "https://bidplus.gem.gov.in/bidding/downloadOmppdfile/",
      "attachment_filename": null,
      "rect": null,
      "label": null,
      "source": "dict:/URI"
    },
    {
      "page_number": 9,
      "uri": "https://bidplus.gem.gov.in/bidding/downloadOmppdfile/",
      "attachment_filename": null,
      "rect": null,
      "label": null,
      "source": "dict:/URI"
    },
    {
      "page_number": 9,
      "uri": "https://mkp.gem.gov.in/catalog_data/catalog_support_document/buyer_documents/484045/54/78/703/CatalogAttrs/SpecificationDocument/2025/12/3/tech_specs_2025-12-03-18-58-41_0aeb10f069598c5ad7a7850a164cbf1b.pdf",
      "attachment_filename": null,
      "rect": null,
      "label": null,
      "source": "dict:/URI"
    },
    {
      "page_number": 9,
      "uri": "https://assets-bg.gem.gov.in/resources/upload/shared_doc/list-of-categories-where-trials-are-allowed_1712126171.pdf",
      "attachment_filename": null,
      "rect": null,
      "label": null,
      "source": "dict:/URI"
    },
    {
      "page_number": 9,
      "uri": "https://admin.gem.gov.in/apis/v1/gtc/pdfByDate/?date=20251205",
      "attachment_filename": null,
      "rect": null,
      "label": null,
      "source": "dict:/URI"
    }
  ],
  "combined_cleaned_text": "/Bid Number: GEM/2025/B/6962927 /Dated: 05-12-2025 / Bid Document //Bid Details // /Bid End Date/Time 15-12-2025 15:00:00 // /Bid Opening 15-12-2025 15:30:00 Date/Time (( ))/Bid Offer 180 (Days) Validity (From End Date) // /Ministry/State Name Ministry Of Defence /Department Name Department Of Military Affairs /Organisation Name Indian Army /Office Name *********** /Total Quantity 1 High End laptop with Intel Ultra 7 255h Processor, 32 GB /Item Category RAM, 1024 GB SSD, with Win Home GeMARPTS / Searched High End laptop with Intel Ultra 7 255h Processor, 32 GB Strings used in GeMARPTS RAM, 1024 GB SSD, with Win Home GeMARPTS / Searched Category not available on GeM for the text string uploaded Result generated in GeMARPTS by the buyer / Relevant computer kiosk Categories selected for notification Rugged Notebook - Laptop ((33 )) /Minimum Average Annual Turnover of the 1 Lakh (s) bidder (For 3 Years) (( 33 1 Lakh (s) ))/OEM Average Turnover (Last 3 Years) // /Years of Past Experience Required for 1 Year (s) same/similar service / MSE Exemption for Years Of Experience Yes | Complete and Turnover / Startup Yes | Partial | Experience - 1 year (s) Exemption for Years Of Experience 1 / 9\n\n//Bid Details Experience Criteria,Past Performance,Bidder Turnover,Certificate (Requested in ATC),OEM Authorization Certificate,OEM Annual Turnover,Compliance of BoQ /Document required specification and supporting document from seller *In case any bidder is seeking exemption from Experience / Turnover Criteria, the supporting documents to prove his eligibility for exemption must be uploaded for evaluation by the buyer Yes (Documents submitted as part of a clarification or representation during the tender/bid process will also be ?? /Do you want to show displayed to other participated bidders after log in) documents uploaded by bidders to all bidders participated in bid? / Minimum number of 3 bids required to disable automatic bid extension ,, -- // Number of days for which Bid 7 would be auto--extended // 2 Number of Auto Extension count /Past Performance 50 % /Bid to RA enabled Yes /RA Qualification Rule 50% Lowest Priced Technically Qualified Bidders /Type of Bid Two Packet Bid /Time allowed for Technical 2 Days Clarifications during technical evaluation ( / )/Inspection Required (By No Empanelled Inspection Authority / Agencies pre-registered with GeM) /Evaluation Method Total value wise evaluation /Arbitration Clause No /Mediation Clause No /EMD Detail /Required No /ePBG Detail 2 / 9\n\n/Advisory Bank State Bank of India (%)/ePBG Percentage(%) 5.00 () /Duration of ePBG 12 required (Months). (a). , , / EMD & Performance securityshould be in favour of Beneficiary, wherever it is applicable. /Beneficiary : Commanding Officer 189 Military Hospital, Panagarh Military Station, Panagarh cantt, Panagarh-713420. (Commanding Officer) / Bid splitting not applied. / MII Purchase Preference / MII Purchase Preference Yes , L1+X% / Purchase 20 Preference to MII sellers availabele upto price within L1+X% / Maximum Percentage of Bid 50 quantity for MII purchase preference /MSE Purchase Preference /MSE Purchase Preference Yes , L1+X% / 15 Purchase Preference to MSE OEMs available upto price within L1+X% / Maximum 25 Percentage of Bid quantity for MSE purchase preference 1. If the bidder is a Micro or Small Enterprise as per latest orders issued by Ministry of MSME, the bidder shall be exempted from the eligibility criteria of \"Experience Criteria\" as defined above subject to meeting of quality and technical specifications. The bidder seeking exemption from Experience Criteria, shall upload the supporting documents to prove his eligibility for exemption. 2. If the bidder is a Micro or Small Enterprise (MSE) as per latest orders issued by Ministry of MSME, the bidder shall be exempted from the eligibility criteria of \"Bidder Turnover\" as defined above subject to meeting of quality and technical specifications. If the bidder itself is MSE OEM of the offered products, it would be exempted from 3 / 9\n\nthe \"OEM Average Turnover\" criteria also subject to meeting of quality and technical specifications. The bidder seeking exemption from Turnover, shall upload the supporting documents to prove his eligibility for exemption. 3. If the bidder is a DPIIT registered Startup, the bidder shall be exempted from the the eligibility criteria of \"Experience Criteria\" as defined above subject to their meeting of quality and technical specifications. The bidder seeking exemption from Experience Criteria, shall upload the supporting documents to prove his eligibility for exemption. 4. The minimum average annual financial turnover of the bidder during the last three years, ending on 31st March of the previous financial year, should be as indicated above in the bid document. Documentary evidence in the form of certified Audited Balance Sheets of relevant periods or a certificate from the Chartered Accountant / Cost Accountant indicating the turnover details for the relevant period shall be uploaded with the bid. In case the date of constitution / incorporation of the bidder is less than 3-year-old, the average turnover in respect of the completed financial years after the date of constitution shall be taken into account for this criteria. 5. Experience Criteria: In respect of the filter applied for experience criteria, the Bidder or its OEM of the product offered in the bid {themselves or through reseller(s)} should have regularly, manufactured and supplied same or similar Category Products to any Central / State Govt Organization / PSU for number of Financial years as indicated above in the bid document before the bid opening date. Copies of relevant contracts and delivery acceptance certificates like CRAC to be submitted along with bid in support of having supplied some quantity during each of the Financial year. In case of bunch bids, the category of primary product having highest value should meet this criterion. 6. OEM Turn Over Criteria: The minimum average annual financial turnover of the OEM of the offered product during the last three years, ending on 31st March of the previous financial year, should be as indicated in the bid document. Documentary evidence in the form of certified Audited Balance Sheets of relevant periods or a certificate from the Chartered Accountant / Cost Accountant indicating the turnover details for the relevant period shall be uploaded with the bid. In case the date of constitution / incorporation of the OEM is less than 3 year old, the average turnover in respect of the completed financial years after the date of constitution shall be taken into account for this criteria. 7. Preference to Make In India products (For bids < 200 Crore):Preference shall be given to Class 1 local supplier as defined in public procurement (Preference to Make in India), Order 2017 as amended from time to time and its subsequent Orders/Notifications issued by concerned Nodal Ministry for specific Goods/Products. The minimum local content to qualify as a Class 1 local supplier is denoted in the bid document. If the bidder wants to avail the Purchase preference, the bidder must upload a certificate from the OEM regarding the percentage of the local content and the details of locations at which the local value addition is made along with their bid, failing which no purchase preference shall be granted. In case the bid value is more than Rs 10 Crore, the declaration relating to percentage of local content shall be certified by the statutory auditor or cost auditor, if the OEM is a company and by a practicing cost accountant or a chartered accountant for OEMs other than companies as per the Public Procurement (preference to Make-in -India) order 2017 dated 04.06.2020. Only Class-I and Class-II Local suppliers as per MII order dated 4.6.2020 will be eligible to bid. Non - Local suppliers as per MII order dated 04.06.2020 are not eligible to participate. However, eligible micro and small enterprises will be allowed to participate.The buyers are advised to refer the OM No.F.1/4/2021-PPD dated 18.05.2023 OM_No.1_4_2021_PPD_dated_18.05.2023 for compliance of Concurrent application of Public Procurement Policy for Micro and Small Enterprises Order, 2012 and Public Procurement (Preference to Make in India) Order, 2017. 8. Purchase preference will be given to MSEs having valid Udyam Registration and whose credentials are validated online through Udyam Registration portal as defined in Public Procurement Policy for Micro and Small Enterprises (MSEs) Order, 2012 dated 23.03.2012 issued by Ministry of Micro, Small and Medium Enterprises and its subsequent Orders/Notifications issued by concerned Ministry. If the bidder wants to avail themselves of the Purchase preference, the bidder must be the manufacturer / OEM of the offered product on GeM. Traders are excluded from the purview of Public Procurement Policy for Micro and Small Enterprises and hence resellers offering products manufactured by some other OEM are not eligible for any purchase preference. In respect of bid for Services, the bidder must be the Service provider of the offered Service. Relevant documentary evidence in this regard shall be uploaded along with the bid in respect of the offered product or service and Buyer will decide eligibility for purchase preference based on documentary evidence submitted, while evaluating the bid. If L-1 is not an MSE and MSE Seller (s) has / have quoted price within L-1+ 15% (Selected by Buyer) of margin of purchase preference /price band defined in relevant policy, such MSE Seller shall be given opportunity to match L-1 price and contract will be awarded for 25% (selected by Buyer) percentage of total quantity. The buyers are advised to refer the OM No. F.1/4/2021-PPD dated 18.05.2023 OM_No.1_4_2021_PPD_dated_18.05.2023 for compliance of Concurrent application of Public Procurement Policy for Micro and Small Enterprises Order, 2012 and Public Procurement (Preference to Make in India) Order, 2017. Benefits of MSE will be allowed only if seller is validated on-line in GeM profile as well as validated and approved by Buyer after evaluation of documents submitted. 9. Past Performance: The Bidder or its OEM {themselves or through re-seller(s)} should have supplied same or similar Category Products for 50% of bid quantity, in at least one of the last three Financial years before the bid opening date to any Central / State Govt Organization / PSU. Copies of relevant contracts (proving supply of cumulative order quantity in any one financial year) to be submitted along with bid in support of quantity 4 / 9\n\nsupplied in the relevant Financial year. In case of bunch bids, the category related to primary product having highest bid value should meet this criterion. 10. Reverse Auction would be conducted amongst first 50% of the technically qualified bidders arranged in the order of prices from lowest to highest. Number of sellers eligible for participating in RA would be rounded off to next higher integer value if number of technically qualified bidders is odd (e.g. if 7 bids are technically qualified, then RA will be conducted amongst L-1 to L-4). In case number of technically qualified bidders are 2 or 3, RA will be between all without any elimination. If Buyer has chosen to split the bid amongst N sellers, then minimum N sellers would be taken to RA round. In case Primary products of only one OEM are left in contention for participation in RA based on lowest 50% bidders qualifying for RA, the number of sellers qualifying for RA would be increased to get at least products of one more OEM (directly participated or through its reseller) if available. Further, if bid(s) of any seller(s) eligible for MSE preference is / are coming within price band of 15% of Non MSE L-1 or if bid of any seller(s) eligible for Make in India preference is / are coming within price band of 20% of non MII L-1, then such MSE / Make in India seller shall also be allowed to participate in the RA process. High End Laptop With Intel Ultra 7 255h Processor, 32 GB RAM, 1024 GB SSD, With Win Home ( 1 pieces ) ( 1 2 /Minimum 50% and 20% Local Content required for qualifying as Class 1 and Class 2 Local Supplier respectively) /Technical Specifications /Buyer Download Specification Document // /Consignees/Reporting Officer and Quantity // ..../S.N /Delivery o. /Consignee /Address /Quantity Days Reporting/Officer 1 *********** ***********BURDWAN 1 15 /Buyer Added Bid Specific Terms and Conditions 1. Warranty Warranty period of the supplied products shall be 1 years from the date of final acceptance of goods or after completion of installation, commissioning & testing of goods (if included in the scope of supply), at consignee location. OEM Warranty certificates must be submitted by Successful Bidder at the time of delivery of Goods. The seller should guarantee the rectification of goods in case of any break down during the guarantee period. Seller should have well established Installation, Commissioning, Training, Troubleshooting and Maintenance Service group in INDIA for attending the after sales service. Details of Service Centres near consignee destinations are to be uploaded along with the bid. 2. Turnover Bidder Turn Over Criteria: The minimum average annual financial turnover of the bidder during the last three years, ending on 31st March of the previous financial year, should be as indicated in the bid document. Documentary evidence in the form of certified Audited Balance Sheets of relevant periods or a certificate from the Chartered Accountant / Cost Accountant indicating the turnover details for the relevant period shall be uploaded with the bid. In case the date of constitution / incorporation of the 5 / 9\n\nbidder is less than 3 year old, the average turnover in respect of the completed financial years after the date of constitution shall be taken into account for this criteria. 3. Turnover OEM Turn Over Criteria: The minimum average annual financial turnover of the OEM of the offered product during the last three years, ending on 31st March of the previous financial year, should be as indicated in the bid document. Documentary evidence in the form of certified Audited Balance Sheets of relevant periods or a certificate from the Chartered Accountant / Cost Accountant indicating the turnover details for the relevant period shall be uploaded with the bid. In case the date of constitution / incorporation of the OEM is less than 3 year old, the average turnover in respect of the completed financial years after the date of constitution shall be taken into account for this criteria. In case of bunch bids, the OEM of CATEGORY RELATED TO primary product having highest bid value should meet this criterion. 4. Past Project Experience Proof for Past Experience and Project Experience clause: For fulfilling the experience criteria any one of the following documents may be considered as valid proof for meeting the experience criteria:a. Contract copy along with Invoice(s) with self-certification by the bidder that service/supplies against the invoices have been executed.b. Execution certificate by client with contract value.c. Any other document in support of contract execution like Third Party Inspection release note, etc.Proof for Past Experience and Project Experience clause: For fulfilling the experience criteria any one of the following documents may be considered as valid proof for meeting the experience criteria:a. Contract copy along with Invoice(s) with self-certification by the bidder that service/supplies against the invoices have been executed.b. Execution certificate by client with contract value.c. Any other document in support of contract execution like Third Party Inspection release note, etc. 5. Past Project Experience The Bidder / OEM {themselves or through reseller(s)}, should have executed project for supply and installation / commissioning of same or similar Category Products during preceding 3 financial years (i.e. current year and three previous financial years) as on opening of bid, as per following criteria: (i) Single order of at least 35% of estimated bid value; or (ii) Two orders of at least 20% each of estimated bid value; or (iii) Three orders of at least 15% each of estimated bid value. Satisfactory Performance certificate issued by respective Buyer Organization for the above Orders should be uploaded with bid. In case of bunch bids, the Category related to primary product having highest bid value should meet this criterion 6. Inspection Nominated Inspection Agency: On behalf of the Buyer organization, any one of the following Inspection Agency would be conducting inspection of stores before acceptance: Pre-dispatch Inspection at Seller Premises (applicable only if pre-dispatch inspection clause has been selected in ATC): No Post Receipt Inspection at consignee site before acceptance of stores: Yes 7. Forms of EMD and PBG Successful Bidder can submit the Performance Security in the form of Account Payee Demand Draft also (besides PBG which is allowed as per GeM GTC). DD should be made in favour of Commanding Officer, 189 Military Hospital payable at State Bank of India, Panagarh . After award of contract, Successful Bidder can upload scanned copy of the DD in place of PBG and has to ensure delivery of hard copy to the original DD to the Buyer within 15 days of award of contract. 6 / 9\n\n8. Buyer Added Bid Specific ATC Buyer Added text based ATC clauses 1) Successful bidder should provide product catalogue with specifications along with the product. 2) Non black listing undertaking must be provided by the bidder in their own letter head duly signed and s tamped mentioning the reference bid number. . 9. Generic Bidder financial standing: The bidder should not be under liquidation, court receivership or similar proceedings, should not be bankrupt. Bidder to upload undertaking to this effect with bid. 10. Generic Actual delivery (and Installation & Commissioning (if covered in scope of supply)) is to be done at following address Commanding Officer 189 Military Hospital Panagarh Military Station Panagarh Cantt West Bengal-713420. . 11. Certificates Bidder's offer is liable to be rejected if they don't upload any of the certificates / documents sought in the Bid document, ATC and Corrigendum if any. 12. Rate Contract Malicious Code Certificate: The seller should upload following certificate in the bid:- (a) This is to certify that the Hardware and the Software being offered, as part of the contract, does not contain Embedded Malicious code that would activate procedures to :- (i) Inhibit the desires and designed function of the equipment. (ii) Cause physical damage to the user or equipment during the exploitation. (iii) Tap information resident or transient in the equipment/network. (b) The firm will be considered to be in breach of the procurement contract, in case physical damage, loss of information or infringements related to copyright and Intellectual Property Right (IPRs) are caused due to activation of any such malicious code in embedded software. /Disclaimer The additional terms and conditions have been incorporated by the Buyer after approval of the Competent Authority in Buyer Organization, whereby Buyer organization is solely responsible for the impact of these clauses on the bidding process, its outcome, and consequences thereof including any eccentricity / restriction arising in the bidding process due to these ATCs and due to modification of technical specifications and / or terms and conditions governing the bid. If any clause(s) is / are incorporated by the Buyer regarding following, the bid and resultant contracts shall be treated as null and void and such bids may be cancelled by GeM at any stage of bidding process without any notice:- 1. Definition of Class I and Class II suppliers in the bid not in line with the extant Order / Office Memorandum issued by DPIIT in this regard. 7 / 9\n\n2. Seeking EMD submission from bidder(s), including via Additional Terms & Conditions, in contravention to exemption provided to such sellers under GeM GTC. 3. Publishing Custom / BOQ bids for items for which regular GeM categories are available without any Category item bunched with it. 4. Creating BoQ bid for single item. 5. Mentioning specific Brand or Make or Model or Manufacturer or Dealer name. 6. Mandating submission of documents in physical form as a pre-requisite to qualify bidders. 7. Floating / creation of work contracts as Custom Bids in Services. 8. Seeking sample with bid or approval of samples during bid evaluation process. (However, in bids for attached categories, trials are allowed as per approved procurement policy of the buyer nodal Ministries) 9. Mandating foreign / international certifications even in case of existence of Indian Standards without specifying equivalent Indian Certification / standards. 10. Seeking experience from specific organization / department / institute only or from foreign / export experience. 11. Creating bid for items from irrelevant categories. 12. Incorporating any clause against the MSME policy and Preference to Make in India Policy. 13. Reference of conditions published on any external site or reference to external documents/clauses. 14. Asking for any Tender fee / Bid Participation fee / Auction fee in case of Bids / Forward Auction, as the case may be. 15. Buyer added ATC Clauses which are in contravention of clauses defined by buyer in system generated bid template as indicated above in the Bid Details section, EMD Detail, ePBG Detail and MII and MSE Purchase Preference sections of the bid, unless otherwise allowed by GeM GTC. 16. In a category based bid, adding additional items, through buyer added additional scope of work/ additional terms and conditions/or any other document. If buyer needs more items along with the main item, the same must be added through bunching category based items or by bunching custom catalogs or bunching a BoQ with the main category based item, the same must not be done through ATC or Scope of Work. Further, if any seller has any objection/grievance against these additional clauses or otherwise on any aspect of this bid, they can raise their representation against the same by using the Representation window provided in the bid details field in Seller dashboard after logging in as a seller within 4 days of bid publication on GeM. Buyer is duty bound to reply to all such representations and would not be allowed to open bids if he fails to reply to such representations. All GeM Sellers/Service Providers shall ensure full compliance with all applicable labour laws, including the provisions, rules, schemes and guidelines under the four Labour Codes i.e. the Code on Wages, 2019; the Industrial Relations Code, 2020; the Occupational Safety, Health and Working Conditions Code, 2020; and the Code on Social Security, 2020 as and when notified and brought into force by the Government of India. For all provisions of the Labour Codes that are pending operationalisation through rules, schemes or notifications, the corresponding provisions of the pre-existing labour enactments (such as The Minimum Wages Act, 1948, The Payment of Wages Act, 1936, The Payment of Bonus Act, 1965, The Equal Remuneration Act, 1976, The Payment of Gratuity Act, 1972, etc. and relevant State Rules) shall continue to remain applicable. The Seller/ Service Providers shall, therefore, be responsible for ensuring compliance under: All notified and enforceable provisions of the new Labour Codes as mentioned hereinabove; and All operative provisions of the erstwhile Labour Laws until their complete substitution. All obligations relating to wages, social security, safety, working conditions, industrial relations etc. and any other statutory requirements shall be strictly met by the Seller/ Service Provider. Any non- compliance shall constitute a breach of the contract and shall entitle the Buyer to take appropriate action in accordance with the contract and applicable law. /This Bid is also governed by the General Terms and Conditions 8 / 9\n\n26 /In terms of GeM GTC clause 26 regarding Restrictions on procurement from a bidder of a country which shares a land border with India, any bidder from a country which shares a land border with India will be eligible to bid in this tender only if the bidder is registered with the Competent Authority. While participating in bid, Bidder has to undertake compliance of this and any false declaration and non-compliance of this would be a ground for immediate termination of the contract and further legal action in accordance with the laws. ---/Thank You--- 9 / 9"
}