{
  "source_file": "GEM_2025_B_6967935.pdf",
  "num_pages": 8,
  "pages": [
    {
      "page_number": 1,
      "used_ocr": false,
      "cleaned_text": "/Bid Number: GEM/2025/B/6967935 /Dated: 30-12-2025 / Bid Document //Bid Details // /Bid End Date/Time 09-01-2026 14:00:00 // /Bid Opening 09-01-2026 14:30:00 Date/Time (( ))/Bid Offer 90 (Days) Validity (From End Date) // /Ministry/State Name Ministry Of Defence /Department Name Department Of Military Affairs /Organisation Name Indian Army /Office Name *********** Manpower Outsourcing Services - Minimum wage - Skilled; /Item Category High School; Others /Contract Period 11 Month(s) 5 Day(s) ((33 )) /Minimum Average Annual Turnover of the 18 Lakh (s) bidder (For 3 Years) // /Years of Past Experience Required for 5 Year (s) same/similar service /Past Yes Experience of Similar Services required / MSE Yes | Complete Relaxation for Turnover / Startup Yes | Complete Relaxation for Turnover Experience Criteria,Bidder Turnover,Certificate (Requested in ATC) /Document required *In case any bidder is seeking exemption from Experience / from seller Turnover Criteria, the supporting documents to prove his eligibility for exemption must be uploaded for evaluation by the buyer Yes (Documents submitted as part of a clarification or representation during the tender/bid process will also be ?? /Do you want to show displayed to other participated bidders after log in) documents uploaded by bidders to all bidders participated in bid? 1 / 8",
      "lines": [
        "/Bid Number: GEM/2025/B/6967935 /Dated: 30-12-2025 / Bid Document //Bid Details // /Bid End Date/Time 09-01-2026 14:00:00 // /Bid Opening 09-01-2026 14:30:00 Date/Time (( ))/Bid Offer 90 (Days) Validity (From End Date) // /Ministry/State Name Ministry Of Defence /Department Name Department Of Military Affairs /Organisation Name Indian Army /Office Name *********** Manpower Outsourcing Services - Minimum wage - Skilled; /Item Category High School; Others /Contract Period 11 Month(s) 5 Day(s) ((33 )) /Minimum Average Annual Turnover of the 18 Lakh (s) bidder (For 3 Years) // /Years of Past Experience Required for 5 Year (s) same/similar service /Past Yes Experience of Similar Services required / MSE Yes | Complete Relaxation for Turnover / Startup Yes | Complete Relaxation for Turnover Experience Criteria,Bidder Turnover,Certificate (Requested in ATC) /Document required *In case any bidder is seeking exemption from Experience / from seller Turnover Criteria, the supporting documents to prove his eligibility for exemption must be uploaded for evaluation by the buyer Yes (Documents submitted as part of a clarification or representation during the tender/bid process will also be ?? /Do you want to show displayed to other participated bidders after log in) documents uploaded by bidders to all bidders participated in bid? 1 / 8"
      ],
      "tables": [
        [
          [
            "//Bid Details",
            ""
          ],
          [
            "// /Bid End Date/Time",
            "09-01-2026 14:00:00"
          ],
          [
            "// /Bid Opening Date/Time",
            "09-01-2026 14:30:00"
          ],
          [
            "(( ))/Bid Offer Validity (From End Date)",
            "90 (Days)"
          ],
          [
            "// /Ministry/State Name",
            "Ministry Of Defence"
          ],
          [
            "/Department Name",
            "Department Of Military Affairs"
          ],
          [
            "/Organisation Name",
            "Indian Army"
          ],
          [
            "/Office Name",
            "***********"
          ],
          [
            "/Item Category",
            "Manpower Outsourcing Services - Minimum wage - Skilled; High School; Others"
          ],
          [
            "/Contract Period",
            "11 Month(s) 5 Day(s)"
          ],
          [
            "((33 )) /Minimum Average Annual Turnover of the bidder (For 3 Years)",
            "18 Lakh (s)"
          ],
          [
            "// /Years of Past Experience Required for same/similar service",
            "5 Year (s)"
          ],
          [
            "/Past Experience of Similar Services required",
            "Yes"
          ],
          [
            "/ MSE Relaxation for Turnover",
            "Yes | Complete"
          ],
          [
            "/ Startup Relaxation for Turnover",
            "Yes | Complete"
          ],
          [
            "/Document required from seller",
            "Experience Criteria,Bidder Turnover,Certificate (Requested in ATC) *In case any bidder is seeking exemption from Experience / Turnover Criteria, the supporting documents to prove his eligibility for exemption must be uploaded for evaluation by the buyer"
          ],
          [
            "?? /Do you want to show documents uploaded by bidders to all bidders participated in bid?",
            "Yes (Documents submitted as part of a clarification or representation during the tender/bid process will also be displayed to other participated bidders after log in)"
          ],
          [
            "",
            ""
          ]
        ]
      ]
    },
    {
      "page_number": 2,
      "used_ocr": false,
      "cleaned_text": "//Bid Details / Minimum number of 1 bids required to disable automatic bid extension ,, -- // Number of days for which Bid 7 would be auto--extended // 1 Number of Auto Extension count /Bid to RA enabled No /Type of Bid Single Packet Bid /Time allowed for Technical 7 Days Clarifications during technical evaluation /Estimated Bid Value 5888425.62 /Evaluation Method Total value wise evaluation /Arbitration Clause No /Mediation Clause No /EMD Detail /Advisory Bank State Bank of India /EMD Amount 113500 /ePBG Detail /Advisory Bank State Bank of India (%)/ePBG Percentage(%) 5.00 () /Duration of ePBG 13 required (Months). (a). /EMD EXEMPTION: The bidder seeking EMD exemption, must submit the valid supporting document for the relevant category as per GeM GTC with the bid. Under MSE category, only manufacturers for goods and Service Providers for Services are eligible for exemption from EMD. Traders are excluded from the purview of this Policy. (b). , , / EMD & Performance securityshould be in favour of Beneficiary, wherever it is applicable. 2 / 8",
      "lines": [
        "//Bid Details / Minimum number of 1 bids required to disable automatic bid extension ,, -- // Number of days for which Bid 7 would be auto--extended // 1 Number of Auto Extension count /Bid to RA enabled No /Type of Bid Single Packet Bid /Time allowed for Technical 7 Days Clarifications during technical evaluation /Estimated Bid Value 5888425.62 /Evaluation Method Total value wise evaluation /Arbitration Clause No /Mediation Clause No /EMD Detail /Advisory Bank State Bank of India /EMD Amount 113500 /ePBG Detail /Advisory Bank State Bank of India (%)/ePBG Percentage(%) 5.00 () /Duration of ePBG 13 required (Months). (a). /EMD EXEMPTION: The bidder seeking EMD exemption, must submit the valid supporting document for the relevant category as per GeM GTC with the bid. Under MSE category, only manufacturers for goods and Service Providers for Services are eligible for exemption from EMD. Traders are excluded from the purview of this Policy. (b). , , / EMD & Performance securityshould be in favour of Beneficiary, wherever it is applicable. 2 / 8"
      ],
      "tables": [
        [
          [
            "",
            ""
          ],
          [
            "//Bid Details",
            ""
          ],
          [
            "/ Minimum number of bids required to disable automatic bid extension",
            "1"
          ],
          [
            ",, -- // Number of days for which Bid would be auto--extended",
            "7"
          ],
          [
            "// Number of Auto Extension count",
            "1"
          ],
          [
            "/Bid to RA enabled",
            "No"
          ],
          [
            "/Type of Bid",
            "Single Packet Bid"
          ],
          [
            "/Time allowed for Technical Clarifications during technical evaluation",
            "7 Days"
          ],
          [
            "/Estimated Bid Value",
            "5888425.62"
          ],
          [
            "/Evaluation Method",
            "Total value wise evaluation"
          ],
          [
            "/Arbitration Clause",
            "No"
          ],
          [
            "/Mediation Clause",
            "No"
          ]
        ],
        [
          [
            "/Advisory Bank",
            "State Bank of India"
          ],
          [
            "/EMD Amount",
            "113500"
          ]
        ],
        [
          [
            "/Advisory Bank",
            "State Bank of India"
          ],
          [
            "(%)/ePBG Percentage(%)",
            "5.00"
          ],
          [
            "() /Duration of ePBG required (Months).",
            "13"
          ]
        ]
      ]
    },
    {
      "page_number": 3,
      "used_ocr": false,
      "cleaned_text": "/Beneficiary : CWE NW MUBAI COMMANDER WORKS ENGINEER NAVAL WORKS MUMBAI, Department of Military Affairs, Indian Army, Ministry of Defence (Cwe Nw Mumbai) UIN Number NCTGC2415P / Bid splitting not applied. /MII Compliance /MII Compliance Yes /MSE Purchase Preference /MSE Purchase Preference Yes , L1+X% / 15 Purchase Preference to MSE OEMs available upto price within L1+X% / Maximum 100 Percentage of Bid quantity for MSE purchase preference 1. If the bidder is a Micro or Small Enterprise (MSE) as per latest orders issued by Ministry of MSME, the bidder shall be relaxed from the eligibility criteria of \"Bidder Turnover\" as defined above subject to meeting of quality and technical specifications. If the bidder itself is MSE OEM of the offered products, it would be relaxed from the \"OEM Average Turnover\" criteria also subject to meeting of quality and technical specifications. The bidder seeking Relaxation from Turnover, shall upload the supporting documents to prove his eligibility for Relaxation. 2. If the bidder is a DPIIT registered Startup, the bidder shall be relaxed from the the eligibility criteria of \"Bidder Turnover\" as defined above subject to their meeting of quality and technical specifications. If the bidder is DPIIT Registered OEM of the offered products, it would be relaxed from the \"OEM Average Turnover\" criteria also subject to meeting of quality and technical specifications. The bidder seeking Relaxation from Turnover shall upload the supporting documents to prove his eligibility for Relaxation. 3. The minimum average annual financial turnover of the bidder during the last three years, ending on 31st March of the previous financial year, should be as indicated above in the bid document. Documentary evidence in the form of certified Audited Balance Sheets of relevant periods or a certificate from the Chartered Accountant / Cost Accountant indicating the turnover details for the relevant period shall be uploaded with the bid. In case the date of constitution / incorporation of the bidder is less than 3-year-old, the average turnover in respect of the completed financial years after the date of constitution shall be taken into account for this criteria. 4. Years of Past Experience required: The bidder must have experience for number of years as indicated above in bid document (ending month of March prior to the bid opening) of providing similar type of services to any Central / State Govt Organization / PSU. Copies of relevant contracts / orders to be uploaded along with bid in support of having provided services during each of the Financial year. 5. Purchase preference to Micro and Small Enterprises (MSEs): Purchase preference will be given to MSEs as defined in Public Procurement Policy for Micro and Small Enterprises (MSEs) Order, 2012 dated 23.03.2012 issued by Ministry of Micro, Small and Medium Enterprises and its subsequent Orders/Notifications issued by concerned Ministry. If the bidder wants to avail the Purchase preference for services, the bidder must be the Service provider of the offered Service. Relevant documentary evidence in this regard shall be uploaded along with the bid in respect of the offered service. If L-1 is not an MSE and MSE Service Provider (s) has/have quoted price within L-1+ 15% of margin of purchase preference /price band as defined in the relevant policy, then 100% order quantity will be awarded to such MSE bidder subject to acceptance of L1 bid price. The buyers are advised to 3 / 8",
      "lines": [
        "/Beneficiary : CWE NW MUBAI COMMANDER WORKS ENGINEER NAVAL WORKS MUMBAI, Department of Military Affairs, Indian Army, Ministry of Defence (Cwe Nw Mumbai) UIN Number NCTGC2415P / Bid splitting not applied. /MII Compliance /MII Compliance Yes /MSE Purchase Preference /MSE Purchase Preference Yes , L1+X% / 15 Purchase Preference to MSE OEMs available upto price within L1+X% / Maximum 100 Percentage of Bid quantity for MSE purchase preference 1. If the bidder is a Micro or Small Enterprise (MSE) as per latest orders issued by Ministry of MSME, the bidder shall be relaxed from the eligibility criteria of \"Bidder Turnover\" as defined above subject to meeting of quality and technical specifications. If the bidder itself is MSE OEM of the offered products, it would be relaxed from the \"OEM Average Turnover\" criteria also subject to meeting of quality and technical specifications. The bidder seeking Relaxation from Turnover, shall upload the supporting documents to prove his eligibility for Relaxation. 2. If the bidder is a DPIIT registered Startup, the bidder shall be relaxed from the the eligibility criteria of \"Bidder Turnover\" as defined above subject to their meeting of quality and technical specifications. If the bidder is DPIIT Registered OEM of the offered products, it would be relaxed from the \"OEM Average Turnover\" criteria also subject to meeting of quality and technical specifications. The bidder seeking Relaxation from Turnover shall upload the supporting documents to prove his eligibility for Relaxation. 3. The minimum average annual financial turnover of the bidder during the last three years, ending on 31st March of the previous financial year, should be as indicated above in the bid document. Documentary evidence in the form of certified Audited Balance Sheets of relevant periods or a certificate from the Chartered Accountant / Cost Accountant indicating the turnover details for the relevant period shall be uploaded with the bid. In case the date of constitution / incorporation of the bidder is less than 3-year-old, the average turnover in respect of the completed financial years after the date of constitution shall be taken into account for this criteria. 4. Years of Past Experience required: The bidder must have experience for number of years as indicated above in bid document (ending month of March prior to the bid opening) of providing similar type of services to any Central / State Govt Organization / PSU. Copies of relevant contracts / orders to be uploaded along with bid in support of having provided services during each of the Financial year. 5. Purchase preference to Micro and Small Enterprises (MSEs): Purchase preference will be given to MSEs as defined in Public Procurement Policy for Micro and Small Enterprises (MSEs) Order, 2012 dated 23.03.2012 issued by Ministry of Micro, Small and Medium Enterprises and its subsequent Orders/Notifications issued by concerned Ministry. If the bidder wants to avail the Purchase preference for services, the bidder must be the Service provider of the offered Service. Relevant documentary evidence in this regard shall be uploaded along with the bid in respect of the offered service. If L-1 is not an MSE and MSE Service Provider (s) has/have quoted price within L-1+ 15% of margin of purchase preference /price band as defined in the relevant policy, then 100% order quantity will be awarded to such MSE bidder subject to acceptance of L1 bid price. The buyers are advised to 3 / 8"
      ],
      "tables": [
        [
          [
            "/MII Compliance",
            "Yes"
          ]
        ],
        [
          [
            "/MSE Purchase Preference",
            "Yes"
          ],
          [
            ", L1+X% / Purchase Preference to MSE OEMs available upto price within L1+X%",
            "15"
          ],
          [
            "/ Maximum Percentage of Bid quantity for MSE purchase preference",
            "100"
          ]
        ]
      ]
    },
    {
      "page_number": 4,
      "used_ocr": false,
      "cleaned_text": "refer to the OM_No.1_4_2021_PPD_dated_18.05.2023 for compliance of Concurrent application of Public Procurement Policy for Micro and Small Enterprises Order, 2012 and Public Procurement (Preference to Make in India) Order, 2017. Benefits of MSE will be allowed only if the credentials of the service provider are validated on- line in GeM profile as well as validated and approved by the Buyer after evaluation of submitted documents. 6. Estimated Bid Value indicated above is being declared solely for the purpose of guidance on EMD amount and for determining the Eligibility Criteria related to Turn Over, Past Performance and Project / Past Experience etc. This has no relevance or bearing on the price to be quoted by the bidders and is also not going to have any impact on bid participation. Also this is not going to be used as a criteria in determining reasonableness of quoted prices which would be determined by the buyer based on its own assessment of reasonableness and based on competitive prices received in Bid / RA process. 7. Past Experience of Similar Services: The bidder must have successfully executed/completed similar Services over the last three years i.e. the current financial year and the last three financial years(ending month of March prior to the bid opening): - 1. Three similar completed services costing not less than the amount equal to 40% (forty percent) of the estimated cost; or 2. Two similar completed services costing not less than the amount equal to 50% (fifty percent) of the estimated cost; or 3. One similar completed service costing not less than the amount equal to 80% (eighty percent) of the estimated cost. // /Additional Qualification/Data Required The Bidder should have executed at least X No. projects with contract value not less than (Rs) yy for each contract of providing manpower services to Central/ State Government Departments/ Public Sector Undertakings/ Autonomous Bodies in last N financial years:Past experience of successful completion of similar nature of work done within last 05 years. The Bidder shall upload a Work Completion certificate having details of the final completion cost. The Bidder should have executed at least X No. projects with supply of xx..no. of manpower in each contract of providing manpower services to Central/ State Government Departments/ Public Sector Undertakings/ Autonomous Bodies in last N financial years:Past experience of successful completion of 01 works of 80% value or 02 works of 50% value or 03 works of 40% value of estimated cost shall be submitted by the bidder. Ongoing works shall not be considered. Scope of work & Job description:1764912517.pdf Buyer to upload undertaking that Minimum Wages indicated by him during Bid Creation are as per applicable Minimum Wages Act:1764912715.pdf Manpower Outsourcing Services - Minimum Wage - Skilled; High School; Others ( 14 ) /Technical Specifications / Specification / Values / Core Skill Category Skilled Educational Qualification High School Type of Function Others List of Profiles FGM Specialization Not Required Post Graduation Not Required Specialization for PG Not Applicable Experience 3 to 7 Years State NA 4 / 8",
      "lines": [
        "refer to the OM_No.1_4_2021_PPD_dated_18.05.2023 for compliance of Concurrent application of Public Procurement Policy for Micro and Small Enterprises Order, 2012 and Public Procurement (Preference to Make in India) Order, 2017. Benefits of MSE will be allowed only if the credentials of the service provider are validated on- line in GeM profile as well as validated and approved by the Buyer after evaluation of submitted documents. 6. Estimated Bid Value indicated above is being declared solely for the purpose of guidance on EMD amount and for determining the Eligibility Criteria related to Turn Over, Past Performance and Project / Past Experience etc. This has no relevance or bearing on the price to be quoted by the bidders and is also not going to have any impact on bid participation. Also this is not going to be used as a criteria in determining reasonableness of quoted prices which would be determined by the buyer based on its own assessment of reasonableness and based on competitive prices received in Bid / RA process. 7. Past Experience of Similar Services: The bidder must have successfully executed/completed similar Services over the last three years i.e. the current financial year and the last three financial years(ending month of March prior to the bid opening): - 1. Three similar completed services costing not less than the amount equal to 40% (forty percent) of the estimated cost; or 2. Two similar completed services costing not less than the amount equal to 50% (fifty percent) of the estimated cost; or 3. One similar completed service costing not less than the amount equal to 80% (eighty percent) of the estimated cost. // /Additional Qualification/Data Required The Bidder should have executed at least X No. projects with contract value not less than (Rs) yy for each contract of providing manpower services to Central/ State Government Departments/ Public Sector Undertakings/ Autonomous Bodies in last N financial years:Past experience of successful completion of similar nature of work done within last 05 years. The Bidder shall upload a Work Completion certificate having details of the final completion cost. The Bidder should have executed at least X No. projects with supply of xx..no. of manpower in each contract of providing manpower services to Central/ State Government Departments/ Public Sector Undertakings/ Autonomous Bodies in last N financial years:Past experience of successful completion of 01 works of 80% value or 02 works of 50% value or 03 works of 40% value of estimated cost shall be submitted by the bidder. Ongoing works shall not be considered. Scope of work & Job description:1764912517.pdf Buyer to upload undertaking that Minimum Wages indicated by him during Bid Creation are as per applicable Minimum Wages Act:1764912715.pdf Manpower Outsourcing Services - Minimum Wage - Skilled; High School; Others ( 14 ) /Technical Specifications / Specification / Values / Core Skill Category Skilled Educational Qualification High School Type of Function Others List of Profiles FGM Specialization Not Required Post Graduation Not Required Specialization for PG Not Applicable Experience 3 to 7 Years State NA 4 / 8"
      ],
      "tables": [
        [
          [
            "/ Specification",
            "/ Values"
          ],
          [
            "/ Core",
            ""
          ],
          [
            "Skill Category",
            "Skilled"
          ],
          [
            "Educational Qualification",
            "High School"
          ],
          [
            "Type of Function",
            "Others"
          ],
          [
            "List of Profiles",
            "FGM"
          ],
          [
            "Specialization",
            "Not Required"
          ],
          [
            "Post Graduation",
            "Not Required"
          ],
          [
            "Specialization for PG",
            "Not Applicable"
          ],
          [
            "Experience",
            "3 to 7 Years"
          ],
          [
            "State",
            "NA"
          ],
          [
            "",
            ""
          ]
        ]
      ]
    },
    {
      "page_number": 5,
      "used_ocr": false,
      "cleaned_text": "/ Specification / Values Zipcode NA District NA Is the Geographical presence of the Service Provider's office required in the consignee's State Yes Name of states/ UT for geographical presence is required Maharashtra /Addon(s) /Additional Details Title for Optional Allowances 2 - Title for Optional Allowances 1 - Title for Optional Allowances 3 - Designation - /Minimum Floor Price defined by Buyer /Minimum Floor Price No defined by Buyer /Additional Specification Documents // /Consignees/Reporting Officer and Quantity // ..../S.N / Number of o. /Consignee /Address Resources to R / e A q d u d i i r t e io m n e a n l t Reporting/Officer be hired 5 / 8",
      "lines": [
        "/ Specification / Values Zipcode NA District NA Is the Geographical presence of the Service Provider's office required in the consignee's State Yes Name of states/ UT for geographical presence is required Maharashtra /Addon(s) /Additional Details Title for Optional Allowances 2 - Title for Optional Allowances 1 - Title for Optional Allowances 3 - Designation - /Minimum Floor Price defined by Buyer /Minimum Floor Price No defined by Buyer /Additional Specification Documents // /Consignees/Reporting Officer and Quantity // ..../S.N / Number of o. /Consignee /Address Resources to R / e A q d u d i i r t e io m n e a n l t Reporting/Officer be hired 5 / 8"
      ],
      "tables": [
        [
          [
            "",
            ""
          ],
          [
            "/ Specification",
            "/ Values"
          ],
          [
            "Zipcode",
            "NA"
          ],
          [
            "District",
            "NA"
          ],
          [
            "Is the Geographical presence of the Service Provider's office required in the consignee's State",
            "Yes"
          ],
          [
            "Name of states/ UT for geographical presence is required",
            "Maharashtra"
          ],
          [
            "/Addon(s)",
            ""
          ],
          [
            "/Additional Details",
            ""
          ],
          [
            "Title for Optional Allowances 2",
            "-"
          ],
          [
            "Title for Optional Allowances 1",
            "-"
          ],
          [
            "Title for Optional Allowances 3",
            "-"
          ],
          [
            "Designation",
            "-"
          ]
        ],
        [
          [
            "/Minimum Floor Price defined by Buyer",
            "No"
          ]
        ],
        [
          [
            "..../S.N o.",
            "// /Consignee Reporting/Officer",
            "/Address",
            "/ Number of Resources to be hired",
            "/Additional Requirement"
          ],
          [
            "",
            "",
            "",
            "",
            ""
          ]
        ]
      ]
    },
    {
      "page_number": 6,
      "used_ocr": false,
      "cleaned_text": "// ..../S.N / Number of o. /Consignee /Address Resources to R / e A q d u d i i r t e io m n e a n l t Reporting/Officer be hired Minimum daily wage (INR) exclusive of GST : 981 Bonus (INR per day) : 0 EDLI (INR per day) : 0 EPF Admin Charge (INR per day) : 0 Optional Allowances 1 (INR per day) : 0 Optional Allowances 2 (INR per day) : 0 Optional Allowances 3 (INR per day) : 0 Estimated Number 1 *********** ***********Mumbai 14 of Overtime Hours per Resource per Month : 0 Remuneration per resource per hour for Overtime Hours (Including all applicable allowance etc & excluding GST) : 0 ESI (INR per day) : 0 Provident Fund (INR per day) : 65 Number of working days in a month : 30 Tenure/ Duration of Employment (in months) : 11 /Buyer Added Bid Specific Terms and Conditions 1. Forms of EMD and PBG Bidders can also submit the EMD with Account Payee Demand Draft in favour of GE NW KUNJALI payable at MUMBAI . Bidder has to upload scanned copy / proof of the DD along with bid and has to ensure delivery of hardcopy to the Buyer within 5 days of Bid End date / Bid Opening date. 6 / 8",
      "lines": [
        "// ..../S.N / Number of o. /Consignee /Address Resources to R / e A q d u d i i r t e io m n e a n l t Reporting/Officer be hired Minimum daily wage (INR) exclusive of GST : 981 Bonus (INR per day) : 0 EDLI (INR per day) : 0 EPF Admin Charge (INR per day) : 0 Optional Allowances 1 (INR per day) : 0 Optional Allowances 2 (INR per day) : 0 Optional Allowances 3 (INR per day) : 0 Estimated Number 1 *********** ***********Mumbai 14 of Overtime Hours per Resource per Month : 0 Remuneration per resource per hour for Overtime Hours (Including all applicable allowance etc & excluding GST) : 0 ESI (INR per day) : 0 Provident Fund (INR per day) : 65 Number of working days in a month : 30 Tenure/ Duration of Employment (in months) : 11 /Buyer Added Bid Specific Terms and Conditions 1. Forms of EMD and PBG Bidders can also submit the EMD with Account Payee Demand Draft in favour of GE NW KUNJALI payable at MUMBAI . Bidder has to upload scanned copy / proof of the DD along with bid and has to ensure delivery of hardcopy to the Buyer within 5 days of Bid End date / Bid Opening date. 6 / 8"
      ],
      "tables": [
        [
          [
            "",
            "",
            "",
            "",
            ""
          ],
          [
            "..../S.N o.",
            "// /Consignee Reporting/Officer",
            "/Address",
            "/ Number of Resources to be hired",
            "/Additional Requirement"
          ],
          [
            "1",
            "***********",
            "***********Mumbai",
            "14",
            "Minimum daily wage (INR) exclusive of GST : 981 Bonus (INR per day) : 0 EDLI (INR per day) : 0 EPF Admin Charge (INR per day) : 0 Optional Allowances 1 (INR per day) : 0 Optional Allowances 2 (INR per day) : 0 Optional Allowances 3 (INR per day) : 0 Estimated Number of Overtime Hours per Resource per Month : 0 Remuneration per resource per hour for Overtime Hours (Including all applicable allowance etc & excluding GST) : 0 ESI (INR per day) : 0 Provident Fund (INR per day) : 65 Number of working days in a month : 30 Tenure/ Duration of Employment (in months) : 11"
          ]
        ]
      ]
    },
    {
      "page_number": 7,
      "used_ocr": false,
      "cleaned_text": "2. Forms of EMD and PBG Successful Bidder can submit the Performance Security in the form of Fixed Deposit Receipt also (besides PBG which is allowed as per GeM GTC). FDR should be made out or pledged in the name of CWE NW MUMBAI A/C (Name of the Seller). The bank should certify on it that the deposit can be withdrawn only on the demand or with the sanction of the pledgee. For release of Security Deposit, the FDR will be released in favour of bidder by the Buyer after making endorsement on the back of the FDR duly signed and stamped along with covering letter. Successful Bidder has to upload scanned copy of the FDR document in place of PBG and has to ensure delivery of hard copy of Original FDR to the Buyer within 15 days of award of contract. 3. Buyer Added Bid Specific ATC Buyer uploaded ATC document Click here to view the file. /Disclaimer The additional terms and conditions have been incorporated by the Buyer after approval of the Competent Authority in Buyer Organization, whereby Buyer organization is solely responsible for the impact of these clauses on the bidding process, its outcome, and consequences thereof including any eccentricity / restriction arising in the bidding process due to these ATCs and due to modification of technical specifications and / or terms and conditions governing the bid. If any clause(s) is / are incorporated by the Buyer regarding following, the bid and resultant contracts shall be treated as null and void and such bids may be cancelled by GeM at any stage of bidding process without any notice:- 1. Definition of Class I and Class II suppliers in the bid not in line with the extant Order / Office Memorandum issued by DPIIT in this regard. 2. Seeking EMD submission from bidder(s), including via Additional Terms & Conditions, in contravention to exemption provided to such sellers under GeM GTC. 3. Publishing Custom / BOQ bids for items for which regular GeM categories are available without any Category item bunched with it. 4. Creating BoQ bid for single item. 5. Mentioning specific Brand or Make or Model or Manufacturer or Dealer name. 6. Mandating submission of documents in physical form as a pre-requisite to qualify bidders. 7. Floating / creation of work contracts as Custom Bids in Services. 8. Seeking sample with bid or approval of samples during bid evaluation process. (However, in bids for attached categories, trials are allowed as per approved procurement policy of the buyer nodal Ministries) 9. Mandating foreign / international certifications even in case of existence of Indian Standards without specifying equivalent Indian Certification / standards. 10. Seeking experience from specific organization / department / institute only or from foreign / export experience. 11. Creating bid for items from irrelevant categories. 12. Incorporating any clause against the MSME policy and Preference to Make in India Policy. 13. Reference of conditions published on any external site or reference to external documents/clauses. 14. Asking for any Tender fee / Bid Participation fee / Auction fee in case of Bids / Forward Auction, as the case may be. 15. Any ATC clause in contravention with GeM GTC Clause 4 (xiii)(h) will be invalid. In case of multiple L1 bidders against a service bid, the buyer shall place the Contract by selection of a bidder amongst the L-1 bidders through a Random Algorithm executed by GeM system. 16. Buyer added ATC Clauses which are in contravention of clauses defined by buyer in system generated bid template as indicated above in the Bid Details section, EMD Detail, ePBG Detail and MII and MSE Purchase Preference sections of the bid, unless otherwise allowed by GeM GTC. 17. In a category based bid, adding additional items, through buyer added additional scope of work/ additional terms and conditions/or any other document. If buyer needs more items along with the main item, the same must be added through bunching category based items or by bunching custom catalogs or bunching a BoQ with the main category based item, the same must not be done through ATC or Scope of 7 / 8",
      "lines": [
        "2. Forms of EMD and PBG Successful Bidder can submit the Performance Security in the form of Fixed Deposit Receipt also (besides PBG which is allowed as per GeM GTC). FDR should be made out or pledged in the name of CWE NW MUMBAI A/C (Name of the Seller). The bank should certify on it that the deposit can be withdrawn only on the demand or with the sanction of the pledgee. For release of Security Deposit, the FDR will be released in favour of bidder by the Buyer after making endorsement on the back of the FDR duly signed and stamped along with covering letter. Successful Bidder has to upload scanned copy of the FDR document in place of PBG and has to ensure delivery of hard copy of Original FDR to the Buyer within 15 days of award of contract. 3. Buyer Added Bid Specific ATC Buyer uploaded ATC document Click here to view the file. /Disclaimer The additional terms and conditions have been incorporated by the Buyer after approval of the Competent Authority in Buyer Organization, whereby Buyer organization is solely responsible for the impact of these clauses on the bidding process, its outcome, and consequences thereof including any eccentricity / restriction arising in the bidding process due to these ATCs and due to modification of technical specifications and / or terms and conditions governing the bid. If any clause(s) is / are incorporated by the Buyer regarding following, the bid and resultant contracts shall be treated as null and void and such bids may be cancelled by GeM at any stage of bidding process without any notice:- 1. Definition of Class I and Class II suppliers in the bid not in line with the extant Order / Office Memorandum issued by DPIIT in this regard. 2. Seeking EMD submission from bidder(s), including via Additional Terms & Conditions, in contravention to exemption provided to such sellers under GeM GTC. 3. Publishing Custom / BOQ bids for items for which regular GeM categories are available without any Category item bunched with it. 4. Creating BoQ bid for single item. 5. Mentioning specific Brand or Make or Model or Manufacturer or Dealer name. 6. Mandating submission of documents in physical form as a pre-requisite to qualify bidders. 7. Floating / creation of work contracts as Custom Bids in Services. 8. Seeking sample with bid or approval of samples during bid evaluation process. (However, in bids for attached categories, trials are allowed as per approved procurement policy of the buyer nodal Ministries) 9. Mandating foreign / international certifications even in case of existence of Indian Standards without specifying equivalent Indian Certification / standards. 10. Seeking experience from specific organization / department / institute only or from foreign / export experience. 11. Creating bid for items from irrelevant categories. 12. Incorporating any clause against the MSME policy and Preference to Make in India Policy. 13. Reference of conditions published on any external site or reference to external documents/clauses. 14. Asking for any Tender fee / Bid Participation fee / Auction fee in case of Bids / Forward Auction, as the case may be. 15. Any ATC clause in contravention with GeM GTC Clause 4 (xiii)(h) will be invalid. In case of multiple L1 bidders against a service bid, the buyer shall place the Contract by selection of a bidder amongst the L-1 bidders through a Random Algorithm executed by GeM system. 16. Buyer added ATC Clauses which are in contravention of clauses defined by buyer in system generated bid template as indicated above in the Bid Details section, EMD Detail, ePBG Detail and MII and MSE Purchase Preference sections of the bid, unless otherwise allowed by GeM GTC. 17. In a category based bid, adding additional items, through buyer added additional scope of work/ additional terms and conditions/or any other document. If buyer needs more items along with the main item, the same must be added through bunching category based items or by bunching custom catalogs or bunching a BoQ with the main category based item, the same must not be done through ATC or Scope of 7 / 8"
      ],
      "tables": []
    },
    {
      "page_number": 8,
      "used_ocr": false,
      "cleaned_text": "Work. Further, if any seller has any objection/grievance against these additional clauses or otherwise on any aspect of this bid, they can raise their representation against the same by using the Representation window provided in the bid details field in Seller dashboard after logging in as a seller within 4 days of bid publication on GeM. Buyer is duty bound to reply to all such representations and would not be allowed to open bids if he fails to reply to such representations. All GeM Sellers/Service Providers shall ensure full compliance with all applicable labour laws, including the provisions, rules, schemes and guidelines under the four Labour Codes i.e. the Code on Wages, 2019; the Industrial Relations Code, 2020; the Occupational Safety, Health and Working Conditions Code, 2020; and the Code on Social Security, 2020 as and when notified and brought into force by the Government of India. For all provisions of the Labour Codes that are pending operationalisation through rules, schemes or notifications, the corresponding provisions of the pre-existing labour enactments (such as The Minimum Wages Act, 1948, The Payment of Wages Act, 1936, The Payment of Bonus Act, 1965, The Equal Remuneration Act, 1976, The Payment of Gratuity Act, 1972, etc. and relevant State Rules) shall continue to remain applicable. The Seller/ Service Providers shall, therefore, be responsible for ensuring compliance under: All notified and enforceable provisions of the new Labour Codes as mentioned hereinabove; and All operative provisions of the erstwhile Labour Laws until their complete substitution. All obligations relating to wages, social security, safety, working conditions, industrial relations etc. and any other statutory requirements shall be strictly met by the Seller/ Service Provider. Any non- compliance shall constitute a breach of the contract and shall entitle the Buyer to take appropriate action in accordance with the contract and applicable law. This Bid is governed by the /General Terms and Conditions, conditons stipulated in Bid and Service Level Agreement specific to this Service as provided in the Marketplace. However in case if any condition specified in /General Terms and Conditions is contradicted by the conditions stipulated in Service Level Agreement, then it will over ride the conditions in the General Terms and Conditions. 26 /In terms of GeM GTC clause 26 regarding Restrictions on procurement from a bidder of a country which shares a land border with India, any bidder from a country which shares a land border with India will be eligible to bid in this tender only if the bidder is registered with the Competent Authority. While participating in bid, Bidder has to undertake compliance of this and any false declaration and non-compliance of this would be a ground for immediate termination of the contract and further legal action in accordance with the laws. ---/Thank You--- 8 / 8",
      "lines": [
        "Work. Further, if any seller has any objection/grievance against these additional clauses or otherwise on any aspect of this bid, they can raise their representation against the same by using the Representation window provided in the bid details field in Seller dashboard after logging in as a seller within 4 days of bid publication on GeM. Buyer is duty bound to reply to all such representations and would not be allowed to open bids if he fails to reply to such representations. All GeM Sellers/Service Providers shall ensure full compliance with all applicable labour laws, including the provisions, rules, schemes and guidelines under the four Labour Codes i.e. the Code on Wages, 2019; the Industrial Relations Code, 2020; the Occupational Safety, Health and Working Conditions Code, 2020; and the Code on Social Security, 2020 as and when notified and brought into force by the Government of India. For all provisions of the Labour Codes that are pending operationalisation through rules, schemes or notifications, the corresponding provisions of the pre-existing labour enactments (such as The Minimum Wages Act, 1948, The Payment of Wages Act, 1936, The Payment of Bonus Act, 1965, The Equal Remuneration Act, 1976, The Payment of Gratuity Act, 1972, etc. and relevant State Rules) shall continue to remain applicable. The Seller/ Service Providers shall, therefore, be responsible for ensuring compliance under: All notified and enforceable provisions of the new Labour Codes as mentioned hereinabove; and All operative provisions of the erstwhile Labour Laws until their complete substitution. All obligations relating to wages, social security, safety, working conditions, industrial relations etc. and any other statutory requirements shall be strictly met by the Seller/ Service Provider. Any non- compliance shall constitute a breach of the contract and shall entitle the Buyer to take appropriate action in accordance with the contract and applicable law. This Bid is governed by the /General Terms and Conditions, conditons stipulated in Bid and Service Level Agreement specific to this Service as provided in the Marketplace. However in case if any condition specified in /General Terms and Conditions is contradicted by the conditions stipulated in Service Level Agreement, then it will over ride the conditions in the General Terms and Conditions. 26 /In terms of GeM GTC clause 26 regarding Restrictions on procurement from a bidder of a country which shares a land border with India, any bidder from a country which shares a land border with India will be eligible to bid in this tender only if the bidder is registered with the Competent Authority. While participating in bid, Bidder has to undertake compliance of this and any false declaration and non-compliance of this would be a ground for immediate termination of the contract and further legal action in accordance with the laws. ---/Thank You--- 8 / 8"
      ],
      "tables": []
    }
  ],
  "links": [
    {
      "page_number": 1,
      "uri": "https://bidplus.gem.gov.in/bidding/downloadOmppdfile/",
      "attachment_filename": null,
      "rect": null,
      "label": null,
      "source": "dict:/URI"
    },
    {
      "page_number": 1,
      "uri": "https://bidplus.gem.gov.in/resources/upload_nas/DecQ425/bidding/biddoc/bid-8675970/1764912517.pdf",
      "attachment_filename": null,
      "rect": null,
      "label": null,
      "source": "dict:/URI"
    },
    {
      "page_number": 1,
      "uri": "https://bidplus.gem.gov.in/resources/upload_nas/DecQ425/bidding/biddoc/bid-8675970/1764912715.pdf",
      "attachment_filename": null,
      "rect": null,
      "label": null,
      "source": "dict:/URI"
    },
    {
      "page_number": 1,
      "uri": "https://fulfilment.gem.gov.in/contract/slafds?fileDownloadPath=SLA_UPLOAD_PATH/2025/Dec/GEM_2025_B_6967935/CLM0010/8503tender_afe04d91-e8a5-4035-9a9b1764912961234_ashutosh8890-cgo@gov.in.pdf",
      "attachment_filename": null,
      "rect": null,
      "label": null,
      "source": "dict:/URI"
    },
    {
      "page_number": 1,
      "uri": "https://assets-bg.gem.gov.in/resources/upload/shared_doc/list-of-categories-where-trials-are-allowed_1712126171.pdf",
      "attachment_filename": null,
      "rect": null,
      "label": null,
      "source": "dict:/URI"
    },
    {
      "page_number": 1,
      "uri": "https://admin.gem.gov.in/apis/v1/gtc/pdfByDate/?date=20251230",
      "attachment_filename": null,
      "rect": null,
      "label": null,
      "source": "dict:/URI"
    },
    {
      "page_number": 1,
      "uri": "https://bidplus.gem.gov.in/bidding/bid/bidsla/75272455440900",
      "attachment_filename": null,
      "rect": null,
      "label": null,
      "source": "dict:/URI"
    },
    {
      "page_number": 2,
      "uri": "https://bidplus.gem.gov.in/bidding/downloadOmppdfile/",
      "attachment_filename": null,
      "rect": null,
      "label": null,
      "source": "dict:/URI"
    },
    {
      "page_number": 2,
      "uri": "https://bidplus.gem.gov.in/resources/upload_nas/DecQ425/bidding/biddoc/bid-8675970/1764912517.pdf",
      "attachment_filename": null,
      "rect": null,
      "label": null,
      "source": "dict:/URI"
    },
    {
      "page_number": 2,
      "uri": "https://bidplus.gem.gov.in/resources/upload_nas/DecQ425/bidding/biddoc/bid-8675970/1764912715.pdf",
      "attachment_filename": null,
      "rect": null,
      "label": null,
      "source": "dict:/URI"
    },
    {
      "page_number": 2,
      "uri": "https://fulfilment.gem.gov.in/contract/slafds?fileDownloadPath=SLA_UPLOAD_PATH/2025/Dec/GEM_2025_B_6967935/CLM0010/8503tender_afe04d91-e8a5-4035-9a9b1764912961234_ashutosh8890-cgo@gov.in.pdf",
      "attachment_filename": null,
      "rect": null,
      "label": null,
      "source": "dict:/URI"
    },
    {
      "page_number": 2,
      "uri": "https://assets-bg.gem.gov.in/resources/upload/shared_doc/list-of-categories-where-trials-are-allowed_1712126171.pdf",
      "attachment_filename": null,
      "rect": null,
      "label": null,
      "source": "dict:/URI"
    },
    {
      "page_number": 2,
      "uri": "https://admin.gem.gov.in/apis/v1/gtc/pdfByDate/?date=20251230",
      "attachment_filename": null,
      "rect": null,
      "label": null,
      "source": "dict:/URI"
    },
    {
      "page_number": 2,
      "uri": "https://bidplus.gem.gov.in/bidding/bid/bidsla/75272455440900",
      "attachment_filename": null,
      "rect": null,
      "label": null,
      "source": "dict:/URI"
    },
    {
      "page_number": 3,
      "uri": "https://bidplus.gem.gov.in/bidding/downloadOmppdfile/",
      "attachment_filename": null,
      "rect": null,
      "label": null,
      "source": "dict:/URI"
    },
    {
      "page_number": 3,
      "uri": "https://bidplus.gem.gov.in/resources/upload_nas/DecQ425/bidding/biddoc/bid-8675970/1764912517.pdf",
      "attachment_filename": null,
      "rect": null,
      "label": null,
      "source": "dict:/URI"
    },
    {
      "page_number": 3,
      "uri": "https://bidplus.gem.gov.in/resources/upload_nas/DecQ425/bidding/biddoc/bid-8675970/1764912715.pdf",
      "attachment_filename": null,
      "rect": null,
      "label": null,
      "source": "dict:/URI"
    },
    {
      "page_number": 3,
      "uri": "https://fulfilment.gem.gov.in/contract/slafds?fileDownloadPath=SLA_UPLOAD_PATH/2025/Dec/GEM_2025_B_6967935/CLM0010/8503tender_afe04d91-e8a5-4035-9a9b1764912961234_ashutosh8890-cgo@gov.in.pdf",
      "attachment_filename": null,
      "rect": null,
      "label": null,
      "source": "dict:/URI"
    },
    {
      "page_number": 3,
      "uri": "https://assets-bg.gem.gov.in/resources/upload/shared_doc/list-of-categories-where-trials-are-allowed_1712126171.pdf",
      "attachment_filename": null,
      "rect": null,
      "label": null,
      "source": "dict:/URI"
    },
    {
      "page_number": 3,
      "uri": "https://admin.gem.gov.in/apis/v1/gtc/pdfByDate/?date=20251230",
      "attachment_filename": null,
      "rect": null,
      "label": null,
      "source": "dict:/URI"
    },
    {
      "page_number": 3,
      "uri": "https://bidplus.gem.gov.in/bidding/bid/bidsla/75272455440900",
      "attachment_filename": null,
      "rect": null,
      "label": null,
      "source": "dict:/URI"
    },
    {
      "page_number": 4,
      "uri": "https://bidplus.gem.gov.in/bidding/downloadOmppdfile/",
      "attachment_filename": null,
      "rect": [
        94.5,
        773.75,
        281.25,
        785.0
      ],
      "label": null,
      "source": "dict:/URI"
    },
    {
      "page_number": 4,
      "uri": "https://bidplus.gem.gov.in/resources/upload_nas/DecQ425/bidding/biddoc/bid-8675970/1764912517.pdf",
      "attachment_filename": null,
      "rect": [
        204.75,
        391.25,
        279.75,
        402.5
      ],
      "label": "Bodies services in last to N financial Central/",
      "source": "dict:/URI"
    },
    {
      "page_number": 4,
      "uri": "https://bidplus.gem.gov.in/resources/upload_nas/DecQ425/bidding/biddoc/bid-8675970/1764912715.pdf",
      "attachment_filename": null,
      "rect": [
        202.5,
        359.75,
        277.5,
        371.0
      ],
      "label": "final completion cost.",
      "source": "dict:/URI"
    },
    {
      "page_number": 4,
      "uri": "https://bidplus.gem.gov.in/bidding/downloadOmppdfile/",
      "attachment_filename": null,
      "rect": null,
      "label": null,
      "source": "dict:/URI"
    },
    {
      "page_number": 4,
      "uri": "https://bidplus.gem.gov.in/resources/upload_nas/DecQ425/bidding/biddoc/bid-8675970/1764912517.pdf",
      "attachment_filename": null,
      "rect": null,
      "label": null,
      "source": "dict:/URI"
    },
    {
      "page_number": 4,
      "uri": "https://bidplus.gem.gov.in/resources/upload_nas/DecQ425/bidding/biddoc/bid-8675970/1764912715.pdf",
      "attachment_filename": null,
      "rect": null,
      "label": null,
      "source": "dict:/URI"
    },
    {
      "page_number": 4,
      "uri": "https://fulfilment.gem.gov.in/contract/slafds?fileDownloadPath=SLA_UPLOAD_PATH/2025/Dec/GEM_2025_B_6967935/CLM0010/8503tender_afe04d91-e8a5-4035-9a9b1764912961234_ashutosh8890-cgo@gov.in.pdf",
      "attachment_filename": null,
      "rect": null,
      "label": null,
      "source": "dict:/URI"
    },
    {
      "page_number": 4,
      "uri": "https://assets-bg.gem.gov.in/resources/upload/shared_doc/list-of-categories-where-trials-are-allowed_1712126171.pdf",
      "attachment_filename": null,
      "rect": null,
      "label": null,
      "source": "dict:/URI"
    },
    {
      "page_number": 4,
      "uri": "https://admin.gem.gov.in/apis/v1/gtc/pdfByDate/?date=20251230",
      "attachment_filename": null,
      "rect": null,
      "label": null,
      "source": "dict:/URI"
    },
    {
      "page_number": 4,
      "uri": "https://bidplus.gem.gov.in/bidding/bid/bidsla/75272455440900",
      "attachment_filename": null,
      "rect": null,
      "label": null,
      "source": "dict:/URI"
    },
    {
      "page_number": 5,
      "uri": "https://bidplus.gem.gov.in/bidding/downloadOmppdfile/",
      "attachment_filename": null,
      "rect": null,
      "label": null,
      "source": "dict:/URI"
    },
    {
      "page_number": 5,
      "uri": "https://bidplus.gem.gov.in/resources/upload_nas/DecQ425/bidding/biddoc/bid-8675970/1764912517.pdf",
      "attachment_filename": null,
      "rect": null,
      "label": null,
      "source": "dict:/URI"
    },
    {
      "page_number": 5,
      "uri": "https://bidplus.gem.gov.in/resources/upload_nas/DecQ425/bidding/biddoc/bid-8675970/1764912715.pdf",
      "attachment_filename": null,
      "rect": null,
      "label": null,
      "source": "dict:/URI"
    },
    {
      "page_number": 5,
      "uri": "https://fulfilment.gem.gov.in/contract/slafds?fileDownloadPath=SLA_UPLOAD_PATH/2025/Dec/GEM_2025_B_6967935/CLM0010/8503tender_afe04d91-e8a5-4035-9a9b1764912961234_ashutosh8890-cgo@gov.in.pdf",
      "attachment_filename": null,
      "rect": null,
      "label": null,
      "source": "dict:/URI"
    },
    {
      "page_number": 5,
      "uri": "https://assets-bg.gem.gov.in/resources/upload/shared_doc/list-of-categories-where-trials-are-allowed_1712126171.pdf",
      "attachment_filename": null,
      "rect": null,
      "label": null,
      "source": "dict:/URI"
    },
    {
      "page_number": 5,
      "uri": "https://admin.gem.gov.in/apis/v1/gtc/pdfByDate/?date=20251230",
      "attachment_filename": null,
      "rect": null,
      "label": null,
      "source": "dict:/URI"
    },
    {
      "page_number": 5,
      "uri": "https://bidplus.gem.gov.in/bidding/bid/bidsla/75272455440900",
      "attachment_filename": null,
      "rect": null,
      "label": null,
      "source": "dict:/URI"
    },
    {
      "page_number": 6,
      "uri": "https://bidplus.gem.gov.in/bidding/downloadOmppdfile/",
      "attachment_filename": null,
      "rect": null,
      "label": null,
      "source": "dict:/URI"
    },
    {
      "page_number": 6,
      "uri": "https://bidplus.gem.gov.in/resources/upload_nas/DecQ425/bidding/biddoc/bid-8675970/1764912517.pdf",
      "attachment_filename": null,
      "rect": null,
      "label": null,
      "source": "dict:/URI"
    },
    {
      "page_number": 6,
      "uri": "https://bidplus.gem.gov.in/resources/upload_nas/DecQ425/bidding/biddoc/bid-8675970/1764912715.pdf",
      "attachment_filename": null,
      "rect": null,
      "label": null,
      "source": "dict:/URI"
    },
    {
      "page_number": 6,
      "uri": "https://fulfilment.gem.gov.in/contract/slafds?fileDownloadPath=SLA_UPLOAD_PATH/2025/Dec/GEM_2025_B_6967935/CLM0010/8503tender_afe04d91-e8a5-4035-9a9b1764912961234_ashutosh8890-cgo@gov.in.pdf",
      "attachment_filename": null,
      "rect": null,
      "label": null,
      "source": "dict:/URI"
    },
    {
      "page_number": 6,
      "uri": "https://assets-bg.gem.gov.in/resources/upload/shared_doc/list-of-categories-where-trials-are-allowed_1712126171.pdf",
      "attachment_filename": null,
      "rect": null,
      "label": null,
      "source": "dict:/URI"
    },
    {
      "page_number": 6,
      "uri": "https://admin.gem.gov.in/apis/v1/gtc/pdfByDate/?date=20251230",
      "attachment_filename": null,
      "rect": null,
      "label": null,
      "source": "dict:/URI"
    },
    {
      "page_number": 6,
      "uri": "https://bidplus.gem.gov.in/bidding/bid/bidsla/75272455440900",
      "attachment_filename": null,
      "rect": null,
      "label": null,
      "source": "dict:/URI"
    },
    {
      "page_number": 7,
      "uri": "https://fulfilment.gem.gov.in/contract/slafds?fileDownloadPath=SLA_UPLOAD_PATH/2025/Dec/GEM_2025_B_6967935/CLM0010/8503tender_afe04d91-e8a5-4035-9a9b1764912961234_ashutosh8890-cgo@gov.in.pdf",
      "attachment_filename": null,
      "rect": [
        215.25,
        603.5,
        330.75,
        614.75
      ],
      "label": "against irrelevant the MSME categories. policy and Preference",
      "source": "dict:/URI"
    },
    {
      "page_number": 7,
      "uri": "https://assets-bg.gem.gov.in/resources/upload/shared_doc/list-of-categories-where-trials-are-allowed_1712126171.pdf",
      "attachment_filename": null,
      "rect": [
        72.0,
        299.0,
        162.0,
        310.25
      ],
      "label": "Authority additional in Buyer terms Organization, and",
      "source": "dict:/URI"
    },
    {
      "page_number": 7,
      "uri": "https://bidplus.gem.gov.in/bidding/downloadOmppdfile/",
      "attachment_filename": null,
      "rect": null,
      "label": null,
      "source": "dict:/URI"
    },
    {
      "page_number": 7,
      "uri": "https://bidplus.gem.gov.in/resources/upload_nas/DecQ425/bidding/biddoc/bid-8675970/1764912517.pdf",
      "attachment_filename": null,
      "rect": null,
      "label": null,
      "source": "dict:/URI"
    },
    {
      "page_number": 7,
      "uri": "https://bidplus.gem.gov.in/resources/upload_nas/DecQ425/bidding/biddoc/bid-8675970/1764912715.pdf",
      "attachment_filename": null,
      "rect": null,
      "label": null,
      "source": "dict:/URI"
    },
    {
      "page_number": 7,
      "uri": "https://fulfilment.gem.gov.in/contract/slafds?fileDownloadPath=SLA_UPLOAD_PATH/2025/Dec/GEM_2025_B_6967935/CLM0010/8503tender_afe04d91-e8a5-4035-9a9b1764912961234_ashutosh8890-cgo@gov.in.pdf",
      "attachment_filename": null,
      "rect": null,
      "label": null,
      "source": "dict:/URI"
    },
    {
      "page_number": 7,
      "uri": "https://assets-bg.gem.gov.in/resources/upload/shared_doc/list-of-categories-where-trials-are-allowed_1712126171.pdf",
      "attachment_filename": null,
      "rect": null,
      "label": null,
      "source": "dict:/URI"
    },
    {
      "page_number": 7,
      "uri": "https://admin.gem.gov.in/apis/v1/gtc/pdfByDate/?date=20251230",
      "attachment_filename": null,
      "rect": null,
      "label": null,
      "source": "dict:/URI"
    },
    {
      "page_number": 7,
      "uri": "https://bidplus.gem.gov.in/bidding/bid/bidsla/75272455440900",
      "attachment_filename": null,
      "rect": null,
      "label": null,
      "source": "dict:/URI"
    },
    {
      "page_number": 8,
      "uri": "https://admin.gem.gov.in/apis/v1/gtc/pdfByDate/?date=20251230",
      "attachment_filename": null,
      "rect": [
        173.25,
        410.75,
        403.5,
        422.0
      ],
      "label": null,
      "source": "dict:/URI"
    },
    {
      "page_number": 8,
      "uri": "https://bidplus.gem.gov.in/bidding/bid/bidsla/75272455440900",
      "attachment_filename": null,
      "rect": [
        40.5,
        398.0,
        153.75,
        409.25
      ],
      "label": "action in accordance with",
      "source": "dict:/URI"
    },
    {
      "page_number": 8,
      "uri": "https://bidplus.gem.gov.in/bidding/downloadOmppdfile/",
      "attachment_filename": null,
      "rect": null,
      "label": null,
      "source": "dict:/URI"
    },
    {
      "page_number": 8,
      "uri": "https://bidplus.gem.gov.in/resources/upload_nas/DecQ425/bidding/biddoc/bid-8675970/1764912517.pdf",
      "attachment_filename": null,
      "rect": null,
      "label": null,
      "source": "dict:/URI"
    },
    {
      "page_number": 8,
      "uri": "https://bidplus.gem.gov.in/resources/upload_nas/DecQ425/bidding/biddoc/bid-8675970/1764912715.pdf",
      "attachment_filename": null,
      "rect": null,
      "label": null,
      "source": "dict:/URI"
    },
    {
      "page_number": 8,
      "uri": "https://fulfilment.gem.gov.in/contract/slafds?fileDownloadPath=SLA_UPLOAD_PATH/2025/Dec/GEM_2025_B_6967935/CLM0010/8503tender_afe04d91-e8a5-4035-9a9b1764912961234_ashutosh8890-cgo@gov.in.pdf",
      "attachment_filename": null,
      "rect": null,
      "label": null,
      "source": "dict:/URI"
    },
    {
      "page_number": 8,
      "uri": "https://assets-bg.gem.gov.in/resources/upload/shared_doc/list-of-categories-where-trials-are-allowed_1712126171.pdf",
      "attachment_filename": null,
      "rect": null,
      "label": null,
      "source": "dict:/URI"
    },
    {
      "page_number": 8,
      "uri": "https://admin.gem.gov.in/apis/v1/gtc/pdfByDate/?date=20251230",
      "attachment_filename": null,
      "rect": null,
      "label": null,
      "source": "dict:/URI"
    },
    {
      "page_number": 8,
      "uri": "https://bidplus.gem.gov.in/bidding/bid/bidsla/75272455440900",
      "attachment_filename": null,
      "rect": null,
      "label": null,
      "source": "dict:/URI"
    }
  ],
  "combined_cleaned_text": "/Bid Number: GEM/2025/B/6967935 /Dated: 30-12-2025 / Bid Document //Bid Details // /Bid End Date/Time 09-01-2026 14:00:00 // /Bid Opening 09-01-2026 14:30:00 Date/Time (( ))/Bid Offer 90 (Days) Validity (From End Date) // /Ministry/State Name Ministry Of Defence /Department Name Department Of Military Affairs /Organisation Name Indian Army /Office Name *********** Manpower Outsourcing Services - Minimum wage - Skilled; /Item Category High School; Others /Contract Period 11 Month(s) 5 Day(s) ((33 )) /Minimum Average Annual Turnover of the 18 Lakh (s) bidder (For 3 Years) // /Years of Past Experience Required for 5 Year (s) same/similar service /Past Yes Experience of Similar Services required / MSE Yes | Complete Relaxation for Turnover / Startup Yes | Complete Relaxation for Turnover Experience Criteria,Bidder Turnover,Certificate (Requested in ATC) /Document required *In case any bidder is seeking exemption from Experience / from seller Turnover Criteria, the supporting documents to prove his eligibility for exemption must be uploaded for evaluation by the buyer Yes (Documents submitted as part of a clarification or representation during the tender/bid process will also be ?? /Do you want to show displayed to other participated bidders after log in) documents uploaded by bidders to all bidders participated in bid? 1 / 8\n\n//Bid Details / Minimum number of 1 bids required to disable automatic bid extension ,, -- // Number of days for which Bid 7 would be auto--extended // 1 Number of Auto Extension count /Bid to RA enabled No /Type of Bid Single Packet Bid /Time allowed for Technical 7 Days Clarifications during technical evaluation /Estimated Bid Value 5888425.62 /Evaluation Method Total value wise evaluation /Arbitration Clause No /Mediation Clause No /EMD Detail /Advisory Bank State Bank of India /EMD Amount 113500 /ePBG Detail /Advisory Bank State Bank of India (%)/ePBG Percentage(%) 5.00 () /Duration of ePBG 13 required (Months). (a). /EMD EXEMPTION: The bidder seeking EMD exemption, must submit the valid supporting document for the relevant category as per GeM GTC with the bid. Under MSE category, only manufacturers for goods and Service Providers for Services are eligible for exemption from EMD. Traders are excluded from the purview of this Policy. (b). , , / EMD & Performance securityshould be in favour of Beneficiary, wherever it is applicable. 2 / 8\n\n/Beneficiary : CWE NW MUBAI COMMANDER WORKS ENGINEER NAVAL WORKS MUMBAI, Department of Military Affairs, Indian Army, Ministry of Defence (Cwe Nw Mumbai) UIN Number NCTGC2415P / Bid splitting not applied. /MII Compliance /MII Compliance Yes /MSE Purchase Preference /MSE Purchase Preference Yes , L1+X% / 15 Purchase Preference to MSE OEMs available upto price within L1+X% / Maximum 100 Percentage of Bid quantity for MSE purchase preference 1. If the bidder is a Micro or Small Enterprise (MSE) as per latest orders issued by Ministry of MSME, the bidder shall be relaxed from the eligibility criteria of \"Bidder Turnover\" as defined above subject to meeting of quality and technical specifications. If the bidder itself is MSE OEM of the offered products, it would be relaxed from the \"OEM Average Turnover\" criteria also subject to meeting of quality and technical specifications. The bidder seeking Relaxation from Turnover, shall upload the supporting documents to prove his eligibility for Relaxation. 2. If the bidder is a DPIIT registered Startup, the bidder shall be relaxed from the the eligibility criteria of \"Bidder Turnover\" as defined above subject to their meeting of quality and technical specifications. If the bidder is DPIIT Registered OEM of the offered products, it would be relaxed from the \"OEM Average Turnover\" criteria also subject to meeting of quality and technical specifications. The bidder seeking Relaxation from Turnover shall upload the supporting documents to prove his eligibility for Relaxation. 3. The minimum average annual financial turnover of the bidder during the last three years, ending on 31st March of the previous financial year, should be as indicated above in the bid document. Documentary evidence in the form of certified Audited Balance Sheets of relevant periods or a certificate from the Chartered Accountant / Cost Accountant indicating the turnover details for the relevant period shall be uploaded with the bid. In case the date of constitution / incorporation of the bidder is less than 3-year-old, the average turnover in respect of the completed financial years after the date of constitution shall be taken into account for this criteria. 4. Years of Past Experience required: The bidder must have experience for number of years as indicated above in bid document (ending month of March prior to the bid opening) of providing similar type of services to any Central / State Govt Organization / PSU. Copies of relevant contracts / orders to be uploaded along with bid in support of having provided services during each of the Financial year. 5. Purchase preference to Micro and Small Enterprises (MSEs): Purchase preference will be given to MSEs as defined in Public Procurement Policy for Micro and Small Enterprises (MSEs) Order, 2012 dated 23.03.2012 issued by Ministry of Micro, Small and Medium Enterprises and its subsequent Orders/Notifications issued by concerned Ministry. If the bidder wants to avail the Purchase preference for services, the bidder must be the Service provider of the offered Service. Relevant documentary evidence in this regard shall be uploaded along with the bid in respect of the offered service. If L-1 is not an MSE and MSE Service Provider (s) has/have quoted price within L-1+ 15% of margin of purchase preference /price band as defined in the relevant policy, then 100% order quantity will be awarded to such MSE bidder subject to acceptance of L1 bid price. The buyers are advised to 3 / 8\n\nrefer to the OM_No.1_4_2021_PPD_dated_18.05.2023 for compliance of Concurrent application of Public Procurement Policy for Micro and Small Enterprises Order, 2012 and Public Procurement (Preference to Make in India) Order, 2017. Benefits of MSE will be allowed only if the credentials of the service provider are validated on- line in GeM profile as well as validated and approved by the Buyer after evaluation of submitted documents. 6. Estimated Bid Value indicated above is being declared solely for the purpose of guidance on EMD amount and for determining the Eligibility Criteria related to Turn Over, Past Performance and Project / Past Experience etc. This has no relevance or bearing on the price to be quoted by the bidders and is also not going to have any impact on bid participation. Also this is not going to be used as a criteria in determining reasonableness of quoted prices which would be determined by the buyer based on its own assessment of reasonableness and based on competitive prices received in Bid / RA process. 7. Past Experience of Similar Services: The bidder must have successfully executed/completed similar Services over the last three years i.e. the current financial year and the last three financial years(ending month of March prior to the bid opening): - 1. Three similar completed services costing not less than the amount equal to 40% (forty percent) of the estimated cost; or 2. Two similar completed services costing not less than the amount equal to 50% (fifty percent) of the estimated cost; or 3. One similar completed service costing not less than the amount equal to 80% (eighty percent) of the estimated cost. // /Additional Qualification/Data Required The Bidder should have executed at least X No. projects with contract value not less than (Rs) yy for each contract of providing manpower services to Central/ State Government Departments/ Public Sector Undertakings/ Autonomous Bodies in last N financial years:Past experience of successful completion of similar nature of work done within last 05 years. The Bidder shall upload a Work Completion certificate having details of the final completion cost. The Bidder should have executed at least X No. projects with supply of xx..no. of manpower in each contract of providing manpower services to Central/ State Government Departments/ Public Sector Undertakings/ Autonomous Bodies in last N financial years:Past experience of successful completion of 01 works of 80% value or 02 works of 50% value or 03 works of 40% value of estimated cost shall be submitted by the bidder. Ongoing works shall not be considered. Scope of work & Job description:1764912517.pdf Buyer to upload undertaking that Minimum Wages indicated by him during Bid Creation are as per applicable Minimum Wages Act:1764912715.pdf Manpower Outsourcing Services - Minimum Wage - Skilled; High School; Others ( 14 ) /Technical Specifications / Specification / Values / Core Skill Category Skilled Educational Qualification High School Type of Function Others List of Profiles FGM Specialization Not Required Post Graduation Not Required Specialization for PG Not Applicable Experience 3 to 7 Years State NA 4 / 8\n\n/ Specification / Values Zipcode NA District NA Is the Geographical presence of the Service Provider's office required in the consignee's State Yes Name of states/ UT for geographical presence is required Maharashtra /Addon(s) /Additional Details Title for Optional Allowances 2 - Title for Optional Allowances 1 - Title for Optional Allowances 3 - Designation - /Minimum Floor Price defined by Buyer /Minimum Floor Price No defined by Buyer /Additional Specification Documents // /Consignees/Reporting Officer and Quantity // ..../S.N / Number of o. /Consignee /Address Resources to R / e A q d u d i i r t e io m n e a n l t Reporting/Officer be hired 5 / 8\n\n// ..../S.N / Number of o. /Consignee /Address Resources to R / e A q d u d i i r t e io m n e a n l t Reporting/Officer be hired Minimum daily wage (INR) exclusive of GST : 981 Bonus (INR per day) : 0 EDLI (INR per day) : 0 EPF Admin Charge (INR per day) : 0 Optional Allowances 1 (INR per day) : 0 Optional Allowances 2 (INR per day) : 0 Optional Allowances 3 (INR per day) : 0 Estimated Number 1 *********** ***********Mumbai 14 of Overtime Hours per Resource per Month : 0 Remuneration per resource per hour for Overtime Hours (Including all applicable allowance etc & excluding GST) : 0 ESI (INR per day) : 0 Provident Fund (INR per day) : 65 Number of working days in a month : 30 Tenure/ Duration of Employment (in months) : 11 /Buyer Added Bid Specific Terms and Conditions 1. Forms of EMD and PBG Bidders can also submit the EMD with Account Payee Demand Draft in favour of GE NW KUNJALI payable at MUMBAI . Bidder has to upload scanned copy / proof of the DD along with bid and has to ensure delivery of hardcopy to the Buyer within 5 days of Bid End date / Bid Opening date. 6 / 8\n\n2. Forms of EMD and PBG Successful Bidder can submit the Performance Security in the form of Fixed Deposit Receipt also (besides PBG which is allowed as per GeM GTC). FDR should be made out or pledged in the name of CWE NW MUMBAI A/C (Name of the Seller). The bank should certify on it that the deposit can be withdrawn only on the demand or with the sanction of the pledgee. For release of Security Deposit, the FDR will be released in favour of bidder by the Buyer after making endorsement on the back of the FDR duly signed and stamped along with covering letter. Successful Bidder has to upload scanned copy of the FDR document in place of PBG and has to ensure delivery of hard copy of Original FDR to the Buyer within 15 days of award of contract. 3. Buyer Added Bid Specific ATC Buyer uploaded ATC document Click here to view the file. /Disclaimer The additional terms and conditions have been incorporated by the Buyer after approval of the Competent Authority in Buyer Organization, whereby Buyer organization is solely responsible for the impact of these clauses on the bidding process, its outcome, and consequences thereof including any eccentricity / restriction arising in the bidding process due to these ATCs and due to modification of technical specifications and / or terms and conditions governing the bid. If any clause(s) is / are incorporated by the Buyer regarding following, the bid and resultant contracts shall be treated as null and void and such bids may be cancelled by GeM at any stage of bidding process without any notice:- 1. Definition of Class I and Class II suppliers in the bid not in line with the extant Order / Office Memorandum issued by DPIIT in this regard. 2. Seeking EMD submission from bidder(s), including via Additional Terms & Conditions, in contravention to exemption provided to such sellers under GeM GTC. 3. Publishing Custom / BOQ bids for items for which regular GeM categories are available without any Category item bunched with it. 4. Creating BoQ bid for single item. 5. Mentioning specific Brand or Make or Model or Manufacturer or Dealer name. 6. Mandating submission of documents in physical form as a pre-requisite to qualify bidders. 7. Floating / creation of work contracts as Custom Bids in Services. 8. Seeking sample with bid or approval of samples during bid evaluation process. (However, in bids for attached categories, trials are allowed as per approved procurement policy of the buyer nodal Ministries) 9. Mandating foreign / international certifications even in case of existence of Indian Standards without specifying equivalent Indian Certification / standards. 10. Seeking experience from specific organization / department / institute only or from foreign / export experience. 11. Creating bid for items from irrelevant categories. 12. Incorporating any clause against the MSME policy and Preference to Make in India Policy. 13. Reference of conditions published on any external site or reference to external documents/clauses. 14. Asking for any Tender fee / Bid Participation fee / Auction fee in case of Bids / Forward Auction, as the case may be. 15. Any ATC clause in contravention with GeM GTC Clause 4 (xiii)(h) will be invalid. In case of multiple L1 bidders against a service bid, the buyer shall place the Contract by selection of a bidder amongst the L-1 bidders through a Random Algorithm executed by GeM system. 16. Buyer added ATC Clauses which are in contravention of clauses defined by buyer in system generated bid template as indicated above in the Bid Details section, EMD Detail, ePBG Detail and MII and MSE Purchase Preference sections of the bid, unless otherwise allowed by GeM GTC. 17. In a category based bid, adding additional items, through buyer added additional scope of work/ additional terms and conditions/or any other document. If buyer needs more items along with the main item, the same must be added through bunching category based items or by bunching custom catalogs or bunching a BoQ with the main category based item, the same must not be done through ATC or Scope of 7 / 8\n\nWork. Further, if any seller has any objection/grievance against these additional clauses or otherwise on any aspect of this bid, they can raise their representation against the same by using the Representation window provided in the bid details field in Seller dashboard after logging in as a seller within 4 days of bid publication on GeM. Buyer is duty bound to reply to all such representations and would not be allowed to open bids if he fails to reply to such representations. All GeM Sellers/Service Providers shall ensure full compliance with all applicable labour laws, including the provisions, rules, schemes and guidelines under the four Labour Codes i.e. the Code on Wages, 2019; the Industrial Relations Code, 2020; the Occupational Safety, Health and Working Conditions Code, 2020; and the Code on Social Security, 2020 as and when notified and brought into force by the Government of India. For all provisions of the Labour Codes that are pending operationalisation through rules, schemes or notifications, the corresponding provisions of the pre-existing labour enactments (such as The Minimum Wages Act, 1948, The Payment of Wages Act, 1936, The Payment of Bonus Act, 1965, The Equal Remuneration Act, 1976, The Payment of Gratuity Act, 1972, etc. and relevant State Rules) shall continue to remain applicable. The Seller/ Service Providers shall, therefore, be responsible for ensuring compliance under: All notified and enforceable provisions of the new Labour Codes as mentioned hereinabove; and All operative provisions of the erstwhile Labour Laws until their complete substitution. All obligations relating to wages, social security, safety, working conditions, industrial relations etc. and any other statutory requirements shall be strictly met by the Seller/ Service Provider. Any non- compliance shall constitute a breach of the contract and shall entitle the Buyer to take appropriate action in accordance with the contract and applicable law. This Bid is governed by the /General Terms and Conditions, conditons stipulated in Bid and Service Level Agreement specific to this Service as provided in the Marketplace. However in case if any condition specified in /General Terms and Conditions is contradicted by the conditions stipulated in Service Level Agreement, then it will over ride the conditions in the General Terms and Conditions. 26 /In terms of GeM GTC clause 26 regarding Restrictions on procurement from a bidder of a country which shares a land border with India, any bidder from a country which shares a land border with India will be eligible to bid in this tender only if the bidder is registered with the Competent Authority. While participating in bid, Bidder has to undertake compliance of this and any false declaration and non-compliance of this would be a ground for immediate termination of the contract and further legal action in accordance with the laws. ---/Thank You--- 8 / 8"
}