{
  "source_file": "GEM_2025_B_6914766.pdf",
  "num_pages": 8,
  "pages": [
    {
      "page_number": 1,
      "used_ocr": false,
      "cleaned_text": "/Bid Number: GEM/2025/B/6914766 /Dated: 05-12-2025 / Bid Document //Bid Details // /Bid End Date/Time 15-12-2025 12:00:00 // /Bid Opening 15-12-2025 12:30:00 Date/Time (( ))/Bid Offer 180 (Days) Validity (From End Date) // /Ministry/State Name Ministry Of Defence /Department Name Department Of Military Affairs /Organisation Name Indian Air Force /Office Name *********** /Total Quantity 1 /Item Category Active LED Datawall with Conference Solution GeMARPTS / Searched Active LED Datawall with Conference Solution Strings used in GeMARPTS GeMARPTS / Searched Modular Extendable Conference Table (V2) Result generated in GeMARPTS Online UPS (>10 KVA) With Battery / Relevant Video Conferencing End Point Categories selected for notification data wall display ((33 )) /Minimum Average Annual Turnover of the 49 Lakh (s) bidder (For 3 Years) (( 33 390 Lakh (s) ))/OEM Average Turnover (Last 3 Years) // /Years of Past Experience Required for 3 Year (s) same/similar service /MSE Exemption for Years of No Experience and Turnover /Startup Exemption for Years of No Experience and Turnover 1 / 8",
      "lines": [
        "/Bid Number: GEM/2025/B/6914766 /Dated: 05-12-2025 / Bid Document //Bid Details // /Bid End Date/Time 15-12-2025 12:00:00 // /Bid Opening 15-12-2025 12:30:00 Date/Time (( ))/Bid Offer 180 (Days) Validity (From End Date) // /Ministry/State Name Ministry Of Defence /Department Name Department Of Military Affairs /Organisation Name Indian Air Force /Office Name *********** /Total Quantity 1 /Item Category Active LED Datawall with Conference Solution GeMARPTS / Searched Active LED Datawall with Conference Solution Strings used in GeMARPTS GeMARPTS / Searched Modular Extendable Conference Table (V2) Result generated in GeMARPTS Online UPS (>10 KVA) With Battery / Relevant Video Conferencing End Point Categories selected for notification data wall display ((33 )) /Minimum Average Annual Turnover of the 49 Lakh (s) bidder (For 3 Years) (( 33 390 Lakh (s) ))/OEM Average Turnover (Last 3 Years) // /Years of Past Experience Required for 3 Year (s) same/similar service /MSE Exemption for Years of No Experience and Turnover /Startup Exemption for Years of No Experience and Turnover 1 / 8"
      ],
      "tables": [
        [
          [
            "//Bid Details",
            ""
          ],
          [
            "// /Bid End Date/Time",
            "15-12-2025 12:00:00"
          ],
          [
            "// /Bid Opening Date/Time",
            "15-12-2025 12:30:00"
          ],
          [
            "(( ))/Bid Offer Validity (From End Date)",
            "180 (Days)"
          ],
          [
            "// /Ministry/State Name",
            "Ministry Of Defence"
          ],
          [
            "/Department Name",
            "Department Of Military Affairs"
          ],
          [
            "/Organisation Name",
            "Indian Air Force"
          ],
          [
            "/Office Name",
            "***********"
          ],
          [
            "/Total Quantity",
            "1"
          ],
          [
            "/Item Category",
            "Active LED Datawall with Conference Solution"
          ],
          [
            "GeMARPTS / Searched Strings used in GeMARPTS",
            "Active LED Datawall with Conference Solution"
          ],
          [
            "GeMARPTS / Searched Result generated in GeMARPTS",
            "Modular Extendable Conference Table (V2)"
          ],
          [
            "/ Relevant Categories selected for notification",
            "Online UPS (>10 KVA) With Battery Video Conferencing End Point data wall display"
          ],
          [
            "((33 )) /Minimum Average Annual Turnover of the bidder (For 3 Years)",
            "49 Lakh (s)"
          ],
          [
            "(( 33 ))/OEM Average Turnover (Last 3 Years)",
            "390 Lakh (s)"
          ],
          [
            "// /Years of Past Experience Required for same/similar service",
            "3 Year (s)"
          ],
          [
            "/MSE Exemption for Years of Experience and Turnover",
            "No"
          ],
          [
            "/Startup Exemption for Years of Experience and Turnover",
            "No"
          ],
          [
            "",
            ""
          ]
        ]
      ]
    },
    {
      "page_number": 2,
      "used_ocr": false,
      "cleaned_text": "//Bid Details Experience Criteria,Past Performance,Bidder Turnover,Certificate (Requested in ATC),OEM Authorization Certificate,OEM Annual Turnover,Additional Doc 1 (Requested in ATC),Additional Doc 2 (Requested in ATC),Additional Doc 3 (Requested in ATC),Additional Doc 4 /Document required (Requested in ATC),Compliance of BoQ specification and from seller supporting document *In case any bidder is seeking exemption from Experience / Turnover Criteria, the supporting documents to prove his eligibility for exemption must be uploaded for evaluation by the buyer Yes (Documents submitted as part of a clarification or representation during the tender/bid process will also be ?? /Do you want to show displayed to other participated bidders after log in) documents uploaded by bidders to all bidders participated in bid? / Minimum number of 3 bids required to disable automatic bid extension ,, -- // Number of days for which Bid 7 would be auto--extended // 1 Number of Auto Extension count /Past Performance 10 % /Bid to RA enabled Yes /RA Qualification Rule H1-Highest Priced Bid Elimination /Type of Bid Two Packet Bid /Time allowed for Technical 2 Days Clarifications during technical evaluation ( / )/Inspection Required (By No Empanelled Inspection Authority / Agencies pre-registered with GeM) /Evaluation Method Total value wise evaluation /Arbitration Clause No /Mediation Clause No /EMD Detail /Advisory Bank State Bank of India 2 / 8",
      "lines": [
        "//Bid Details Experience Criteria,Past Performance,Bidder Turnover,Certificate (Requested in ATC),OEM Authorization Certificate,OEM Annual Turnover,Additional Doc 1 (Requested in ATC),Additional Doc 2 (Requested in ATC),Additional Doc 3 (Requested in ATC),Additional Doc 4 /Document required (Requested in ATC),Compliance of BoQ specification and from seller supporting document *In case any bidder is seeking exemption from Experience / Turnover Criteria, the supporting documents to prove his eligibility for exemption must be uploaded for evaluation by the buyer Yes (Documents submitted as part of a clarification or representation during the tender/bid process will also be ?? /Do you want to show displayed to other participated bidders after log in) documents uploaded by bidders to all bidders participated in bid? / Minimum number of 3 bids required to disable automatic bid extension ,, -- // Number of days for which Bid 7 would be auto--extended // 1 Number of Auto Extension count /Past Performance 10 % /Bid to RA enabled Yes /RA Qualification Rule H1-Highest Priced Bid Elimination /Type of Bid Two Packet Bid /Time allowed for Technical 2 Days Clarifications during technical evaluation ( / )/Inspection Required (By No Empanelled Inspection Authority / Agencies pre-registered with GeM) /Evaluation Method Total value wise evaluation /Arbitration Clause No /Mediation Clause No /EMD Detail /Advisory Bank State Bank of India 2 / 8"
      ],
      "tables": [
        [
          [
            "",
            ""
          ],
          [
            "//Bid Details",
            ""
          ],
          [
            "/Document required from seller",
            "Experience Criteria,Past Performance,Bidder Turnover,Certificate (Requested in ATC),OEM Authorization Certificate,OEM Annual Turnover,Additional Doc 1 (Requested in ATC),Additional Doc 2 (Requested in ATC),Additional Doc 3 (Requested in ATC),Additional Doc 4 (Requested in ATC),Compliance of BoQ specification and supporting document *In case any bidder is seeking exemption from Experience / Turnover Criteria, the supporting documents to prove his eligibility for exemption must be uploaded for evaluation by the buyer"
          ],
          [
            "?? /Do you want to show documents uploaded by bidders to all bidders participated in bid?",
            "Yes (Documents submitted as part of a clarification or representation during the tender/bid process will also be displayed to other participated bidders after log in)"
          ],
          [
            "/ Minimum number of bids required to disable automatic bid extension",
            "3"
          ],
          [
            ",, -- // Number of days for which Bid would be auto--extended",
            "7"
          ],
          [
            "// Number of Auto Extension count",
            "1"
          ],
          [
            "/Past Performance",
            "10 %"
          ],
          [
            "/Bid to RA enabled",
            "Yes"
          ],
          [
            "/RA Qualification Rule",
            "H1-Highest Priced Bid Elimination"
          ],
          [
            "/Type of Bid",
            "Two Packet Bid"
          ],
          [
            "/Time allowed for Technical Clarifications during technical evaluation",
            "2 Days"
          ],
          [
            "( / )/Inspection Required (By Empanelled Inspection Authority / Agencies pre-registered with GeM)",
            "No"
          ],
          [
            "/Evaluation Method",
            "Total value wise evaluation"
          ],
          [
            "/Arbitration Clause",
            "No"
          ],
          [
            "/Mediation Clause",
            "No"
          ]
        ],
        [
          [
            "/Advisory Bank",
            "State Bank of India"
          ],
          [
            "",
            ""
          ]
        ]
      ]
    },
    {
      "page_number": 3,
      "used_ocr": false,
      "cleaned_text": "/EMD Amount 299640 /ePBG Detail /Advisory Bank State Bank of India (%)/ePBG Percentage(%) 3.00 () /Duration of ePBG 38 required (Months). (a). /EMD EXEMPTION: The bidder seeking EMD exemption, must submit the valid supporting document for the relevant category as per GeM GTC with the bid. Under MSE category, only manufacturers for goods and Service Providers for Services are eligible for exemption from EMD. Traders are excluded from the purview of this Policy. (b). , , / EMD & Performance securityshould be in favour of Beneficiary, wherever it is applicable. /Beneficiary : AOC Air Force Station Panagarh, West Bengal, Department of Military Affairs, Indian Air Force, Ministry of Defence (Air Force Public Fund Account Panagarh) / Bid splitting not applied. / MII Purchase Preference / MII Purchase Preference Yes , L1+X% / Purchase 20 Preference to MII sellers availabele upto price within L1+X% / Maximum Percentage of Bid 50 quantity for MII purchase preference (-- ) 2017 1/ 2 16.09.2020 (- ) / Allow Yes, in compliance with the MII ORDER : DPIIT Order(as amended and applicable time to time) participation only from Class 1/Class 2 local suppliers as per the Public procurement(Preference to Make-in-india) order 2017 date 16.09.2020(as amended and applicable time to time) /MSE Purchase Preference 3 / 8",
      "lines": [
        "/EMD Amount 299640 /ePBG Detail /Advisory Bank State Bank of India (%)/ePBG Percentage(%) 3.00 () /Duration of ePBG 38 required (Months). (a). /EMD EXEMPTION: The bidder seeking EMD exemption, must submit the valid supporting document for the relevant category as per GeM GTC with the bid. Under MSE category, only manufacturers for goods and Service Providers for Services are eligible for exemption from EMD. Traders are excluded from the purview of this Policy. (b). , , / EMD & Performance securityshould be in favour of Beneficiary, wherever it is applicable. /Beneficiary : AOC Air Force Station Panagarh, West Bengal, Department of Military Affairs, Indian Air Force, Ministry of Defence (Air Force Public Fund Account Panagarh) / Bid splitting not applied. / MII Purchase Preference / MII Purchase Preference Yes , L1+X% / Purchase 20 Preference to MII sellers availabele upto price within L1+X% / Maximum Percentage of Bid 50 quantity for MII purchase preference (-- ) 2017 1/ 2 16.09.2020 (- ) / Allow Yes, in compliance with the MII ORDER : DPIIT Order(as amended and applicable time to time) participation only from Class 1/Class 2 local suppliers as per the Public procurement(Preference to Make-in-india) order 2017 date 16.09.2020(as amended and applicable time to time) /MSE Purchase Preference 3 / 8"
      ],
      "tables": [
        [
          [
            "",
            ""
          ],
          [
            "/EMD Amount",
            "299640"
          ]
        ],
        [
          [
            "/Advisory Bank",
            "State Bank of India"
          ],
          [
            "(%)/ePBG Percentage(%)",
            "3.00"
          ],
          [
            "() /Duration of ePBG required (Months).",
            "38"
          ]
        ],
        [
          [
            "/ MII Purchase Preference",
            "Yes"
          ],
          [
            ", L1+X% / Purchase Preference to MII sellers availabele upto price within L1+X%",
            "20"
          ],
          [
            "/ Maximum Percentage of Bid quantity for MII purchase preference",
            "50"
          ],
          [
            "(-- ) 2017 1/ 2 16.09.2020 (- ) / Allow participation only from Class 1/Class 2 local suppliers as per the Public procurement(Preference to Make-in-india) order 2017 date 16.09.2020(as amended and applicable time to time)",
            "Yes, in compliance with the MII ORDER : DPIIT Order(as amended and applicable time to time)"
          ]
        ]
      ]
    },
    {
      "page_number": 4,
      "used_ocr": false,
      "cleaned_text": "/MSE Purchase Preference Yes , L1+X% / 15 Purchase Preference to MSE OEMs available upto price within L1+X% / Maximum 25 Percentage of Bid quantity for MSE purchase preference 1. The minimum average annual financial turnover of the bidder during the last three years, ending on 31st March of the previous financial year, should be as indicated above in the bid document. Documentary evidence in the form of certified Audited Balance Sheets of relevant periods or a certificate from the Chartered Accountant / Cost Accountant indicating the turnover details for the relevant period shall be uploaded with the bid. In case the date of constitution / incorporation of the bidder is less than 3-year-old, the average turnover in respect of the completed financial years after the date of constitution shall be taken into account for this criteria. 2. Experience Criteria: In respect of the filter applied for experience criteria, the Bidder or its OEM of the product offered in the bid {themselves or through reseller(s)} should have regularly, manufactured and supplied same or similar Category Products to any Central / State Govt Organization / PSU for number of Financial years as indicated above in the bid document before the bid opening date. Copies of relevant contracts and delivery acceptance certificates like CRAC to be submitted along with bid in support of having supplied some quantity during each of the Financial year. In case of bunch bids, the category of primary product having highest value should meet this criterion. 3. OEM Turn Over Criteria: The minimum average annual financial turnover of the OEM of the offered product during the last three years, ending on 31st March of the previous financial year, should be as indicated in the bid document. Documentary evidence in the form of certified Audited Balance Sheets of relevant periods or a certificate from the Chartered Accountant / Cost Accountant indicating the turnover details for the relevant period shall be uploaded with the bid. In case the date of constitution / incorporation of the OEM is less than 3 year old, the average turnover in respect of the completed financial years after the date of constitution shall be taken into account for this criteria. 4. Preference to Make In India products (For bids < 200 Crore):Preference shall be given to Class 1 local supplier as defined in public procurement (Preference to Make in India), Order 2017 as amended from time to time and its subsequent Orders/Notifications issued by concerned Nodal Ministry for specific Goods/Products. The minimum local content to qualify as a Class 1 local supplier is denoted in the bid document. If the bidder wants to avail the Purchase preference, the bidder must upload a certificate from the OEM regarding the percentage of the local content and the details of locations at which the local value addition is made along with their bid, failing which no purchase preference shall be granted. In case the bid value is more than Rs 10 Crore, the declaration relating to percentage of local content shall be certified by the statutory auditor or cost auditor, if the OEM is a company and by a practicing cost accountant or a chartered accountant for OEMs other than companies as per the Public Procurement (preference to Make-in -India) order 2017 dated 04.06.2020. Only Class-I and Class-II Local suppliers as per MII order dated 4.6.2020 will be eligible to bid. Non - Local suppliers as per MII order dated 04.06.2020 are not eligible to participate. However, eligible micro and small enterprises will be allowed to participate .The buyers are advised to refer the OM No.F.1/4/2021-PPD dated 18.05.2023. OM_No.1_4_2021_PPD_dated_18.05.2023 for compliance of Concurrent application of Public Procurement Policy for Micro and Small Enterprises Order, 2012 and Public Procurement (Preference to Make in India) Order, 2017. 5. Purchase preference will be given to MSEs having valid Udyam Registration and whose credentials are validated online through Udyam Registration portal as defined in Public Procurement Policy for Micro and Small Enterprises (MSEs) Order, 2012 dated 23.03.2012 issued by Ministry of Micro, Small and Medium Enterprises and its subsequent Orders/Notifications issued by concerned Ministry. If the bidder wants to avail themselves of the Purchase preference, the bidder must be the manufacturer / OEM of the offered product on GeM. Traders are excluded from the purview of Public Procurement Policy for Micro and Small Enterprises and hence resellers offering products manufactured by some other OEM are not eligible for any purchase preference. In respect of bid for Services, the bidder must be the Service provider of the offered Service. Relevant documentary evidence in this regard shall be uploaded along with the bid in respect of the offered product or service and Buyer will decide eligibility for purchase preference based on documentary evidence submitted, while evaluating the bid. If L-1 is not an MSE and MSE Seller (s) has / have quoted price within L-1+ 15% (Selected by Buyer) of margin of purchase preference /price band defined in relevant policy, such MSE Seller shall be given opportunity to match 4 / 8",
      "lines": [
        "/MSE Purchase Preference Yes , L1+X% / 15 Purchase Preference to MSE OEMs available upto price within L1+X% / Maximum 25 Percentage of Bid quantity for MSE purchase preference 1. The minimum average annual financial turnover of the bidder during the last three years, ending on 31st March of the previous financial year, should be as indicated above in the bid document. Documentary evidence in the form of certified Audited Balance Sheets of relevant periods or a certificate from the Chartered Accountant / Cost Accountant indicating the turnover details for the relevant period shall be uploaded with the bid. In case the date of constitution / incorporation of the bidder is less than 3-year-old, the average turnover in respect of the completed financial years after the date of constitution shall be taken into account for this criteria. 2. Experience Criteria: In respect of the filter applied for experience criteria, the Bidder or its OEM of the product offered in the bid {themselves or through reseller(s)} should have regularly, manufactured and supplied same or similar Category Products to any Central / State Govt Organization / PSU for number of Financial years as indicated above in the bid document before the bid opening date. Copies of relevant contracts and delivery acceptance certificates like CRAC to be submitted along with bid in support of having supplied some quantity during each of the Financial year. In case of bunch bids, the category of primary product having highest value should meet this criterion. 3. OEM Turn Over Criteria: The minimum average annual financial turnover of the OEM of the offered product during the last three years, ending on 31st March of the previous financial year, should be as indicated in the bid document. Documentary evidence in the form of certified Audited Balance Sheets of relevant periods or a certificate from the Chartered Accountant / Cost Accountant indicating the turnover details for the relevant period shall be uploaded with the bid. In case the date of constitution / incorporation of the OEM is less than 3 year old, the average turnover in respect of the completed financial years after the date of constitution shall be taken into account for this criteria. 4. Preference to Make In India products (For bids < 200 Crore):Preference shall be given to Class 1 local supplier as defined in public procurement (Preference to Make in India), Order 2017 as amended from time to time and its subsequent Orders/Notifications issued by concerned Nodal Ministry for specific Goods/Products. The minimum local content to qualify as a Class 1 local supplier is denoted in the bid document. If the bidder wants to avail the Purchase preference, the bidder must upload a certificate from the OEM regarding the percentage of the local content and the details of locations at which the local value addition is made along with their bid, failing which no purchase preference shall be granted. In case the bid value is more than Rs 10 Crore, the declaration relating to percentage of local content shall be certified by the statutory auditor or cost auditor, if the OEM is a company and by a practicing cost accountant or a chartered accountant for OEMs other than companies as per the Public Procurement (preference to Make-in -India) order 2017 dated 04.06.2020. Only Class-I and Class-II Local suppliers as per MII order dated 4.6.2020 will be eligible to bid. Non - Local suppliers as per MII order dated 04.06.2020 are not eligible to participate. However, eligible micro and small enterprises will be allowed to participate .The buyers are advised to refer the OM No.F.1/4/2021-PPD dated 18.05.2023. OM_No.1_4_2021_PPD_dated_18.05.2023 for compliance of Concurrent application of Public Procurement Policy for Micro and Small Enterprises Order, 2012 and Public Procurement (Preference to Make in India) Order, 2017. 5. Purchase preference will be given to MSEs having valid Udyam Registration and whose credentials are validated online through Udyam Registration portal as defined in Public Procurement Policy for Micro and Small Enterprises (MSEs) Order, 2012 dated 23.03.2012 issued by Ministry of Micro, Small and Medium Enterprises and its subsequent Orders/Notifications issued by concerned Ministry. If the bidder wants to avail themselves of the Purchase preference, the bidder must be the manufacturer / OEM of the offered product on GeM. Traders are excluded from the purview of Public Procurement Policy for Micro and Small Enterprises and hence resellers offering products manufactured by some other OEM are not eligible for any purchase preference. In respect of bid for Services, the bidder must be the Service provider of the offered Service. Relevant documentary evidence in this regard shall be uploaded along with the bid in respect of the offered product or service and Buyer will decide eligibility for purchase preference based on documentary evidence submitted, while evaluating the bid. If L-1 is not an MSE and MSE Seller (s) has / have quoted price within L-1+ 15% (Selected by Buyer) of margin of purchase preference /price band defined in relevant policy, such MSE Seller shall be given opportunity to match 4 / 8"
      ],
      "tables": [
        [
          [
            "/MSE Purchase Preference",
            "Yes"
          ],
          [
            ", L1+X% / Purchase Preference to MSE OEMs available upto price within L1+X%",
            "15"
          ],
          [
            "/ Maximum Percentage of Bid quantity for MSE purchase preference",
            "25"
          ]
        ]
      ]
    },
    {
      "page_number": 5,
      "used_ocr": false,
      "cleaned_text": "L-1 price and contract will be awarded for 25% (selected by Buyer) percentage of total quantity. The buyers are advised to refer the OM No. F.1/4/2021-PPD dated 18.05.2023 OM_No.1_4_2021_PPD_dated_18.05.2023 for compliance of Concurrent application of Public Procurement Policy for Micro and Small Enterprises Order, 2012 and Public Procurement (Preference to Make in India) Order, 2017. Benefits of MSE will be allowed only if seller is validated on-line in GeM profile as well as validated and approved by Buyer after evaluation of documents submitted. 6. Past Performance: The Bidder or its OEM {themselves or through re-seller(s)} should have supplied same or similar Category Products for 10% of bid quantity, in at least one of the last three Financial years before the bid opening date to any Central / State Govt Organization / PSU. Copies of relevant contracts (proving supply of cumulative order quantity in any one financial year) to be submitted along with bid in support of quantity supplied in the relevant Financial year. In case of bunch bids, the category related to primary product having highest bid value should meet this criterion. 7. Reverse Auction would be conducted amongst all the technically qualified bidders except the Highest quoting bidder. The technically qualified Highest Quoting bidder will not be allowed to participate in RA. However, H-1 will also be allowed to participate in RA in following cases: i. If number of technically qualified bidders are only 2 or 3. ii. If Buyer has chosen to split the bid amongst N sellers, and H1 bid is coming within N. iii. In case Primary product of only one OEM is left in contention for participation in RA on elimination of H-1. iv. If L-1 is non-MSE and H-1 is eligible MSE and H-1 price is coming within price band of 15% of Non-MSE L-1 v. If L-1 is non-MII and H-1 is eligible MII and H-1 price is coming within price band of 20% of Non-MII L-1 Active LED Datawall With Conference Solution ( 1 Unit ) ( 1 2 /Minimum 50% and 0% Local Content required for qualifying as Class 1 and Class 2 Local Supplier respectively) /Technical Specifications /Buyer Download Specification Document // /Consignees/Reporting Officer and Quantity // ..../S.N /Delivery o. /Consignee /Address /Quantity Days Reporting/Officer 1 *********** ***********BURDWAN 1 30 /Buyer Added Bid Specific Terms and Conditions 1. Generic OPTION CLAUSE: The Purchaser reserves the right to increase or decrease the quantity to be ordered up to 25 percent of bid quantity at the time of placement of contract. The purchaser also reserves the right to increase the ordered quantity up to 25% of the contracted quantity during the currency of the contract at the contracted rates. The delivery period of quantity shall commence from the last date of original delivery order and in cases where option clause is exercised during the extended delivery period the additional time shall commence from the last date of extended delivery period. The additional delivery time shall be (Increased quantity ÷ Original quantity) × Original delivery period (in days), subject to minimum of 30 days. If the original delivery period is less than 30 days, the additional time equals the original delivery period. The Purchaser may extend this calculated delivery duration up to the original 5 / 8",
      "lines": [
        "L-1 price and contract will be awarded for 25% (selected by Buyer) percentage of total quantity. The buyers are advised to refer the OM No. F.1/4/2021-PPD dated 18.05.2023 OM_No.1_4_2021_PPD_dated_18.05.2023 for compliance of Concurrent application of Public Procurement Policy for Micro and Small Enterprises Order, 2012 and Public Procurement (Preference to Make in India) Order, 2017. Benefits of MSE will be allowed only if seller is validated on-line in GeM profile as well as validated and approved by Buyer after evaluation of documents submitted. 6. Past Performance: The Bidder or its OEM {themselves or through re-seller(s)} should have supplied same or similar Category Products for 10% of bid quantity, in at least one of the last three Financial years before the bid opening date to any Central / State Govt Organization / PSU. Copies of relevant contracts (proving supply of cumulative order quantity in any one financial year) to be submitted along with bid in support of quantity supplied in the relevant Financial year. In case of bunch bids, the category related to primary product having highest bid value should meet this criterion. 7. Reverse Auction would be conducted amongst all the technically qualified bidders except the Highest quoting bidder. The technically qualified Highest Quoting bidder will not be allowed to participate in RA. However, H-1 will also be allowed to participate in RA in following cases: i. If number of technically qualified bidders are only 2 or 3. ii. If Buyer has chosen to split the bid amongst N sellers, and H1 bid is coming within N. iii. In case Primary product of only one OEM is left in contention for participation in RA on elimination of H-1. iv. If L-1 is non-MSE and H-1 is eligible MSE and H-1 price is coming within price band of 15% of Non-MSE L-1 v. If L-1 is non-MII and H-1 is eligible MII and H-1 price is coming within price band of 20% of Non-MII L-1 Active LED Datawall With Conference Solution ( 1 Unit ) ( 1 2 /Minimum 50% and 0% Local Content required for qualifying as Class 1 and Class 2 Local Supplier respectively) /Technical Specifications /Buyer Download Specification Document // /Consignees/Reporting Officer and Quantity // ..../S.N /Delivery o. /Consignee /Address /Quantity Days Reporting/Officer 1 *********** ***********BURDWAN 1 30 /Buyer Added Bid Specific Terms and Conditions 1. Generic OPTION CLAUSE: The Purchaser reserves the right to increase or decrease the quantity to be ordered up to 25 percent of bid quantity at the time of placement of contract. The purchaser also reserves the right to increase the ordered quantity up to 25% of the contracted quantity during the currency of the contract at the contracted rates. The delivery period of quantity shall commence from the last date of original delivery order and in cases where option clause is exercised during the extended delivery period the additional time shall commence from the last date of extended delivery period. The additional delivery time shall be (Increased quantity ÷ Original quantity) × Original delivery period (in days), subject to minimum of 30 days. If the original delivery period is less than 30 days, the additional time equals the original delivery period. The Purchaser may extend this calculated delivery duration up to the original 5 / 8"
      ],
      "tables": [
        [
          [
            "/Buyer Specification Document",
            "Download"
          ]
        ],
        [
          [
            "..../S.N o.",
            "// /Consignee Reporting/Officer",
            "/Address",
            "/Quantity",
            "/Delivery Days"
          ],
          [
            "1",
            "***********",
            "***********BURDWAN",
            "1",
            "30"
          ]
        ]
      ]
    },
    {
      "page_number": 6,
      "used_ocr": false,
      "cleaned_text": "delivery period while exercising the option clause. Bidders must comply with these terms. 2. Buyer Added Bid Specific ATC Buyer Added text based ATC clauses 1. Bidder needs to submit the bid specific Letter of Authorization (MAF) from respective OEM for major components of the solution (Datawall, Digital Po dium, PTZ Camera, Microphone, Speaker, Amplifier, DSP.) Authorizing the bidder to participate. 2. Bidder should have back to back tie up with OEM's to provide Hardware & Software support. The bidder needs to produce letter from respective OE M in this respect for major components of the solution (Datawall, Digital P odium, PTZ Camera, Microphone, Speaker, Amplifier, DSP.) 3. The Manufacturer / Bidder should not be associated or have been associat ed in the past, directly or indirectly, with a firm or any of its affiliates whi ch have been engaged by the purchaser to provide consulting services for the preparation of the design, specification, and other documents to be us ed for the procurement of the goods to be purchased under this invitation of tenders. 4. Manufacturer / Bidders shall not be under any declaration of ineligibility fo r corrupt and fraudulent practices issued by any state Government / GOI / Union tertiary. The Manufacturer/Bidder should not be a defaulter of any F inancial institute or Bank and their assets should have never been put on auction for recovery of debts. 5. The Manufacturer / Bidder should be in the business in India for more than 3 years as on 01-10-2025. This should be supported by the certificate of r egistration issued under the companies act by a competent authority. 6. The Manufacturer / Bidder for Technical Evaluation should submit catalogu e, datasheet and other supporting document with complete technical det ails of the proposed solution. The respective features and specification sh ould be publicly available on website having videos/documents for verific ation. The bid evaluation committee if required may invite the bidders for live demonstration to verify the proposed specifications /features. Bids fail ing to fulfill technical evaluation and not able to showcase the features wil l be technically rejected 7. There should be no complaint against the Manufacturer/Bidder for poor pe rformance of the equipment supplied. 8. The Bidder should submit last year ITR. 9. The Bidder has to quote all the products as per the Tender. Partial Bids will be rejected. 10. Organization- is the final authority to judge the tender called items and h as every power - to accept or reject the same without assigning any reaso ns. 11. Vendor must provide Technical compliance bid offer as per the following format only, without any ambiguities. As same will be send to Technical C 6 / 8",
      "lines": [
        "delivery period while exercising the option clause. Bidders must comply with these terms. 2. Buyer Added Bid Specific ATC Buyer Added text based ATC clauses 1. Bidder needs to submit the bid specific Letter of Authorization (MAF) from respective OEM for major components of the solution (Datawall, Digital Po dium, PTZ Camera, Microphone, Speaker, Amplifier, DSP.) Authorizing the bidder to participate. 2. Bidder should have back to back tie up with OEM's to provide Hardware & Software support. The bidder needs to produce letter from respective OE M in this respect for major components of the solution (Datawall, Digital P odium, PTZ Camera, Microphone, Speaker, Amplifier, DSP.) 3. The Manufacturer / Bidder should not be associated or have been associat ed in the past, directly or indirectly, with a firm or any of its affiliates whi ch have been engaged by the purchaser to provide consulting services for the preparation of the design, specification, and other documents to be us ed for the procurement of the goods to be purchased under this invitation of tenders. 4. Manufacturer / Bidders shall not be under any declaration of ineligibility fo r corrupt and fraudulent practices issued by any state Government / GOI / Union tertiary. The Manufacturer/Bidder should not be a defaulter of any F inancial institute or Bank and their assets should have never been put on auction for recovery of debts. 5. The Manufacturer / Bidder should be in the business in India for more than 3 years as on 01-10-2025. This should be supported by the certificate of r egistration issued under the companies act by a competent authority. 6. The Manufacturer / Bidder for Technical Evaluation should submit catalogu e, datasheet and other supporting document with complete technical det ails of the proposed solution. The respective features and specification sh ould be publicly available on website having videos/documents for verific ation. The bid evaluation committee if required may invite the bidders for live demonstration to verify the proposed specifications /features. Bids fail ing to fulfill technical evaluation and not able to showcase the features wil l be technically rejected 7. There should be no complaint against the Manufacturer/Bidder for poor pe rformance of the equipment supplied. 8. The Bidder should submit last year ITR. 9. The Bidder has to quote all the products as per the Tender. Partial Bids will be rejected. 10. Organization- is the final authority to judge the tender called items and h as every power - to accept or reject the same without assigning any reaso ns. 11. Vendor must provide Technical compliance bid offer as per the following format only, without any ambiguities. As same will be send to Technical C 6 / 8"
      ],
      "tables": []
    },
    {
      "page_number": 7,
      "used_ocr": false,
      "cleaned_text": "ommittee for Technical scrutiny/evaluation. Partial /incomplete bid shall b e liable for rejection. 12. The bidder should give undertaking to provide after sale-service whenev er needed by the purchaser. 13. Payment will be done only after supply, installation, commissioning and t esting of the complete system. 14. Provide ink signed certificate accepting all Additional Terms and Conditio ns of the Bid with Bid number. 15. Seller must provide 3 years on site comprehensive warranty for the product. 16. Seller must share AMC details and coverage that can be offered after warranty period . 3. Buyer Added Bid Specific ATC Buyer uploaded ATC document Click here to view the file. /Disclaimer The additional terms and conditions have been incorporated by the Buyer after approval of the Competent Authority in Buyer Organization, whereby Buyer organization is solely responsible for the impact of these clauses on the bidding process, its outcome, and consequences thereof including any eccentricity / restriction arising in the bidding process due to these ATCs and due to modification of technical specifications and / or terms and conditions governing the bid. If any clause(s) is / are incorporated by the Buyer regarding following, the bid and resultant contracts shall be treated as null and void and such bids may be cancelled by GeM at any stage of bidding process without any notice:- 1. Definition of Class I and Class II suppliers in the bid not in line with the extant Order / Office Memorandum issued by DPIIT in this regard. 2. Seeking EMD submission from bidder(s), including via Additional Terms & Conditions, in contravention to exemption provided to such sellers under GeM GTC. 3. Publishing Custom / BOQ bids for items for which regular GeM categories are available without any Category item bunched with it. 4. Creating BoQ bid for single item. 5. Mentioning specific Brand or Make or Model or Manufacturer or Dealer name. 6. Mandating submission of documents in physical form as a pre-requisite to qualify bidders. 7. Floating / creation of work contracts as Custom Bids in Services. 8. Seeking sample with bid or approval of samples during bid evaluation process. (However, in bids for attached categories, trials are allowed as per approved procurement policy of the buyer nodal Ministries) 9. Mandating foreign / international certifications even in case of existence of Indian Standards without specifying equivalent Indian Certification / standards. 10. Seeking experience from specific organization / department / institute only or from foreign / export experience. 11. Creating bid for items from irrelevant categories. 12. Incorporating any clause against the MSME policy and Preference to Make in India Policy. 13. Reference of conditions published on any external site or reference to external documents/clauses. 14. Asking for any Tender fee / Bid Participation fee / Auction fee in case of Bids / Forward Auction, as the 7 / 8",
      "lines": [
        "ommittee for Technical scrutiny/evaluation. Partial /incomplete bid shall b e liable for rejection. 12. The bidder should give undertaking to provide after sale-service whenev er needed by the purchaser. 13. Payment will be done only after supply, installation, commissioning and t esting of the complete system. 14. Provide ink signed certificate accepting all Additional Terms and Conditio ns of the Bid with Bid number. 15. Seller must provide 3 years on site comprehensive warranty for the product. 16. Seller must share AMC details and coverage that can be offered after warranty period . 3. Buyer Added Bid Specific ATC Buyer uploaded ATC document Click here to view the file. /Disclaimer The additional terms and conditions have been incorporated by the Buyer after approval of the Competent Authority in Buyer Organization, whereby Buyer organization is solely responsible for the impact of these clauses on the bidding process, its outcome, and consequences thereof including any eccentricity / restriction arising in the bidding process due to these ATCs and due to modification of technical specifications and / or terms and conditions governing the bid. If any clause(s) is / are incorporated by the Buyer regarding following, the bid and resultant contracts shall be treated as null and void and such bids may be cancelled by GeM at any stage of bidding process without any notice:- 1. Definition of Class I and Class II suppliers in the bid not in line with the extant Order / Office Memorandum issued by DPIIT in this regard. 2. Seeking EMD submission from bidder(s), including via Additional Terms & Conditions, in contravention to exemption provided to such sellers under GeM GTC. 3. Publishing Custom / BOQ bids for items for which regular GeM categories are available without any Category item bunched with it. 4. Creating BoQ bid for single item. 5. Mentioning specific Brand or Make or Model or Manufacturer or Dealer name. 6. Mandating submission of documents in physical form as a pre-requisite to qualify bidders. 7. Floating / creation of work contracts as Custom Bids in Services. 8. Seeking sample with bid or approval of samples during bid evaluation process. (However, in bids for attached categories, trials are allowed as per approved procurement policy of the buyer nodal Ministries) 9. Mandating foreign / international certifications even in case of existence of Indian Standards without specifying equivalent Indian Certification / standards. 10. Seeking experience from specific organization / department / institute only or from foreign / export experience. 11. Creating bid for items from irrelevant categories. 12. Incorporating any clause against the MSME policy and Preference to Make in India Policy. 13. Reference of conditions published on any external site or reference to external documents/clauses. 14. Asking for any Tender fee / Bid Participation fee / Auction fee in case of Bids / Forward Auction, as the 7 / 8"
      ],
      "tables": []
    },
    {
      "page_number": 8,
      "used_ocr": false,
      "cleaned_text": "case may be. 15. Buyer added ATC Clauses which are in contravention of clauses defined by buyer in system generated bid template as indicated above in the Bid Details section, EMD Detail, ePBG Detail and MII and MSE Purchase Preference sections of the bid, unless otherwise allowed by GeM GTC. 16. In a category based bid, adding additional items, through buyer added additional scope of work/ additional terms and conditions/or any other document. If buyer needs more items along with the main item, the same must be added through bunching category based items or by bunching custom catalogs or bunching a BoQ with the main category based item, the same must not be done through ATC or Scope of Work. Further, if any seller has any objection/grievance against these additional clauses or otherwise on any aspect of this bid, they can raise their representation against the same by using the Representation window provided in the bid details field in Seller dashboard after logging in as a seller within 4 days of bid publication on GeM. Buyer is duty bound to reply to all such representations and would not be allowed to open bids if he fails to reply to such representations. All GeM Sellers/Service Providers shall ensure full compliance with all applicable labour laws, including the provisions, rules, schemes and guidelines under the four Labour Codes i.e. the Code on Wages, 2019; the Industrial Relations Code, 2020; the Occupational Safety, Health and Working Conditions Code, 2020; and the Code on Social Security, 2020 as and when notified and brought into force by the Government of India. For all provisions of the Labour Codes that are pending operationalisation through rules, schemes or notifications, the corresponding provisions of the pre-existing labour enactments (such as The Minimum Wages Act, 1948, The Payment of Wages Act, 1936, The Payment of Bonus Act, 1965, The Equal Remuneration Act, 1976, The Payment of Gratuity Act, 1972, etc. and relevant State Rules) shall continue to remain applicable. The Seller/ Service Providers shall, therefore, be responsible for ensuring compliance under: All notified and enforceable provisions of the new Labour Codes as mentioned hereinabove; and All operative provisions of the erstwhile Labour Laws until their complete substitution. All obligations relating to wages, social security, safety, working conditions, industrial relations etc. and any other statutory requirements shall be strictly met by the Seller/ Service Provider. Any non- compliance shall constitute a breach of the contract and shall entitle the Buyer to take appropriate action in accordance with the contract and applicable law. /This Bid is also governed by the General Terms and Conditions 26 /In terms of GeM GTC clause 26 regarding Restrictions on procurement from a bidder of a country which shares a land border with India, any bidder from a country which shares a land border with India will be eligible to bid in this tender only if the bidder is registered with the Competent Authority. While participating in bid, Bidder has to undertake compliance of this and any false declaration and non-compliance of this would be a ground for immediate termination of the contract and further legal action in accordance with the laws. ---/Thank You--- 8 / 8",
      "lines": [
        "case may be. 15. Buyer added ATC Clauses which are in contravention of clauses defined by buyer in system generated bid template as indicated above in the Bid Details section, EMD Detail, ePBG Detail and MII and MSE Purchase Preference sections of the bid, unless otherwise allowed by GeM GTC. 16. In a category based bid, adding additional items, through buyer added additional scope of work/ additional terms and conditions/or any other document. If buyer needs more items along with the main item, the same must be added through bunching category based items or by bunching custom catalogs or bunching a BoQ with the main category based item, the same must not be done through ATC or Scope of Work. Further, if any seller has any objection/grievance against these additional clauses or otherwise on any aspect of this bid, they can raise their representation against the same by using the Representation window provided in the bid details field in Seller dashboard after logging in as a seller within 4 days of bid publication on GeM. Buyer is duty bound to reply to all such representations and would not be allowed to open bids if he fails to reply to such representations. All GeM Sellers/Service Providers shall ensure full compliance with all applicable labour laws, including the provisions, rules, schemes and guidelines under the four Labour Codes i.e. the Code on Wages, 2019; the Industrial Relations Code, 2020; the Occupational Safety, Health and Working Conditions Code, 2020; and the Code on Social Security, 2020 as and when notified and brought into force by the Government of India. For all provisions of the Labour Codes that are pending operationalisation through rules, schemes or notifications, the corresponding provisions of the pre-existing labour enactments (such as The Minimum Wages Act, 1948, The Payment of Wages Act, 1936, The Payment of Bonus Act, 1965, The Equal Remuneration Act, 1976, The Payment of Gratuity Act, 1972, etc. and relevant State Rules) shall continue to remain applicable. The Seller/ Service Providers shall, therefore, be responsible for ensuring compliance under: All notified and enforceable provisions of the new Labour Codes as mentioned hereinabove; and All operative provisions of the erstwhile Labour Laws until their complete substitution. All obligations relating to wages, social security, safety, working conditions, industrial relations etc. and any other statutory requirements shall be strictly met by the Seller/ Service Provider. Any non- compliance shall constitute a breach of the contract and shall entitle the Buyer to take appropriate action in accordance with the contract and applicable law. /This Bid is also governed by the General Terms and Conditions 26 /In terms of GeM GTC clause 26 regarding Restrictions on procurement from a bidder of a country which shares a land border with India, any bidder from a country which shares a land border with India will be eligible to bid in this tender only if the bidder is registered with the Competent Authority. While participating in bid, Bidder has to undertake compliance of this and any false declaration and non-compliance of this would be a ground for immediate termination of the contract and further legal action in accordance with the laws. ---/Thank You--- 8 / 8"
      ],
      "tables": []
    }
  ],
  "links": [
    {
      "page_number": 1,
      "uri": "https://bidplus.gem.gov.in/bidding/downloadOmppdfile/",
      "attachment_filename": null,
      "rect": null,
      "label": null,
      "source": "dict:/URI"
    },
    {
      "page_number": 1,
      "uri": "https://bidplus.gem.gov.in/bidding/downloadOmppdfile/",
      "attachment_filename": null,
      "rect": null,
      "label": null,
      "source": "dict:/URI"
    },
    {
      "page_number": 1,
      "uri": "https://mkp.gem.gov.in/catalog_data/catalog_support_document/buyer_documents/151273/54/78/703/CatalogAttrs/SpecificationDocument/2025/11/20/specs_data_wall_2025-11-20-17-05-38_c80e29e63ff36d271c3b7458ac823087.pdf",
      "attachment_filename": null,
      "rect": null,
      "label": null,
      "source": "dict:/URI"
    },
    {
      "page_number": 1,
      "uri": "https://fulfilment.gem.gov.in/contract/slafds?fileDownloadPath=SLA_UPLOAD_PATH/2025/Nov/GEM_2025_B_6914766/CLM0010/TechSpecs_9b33f4dd-c31d-4b48-a7f31763790973773_SHREERAJ.pdf",
      "attachment_filename": null,
      "rect": null,
      "label": null,
      "source": "dict:/URI"
    },
    {
      "page_number": 1,
      "uri": "https://assets-bg.gem.gov.in/resources/upload/shared_doc/list-of-categories-where-trials-are-allowed_1712126171.pdf",
      "attachment_filename": null,
      "rect": null,
      "label": null,
      "source": "dict:/URI"
    },
    {
      "page_number": 1,
      "uri": "https://admin.gem.gov.in/apis/v1/gtc/pdfByDate/?date=20251205",
      "attachment_filename": null,
      "rect": null,
      "label": null,
      "source": "dict:/URI"
    },
    {
      "page_number": 2,
      "uri": "https://bidplus.gem.gov.in/bidding/downloadOmppdfile/",
      "attachment_filename": null,
      "rect": null,
      "label": null,
      "source": "dict:/URI"
    },
    {
      "page_number": 2,
      "uri": "https://bidplus.gem.gov.in/bidding/downloadOmppdfile/",
      "attachment_filename": null,
      "rect": null,
      "label": null,
      "source": "dict:/URI"
    },
    {
      "page_number": 2,
      "uri": "https://mkp.gem.gov.in/catalog_data/catalog_support_document/buyer_documents/151273/54/78/703/CatalogAttrs/SpecificationDocument/2025/11/20/specs_data_wall_2025-11-20-17-05-38_c80e29e63ff36d271c3b7458ac823087.pdf",
      "attachment_filename": null,
      "rect": null,
      "label": null,
      "source": "dict:/URI"
    },
    {
      "page_number": 2,
      "uri": "https://fulfilment.gem.gov.in/contract/slafds?fileDownloadPath=SLA_UPLOAD_PATH/2025/Nov/GEM_2025_B_6914766/CLM0010/TechSpecs_9b33f4dd-c31d-4b48-a7f31763790973773_SHREERAJ.pdf",
      "attachment_filename": null,
      "rect": null,
      "label": null,
      "source": "dict:/URI"
    },
    {
      "page_number": 2,
      "uri": "https://assets-bg.gem.gov.in/resources/upload/shared_doc/list-of-categories-where-trials-are-allowed_1712126171.pdf",
      "attachment_filename": null,
      "rect": null,
      "label": null,
      "source": "dict:/URI"
    },
    {
      "page_number": 2,
      "uri": "https://admin.gem.gov.in/apis/v1/gtc/pdfByDate/?date=20251205",
      "attachment_filename": null,
      "rect": null,
      "label": null,
      "source": "dict:/URI"
    },
    {
      "page_number": 3,
      "uri": "https://bidplus.gem.gov.in/bidding/downloadOmppdfile/",
      "attachment_filename": null,
      "rect": null,
      "label": null,
      "source": "dict:/URI"
    },
    {
      "page_number": 3,
      "uri": "https://bidplus.gem.gov.in/bidding/downloadOmppdfile/",
      "attachment_filename": null,
      "rect": null,
      "label": null,
      "source": "dict:/URI"
    },
    {
      "page_number": 3,
      "uri": "https://mkp.gem.gov.in/catalog_data/catalog_support_document/buyer_documents/151273/54/78/703/CatalogAttrs/SpecificationDocument/2025/11/20/specs_data_wall_2025-11-20-17-05-38_c80e29e63ff36d271c3b7458ac823087.pdf",
      "attachment_filename": null,
      "rect": null,
      "label": null,
      "source": "dict:/URI"
    },
    {
      "page_number": 3,
      "uri": "https://fulfilment.gem.gov.in/contract/slafds?fileDownloadPath=SLA_UPLOAD_PATH/2025/Nov/GEM_2025_B_6914766/CLM0010/TechSpecs_9b33f4dd-c31d-4b48-a7f31763790973773_SHREERAJ.pdf",
      "attachment_filename": null,
      "rect": null,
      "label": null,
      "source": "dict:/URI"
    },
    {
      "page_number": 3,
      "uri": "https://assets-bg.gem.gov.in/resources/upload/shared_doc/list-of-categories-where-trials-are-allowed_1712126171.pdf",
      "attachment_filename": null,
      "rect": null,
      "label": null,
      "source": "dict:/URI"
    },
    {
      "page_number": 3,
      "uri": "https://admin.gem.gov.in/apis/v1/gtc/pdfByDate/?date=20251205",
      "attachment_filename": null,
      "rect": null,
      "label": null,
      "source": "dict:/URI"
    },
    {
      "page_number": 4,
      "uri": "https://bidplus.gem.gov.in/bidding/downloadOmppdfile/",
      "attachment_filename": null,
      "rect": [
        40.5,
        214.25,
        227.25,
        225.5
      ],
      "label": null,
      "source": "dict:/URI"
    },
    {
      "page_number": 4,
      "uri": "https://bidplus.gem.gov.in/bidding/downloadOmppdfile/",
      "attachment_filename": null,
      "rect": null,
      "label": null,
      "source": "dict:/URI"
    },
    {
      "page_number": 4,
      "uri": "https://bidplus.gem.gov.in/bidding/downloadOmppdfile/",
      "attachment_filename": null,
      "rect": null,
      "label": null,
      "source": "dict:/URI"
    },
    {
      "page_number": 4,
      "uri": "https://mkp.gem.gov.in/catalog_data/catalog_support_document/buyer_documents/151273/54/78/703/CatalogAttrs/SpecificationDocument/2025/11/20/specs_data_wall_2025-11-20-17-05-38_c80e29e63ff36d271c3b7458ac823087.pdf",
      "attachment_filename": null,
      "rect": null,
      "label": null,
      "source": "dict:/URI"
    },
    {
      "page_number": 4,
      "uri": "https://fulfilment.gem.gov.in/contract/slafds?fileDownloadPath=SLA_UPLOAD_PATH/2025/Nov/GEM_2025_B_6914766/CLM0010/TechSpecs_9b33f4dd-c31d-4b48-a7f31763790973773_SHREERAJ.pdf",
      "attachment_filename": null,
      "rect": null,
      "label": null,
      "source": "dict:/URI"
    },
    {
      "page_number": 4,
      "uri": "https://assets-bg.gem.gov.in/resources/upload/shared_doc/list-of-categories-where-trials-are-allowed_1712126171.pdf",
      "attachment_filename": null,
      "rect": null,
      "label": null,
      "source": "dict:/URI"
    },
    {
      "page_number": 4,
      "uri": "https://admin.gem.gov.in/apis/v1/gtc/pdfByDate/?date=20251205",
      "attachment_filename": null,
      "rect": null,
      "label": null,
      "source": "dict:/URI"
    },
    {
      "page_number": 5,
      "uri": "https://bidplus.gem.gov.in/bidding/downloadOmppdfile/",
      "attachment_filename": null,
      "rect": [
        323.25,
        762.5,
        510.0,
        773.75
      ],
      "label": "is less than 30 days, the additional time equals the",
      "source": "dict:/URI"
    },
    {
      "page_number": 5,
      "uri": "https://mkp.gem.gov.in/catalog_data/catalog_support_document/buyer_documents/151273/54/78/703/CatalogAttrs/SpecificationDocument/2025/11/20/specs_data_wall_2025-11-20-17-05-38_c80e29e63ff36d271c3b7458ac823087.pdf",
      "attachment_filename": null,
      "rect": [
        201.0,
        427.25,
        246.0,
        438.5
      ],
      "label": null,
      "source": "dict:/URI"
    },
    {
      "page_number": 5,
      "uri": "https://bidplus.gem.gov.in/bidding/downloadOmppdfile/",
      "attachment_filename": null,
      "rect": null,
      "label": null,
      "source": "dict:/URI"
    },
    {
      "page_number": 5,
      "uri": "https://bidplus.gem.gov.in/bidding/downloadOmppdfile/",
      "attachment_filename": null,
      "rect": null,
      "label": null,
      "source": "dict:/URI"
    },
    {
      "page_number": 5,
      "uri": "https://mkp.gem.gov.in/catalog_data/catalog_support_document/buyer_documents/151273/54/78/703/CatalogAttrs/SpecificationDocument/2025/11/20/specs_data_wall_2025-11-20-17-05-38_c80e29e63ff36d271c3b7458ac823087.pdf",
      "attachment_filename": null,
      "rect": null,
      "label": null,
      "source": "dict:/URI"
    },
    {
      "page_number": 5,
      "uri": "https://fulfilment.gem.gov.in/contract/slafds?fileDownloadPath=SLA_UPLOAD_PATH/2025/Nov/GEM_2025_B_6914766/CLM0010/TechSpecs_9b33f4dd-c31d-4b48-a7f31763790973773_SHREERAJ.pdf",
      "attachment_filename": null,
      "rect": null,
      "label": null,
      "source": "dict:/URI"
    },
    {
      "page_number": 5,
      "uri": "https://assets-bg.gem.gov.in/resources/upload/shared_doc/list-of-categories-where-trials-are-allowed_1712126171.pdf",
      "attachment_filename": null,
      "rect": null,
      "label": null,
      "source": "dict:/URI"
    },
    {
      "page_number": 5,
      "uri": "https://admin.gem.gov.in/apis/v1/gtc/pdfByDate/?date=20251205",
      "attachment_filename": null,
      "rect": null,
      "label": null,
      "source": "dict:/URI"
    },
    {
      "page_number": 6,
      "uri": "https://bidplus.gem.gov.in/bidding/downloadOmppdfile/",
      "attachment_filename": null,
      "rect": null,
      "label": null,
      "source": "dict:/URI"
    },
    {
      "page_number": 6,
      "uri": "https://bidplus.gem.gov.in/bidding/downloadOmppdfile/",
      "attachment_filename": null,
      "rect": null,
      "label": null,
      "source": "dict:/URI"
    },
    {
      "page_number": 6,
      "uri": "https://mkp.gem.gov.in/catalog_data/catalog_support_document/buyer_documents/151273/54/78/703/CatalogAttrs/SpecificationDocument/2025/11/20/specs_data_wall_2025-11-20-17-05-38_c80e29e63ff36d271c3b7458ac823087.pdf",
      "attachment_filename": null,
      "rect": null,
      "label": null,
      "source": "dict:/URI"
    },
    {
      "page_number": 6,
      "uri": "https://fulfilment.gem.gov.in/contract/slafds?fileDownloadPath=SLA_UPLOAD_PATH/2025/Nov/GEM_2025_B_6914766/CLM0010/TechSpecs_9b33f4dd-c31d-4b48-a7f31763790973773_SHREERAJ.pdf",
      "attachment_filename": null,
      "rect": null,
      "label": null,
      "source": "dict:/URI"
    },
    {
      "page_number": 6,
      "uri": "https://assets-bg.gem.gov.in/resources/upload/shared_doc/list-of-categories-where-trials-are-allowed_1712126171.pdf",
      "attachment_filename": null,
      "rect": null,
      "label": null,
      "source": "dict:/URI"
    },
    {
      "page_number": 6,
      "uri": "https://admin.gem.gov.in/apis/v1/gtc/pdfByDate/?date=20251205",
      "attachment_filename": null,
      "rect": null,
      "label": null,
      "source": "dict:/URI"
    },
    {
      "page_number": 7,
      "uri": "https://fulfilment.gem.gov.in/contract/slafds?fileDownloadPath=SLA_UPLOAD_PATH/2025/Nov/GEM_2025_B_6914766/CLM0010/TechSpecs_9b33f4dd-c31d-4b48-a7f31763790973773_SHREERAJ.pdf",
      "attachment_filename": null,
      "rect": [
        215.25,
        474.5,
        330.75,
        485.75
      ],
      "label": "as clause(s) null and is void / are and incorporated such bids",
      "source": "dict:/URI"
    },
    {
      "page_number": 7,
      "uri": "https://assets-bg.gem.gov.in/resources/upload/shared_doc/list-of-categories-where-trials-are-allowed_1712126171.pdf",
      "attachment_filename": null,
      "rect": [
        72.0,
        170.0,
        162.0,
        181.25
      ],
      "label": "14. Provide ink",
      "source": "dict:/URI"
    },
    {
      "page_number": 7,
      "uri": "https://bidplus.gem.gov.in/bidding/downloadOmppdfile/",
      "attachment_filename": null,
      "rect": null,
      "label": null,
      "source": "dict:/URI"
    },
    {
      "page_number": 7,
      "uri": "https://bidplus.gem.gov.in/bidding/downloadOmppdfile/",
      "attachment_filename": null,
      "rect": null,
      "label": null,
      "source": "dict:/URI"
    },
    {
      "page_number": 7,
      "uri": "https://mkp.gem.gov.in/catalog_data/catalog_support_document/buyer_documents/151273/54/78/703/CatalogAttrs/SpecificationDocument/2025/11/20/specs_data_wall_2025-11-20-17-05-38_c80e29e63ff36d271c3b7458ac823087.pdf",
      "attachment_filename": null,
      "rect": null,
      "label": null,
      "source": "dict:/URI"
    },
    {
      "page_number": 7,
      "uri": "https://fulfilment.gem.gov.in/contract/slafds?fileDownloadPath=SLA_UPLOAD_PATH/2025/Nov/GEM_2025_B_6914766/CLM0010/TechSpecs_9b33f4dd-c31d-4b48-a7f31763790973773_SHREERAJ.pdf",
      "attachment_filename": null,
      "rect": null,
      "label": null,
      "source": "dict:/URI"
    },
    {
      "page_number": 7,
      "uri": "https://assets-bg.gem.gov.in/resources/upload/shared_doc/list-of-categories-where-trials-are-allowed_1712126171.pdf",
      "attachment_filename": null,
      "rect": null,
      "label": null,
      "source": "dict:/URI"
    },
    {
      "page_number": 7,
      "uri": "https://admin.gem.gov.in/apis/v1/gtc/pdfByDate/?date=20251205",
      "attachment_filename": null,
      "rect": null,
      "label": null,
      "source": "dict:/URI"
    },
    {
      "page_number": 8,
      "uri": "https://admin.gem.gov.in/apis/v1/gtc/pdfByDate/?date=20251205",
      "attachment_filename": null,
      "rect": [
        63.0,
        314.75,
        531.75,
        326.0
      ],
      "label": "force by the Government of India.",
      "source": "dict:/URI"
    },
    {
      "page_number": 8,
      "uri": "https://bidplus.gem.gov.in/bidding/downloadOmppdfile/",
      "attachment_filename": null,
      "rect": null,
      "label": null,
      "source": "dict:/URI"
    },
    {
      "page_number": 8,
      "uri": "https://bidplus.gem.gov.in/bidding/downloadOmppdfile/",
      "attachment_filename": null,
      "rect": null,
      "label": null,
      "source": "dict:/URI"
    },
    {
      "page_number": 8,
      "uri": "https://mkp.gem.gov.in/catalog_data/catalog_support_document/buyer_documents/151273/54/78/703/CatalogAttrs/SpecificationDocument/2025/11/20/specs_data_wall_2025-11-20-17-05-38_c80e29e63ff36d271c3b7458ac823087.pdf",
      "attachment_filename": null,
      "rect": null,
      "label": null,
      "source": "dict:/URI"
    },
    {
      "page_number": 8,
      "uri": "https://fulfilment.gem.gov.in/contract/slafds?fileDownloadPath=SLA_UPLOAD_PATH/2025/Nov/GEM_2025_B_6914766/CLM0010/TechSpecs_9b33f4dd-c31d-4b48-a7f31763790973773_SHREERAJ.pdf",
      "attachment_filename": null,
      "rect": null,
      "label": null,
      "source": "dict:/URI"
    },
    {
      "page_number": 8,
      "uri": "https://assets-bg.gem.gov.in/resources/upload/shared_doc/list-of-categories-where-trials-are-allowed_1712126171.pdf",
      "attachment_filename": null,
      "rect": null,
      "label": null,
      "source": "dict:/URI"
    },
    {
      "page_number": 8,
      "uri": "https://admin.gem.gov.in/apis/v1/gtc/pdfByDate/?date=20251205",
      "attachment_filename": null,
      "rect": null,
      "label": null,
      "source": "dict:/URI"
    }
  ],
  "combined_cleaned_text": "/Bid Number: GEM/2025/B/6914766 /Dated: 05-12-2025 / Bid Document //Bid Details // /Bid End Date/Time 15-12-2025 12:00:00 // /Bid Opening 15-12-2025 12:30:00 Date/Time (( ))/Bid Offer 180 (Days) Validity (From End Date) // /Ministry/State Name Ministry Of Defence /Department Name Department Of Military Affairs /Organisation Name Indian Air Force /Office Name *********** /Total Quantity 1 /Item Category Active LED Datawall with Conference Solution GeMARPTS / Searched Active LED Datawall with Conference Solution Strings used in GeMARPTS GeMARPTS / Searched Modular Extendable Conference Table (V2) Result generated in GeMARPTS Online UPS (>10 KVA) With Battery / Relevant Video Conferencing End Point Categories selected for notification data wall display ((33 )) /Minimum Average Annual Turnover of the 49 Lakh (s) bidder (For 3 Years) (( 33 390 Lakh (s) ))/OEM Average Turnover (Last 3 Years) // /Years of Past Experience Required for 3 Year (s) same/similar service /MSE Exemption for Years of No Experience and Turnover /Startup Exemption for Years of No Experience and Turnover 1 / 8\n\n//Bid Details Experience Criteria,Past Performance,Bidder Turnover,Certificate (Requested in ATC),OEM Authorization Certificate,OEM Annual Turnover,Additional Doc 1 (Requested in ATC),Additional Doc 2 (Requested in ATC),Additional Doc 3 (Requested in ATC),Additional Doc 4 /Document required (Requested in ATC),Compliance of BoQ specification and from seller supporting document *In case any bidder is seeking exemption from Experience / Turnover Criteria, the supporting documents to prove his eligibility for exemption must be uploaded for evaluation by the buyer Yes (Documents submitted as part of a clarification or representation during the tender/bid process will also be ?? /Do you want to show displayed to other participated bidders after log in) documents uploaded by bidders to all bidders participated in bid? / Minimum number of 3 bids required to disable automatic bid extension ,, -- // Number of days for which Bid 7 would be auto--extended // 1 Number of Auto Extension count /Past Performance 10 % /Bid to RA enabled Yes /RA Qualification Rule H1-Highest Priced Bid Elimination /Type of Bid Two Packet Bid /Time allowed for Technical 2 Days Clarifications during technical evaluation ( / )/Inspection Required (By No Empanelled Inspection Authority / Agencies pre-registered with GeM) /Evaluation Method Total value wise evaluation /Arbitration Clause No /Mediation Clause No /EMD Detail /Advisory Bank State Bank of India 2 / 8\n\n/EMD Amount 299640 /ePBG Detail /Advisory Bank State Bank of India (%)/ePBG Percentage(%) 3.00 () /Duration of ePBG 38 required (Months). (a). /EMD EXEMPTION: The bidder seeking EMD exemption, must submit the valid supporting document for the relevant category as per GeM GTC with the bid. Under MSE category, only manufacturers for goods and Service Providers for Services are eligible for exemption from EMD. Traders are excluded from the purview of this Policy. (b). , , / EMD & Performance securityshould be in favour of Beneficiary, wherever it is applicable. /Beneficiary : AOC Air Force Station Panagarh, West Bengal, Department of Military Affairs, Indian Air Force, Ministry of Defence (Air Force Public Fund Account Panagarh) / Bid splitting not applied. / MII Purchase Preference / MII Purchase Preference Yes , L1+X% / Purchase 20 Preference to MII sellers availabele upto price within L1+X% / Maximum Percentage of Bid 50 quantity for MII purchase preference (-- ) 2017 1/ 2 16.09.2020 (- ) / Allow Yes, in compliance with the MII ORDER : DPIIT Order(as amended and applicable time to time) participation only from Class 1/Class 2 local suppliers as per the Public procurement(Preference to Make-in-india) order 2017 date 16.09.2020(as amended and applicable time to time) /MSE Purchase Preference 3 / 8\n\n/MSE Purchase Preference Yes , L1+X% / 15 Purchase Preference to MSE OEMs available upto price within L1+X% / Maximum 25 Percentage of Bid quantity for MSE purchase preference 1. The minimum average annual financial turnover of the bidder during the last three years, ending on 31st March of the previous financial year, should be as indicated above in the bid document. Documentary evidence in the form of certified Audited Balance Sheets of relevant periods or a certificate from the Chartered Accountant / Cost Accountant indicating the turnover details for the relevant period shall be uploaded with the bid. In case the date of constitution / incorporation of the bidder is less than 3-year-old, the average turnover in respect of the completed financial years after the date of constitution shall be taken into account for this criteria. 2. Experience Criteria: In respect of the filter applied for experience criteria, the Bidder or its OEM of the product offered in the bid {themselves or through reseller(s)} should have regularly, manufactured and supplied same or similar Category Products to any Central / State Govt Organization / PSU for number of Financial years as indicated above in the bid document before the bid opening date. Copies of relevant contracts and delivery acceptance certificates like CRAC to be submitted along with bid in support of having supplied some quantity during each of the Financial year. In case of bunch bids, the category of primary product having highest value should meet this criterion. 3. OEM Turn Over Criteria: The minimum average annual financial turnover of the OEM of the offered product during the last three years, ending on 31st March of the previous financial year, should be as indicated in the bid document. Documentary evidence in the form of certified Audited Balance Sheets of relevant periods or a certificate from the Chartered Accountant / Cost Accountant indicating the turnover details for the relevant period shall be uploaded with the bid. In case the date of constitution / incorporation of the OEM is less than 3 year old, the average turnover in respect of the completed financial years after the date of constitution shall be taken into account for this criteria. 4. Preference to Make In India products (For bids < 200 Crore):Preference shall be given to Class 1 local supplier as defined in public procurement (Preference to Make in India), Order 2017 as amended from time to time and its subsequent Orders/Notifications issued by concerned Nodal Ministry for specific Goods/Products. The minimum local content to qualify as a Class 1 local supplier is denoted in the bid document. If the bidder wants to avail the Purchase preference, the bidder must upload a certificate from the OEM regarding the percentage of the local content and the details of locations at which the local value addition is made along with their bid, failing which no purchase preference shall be granted. In case the bid value is more than Rs 10 Crore, the declaration relating to percentage of local content shall be certified by the statutory auditor or cost auditor, if the OEM is a company and by a practicing cost accountant or a chartered accountant for OEMs other than companies as per the Public Procurement (preference to Make-in -India) order 2017 dated 04.06.2020. Only Class-I and Class-II Local suppliers as per MII order dated 4.6.2020 will be eligible to bid. Non - Local suppliers as per MII order dated 04.06.2020 are not eligible to participate. However, eligible micro and small enterprises will be allowed to participate .The buyers are advised to refer the OM No.F.1/4/2021-PPD dated 18.05.2023. OM_No.1_4_2021_PPD_dated_18.05.2023 for compliance of Concurrent application of Public Procurement Policy for Micro and Small Enterprises Order, 2012 and Public Procurement (Preference to Make in India) Order, 2017. 5. Purchase preference will be given to MSEs having valid Udyam Registration and whose credentials are validated online through Udyam Registration portal as defined in Public Procurement Policy for Micro and Small Enterprises (MSEs) Order, 2012 dated 23.03.2012 issued by Ministry of Micro, Small and Medium Enterprises and its subsequent Orders/Notifications issued by concerned Ministry. If the bidder wants to avail themselves of the Purchase preference, the bidder must be the manufacturer / OEM of the offered product on GeM. Traders are excluded from the purview of Public Procurement Policy for Micro and Small Enterprises and hence resellers offering products manufactured by some other OEM are not eligible for any purchase preference. In respect of bid for Services, the bidder must be the Service provider of the offered Service. Relevant documentary evidence in this regard shall be uploaded along with the bid in respect of the offered product or service and Buyer will decide eligibility for purchase preference based on documentary evidence submitted, while evaluating the bid. If L-1 is not an MSE and MSE Seller (s) has / have quoted price within L-1+ 15% (Selected by Buyer) of margin of purchase preference /price band defined in relevant policy, such MSE Seller shall be given opportunity to match 4 / 8\n\nL-1 price and contract will be awarded for 25% (selected by Buyer) percentage of total quantity. The buyers are advised to refer the OM No. F.1/4/2021-PPD dated 18.05.2023 OM_No.1_4_2021_PPD_dated_18.05.2023 for compliance of Concurrent application of Public Procurement Policy for Micro and Small Enterprises Order, 2012 and Public Procurement (Preference to Make in India) Order, 2017. Benefits of MSE will be allowed only if seller is validated on-line in GeM profile as well as validated and approved by Buyer after evaluation of documents submitted. 6. Past Performance: The Bidder or its OEM {themselves or through re-seller(s)} should have supplied same or similar Category Products for 10% of bid quantity, in at least one of the last three Financial years before the bid opening date to any Central / State Govt Organization / PSU. Copies of relevant contracts (proving supply of cumulative order quantity in any one financial year) to be submitted along with bid in support of quantity supplied in the relevant Financial year. In case of bunch bids, the category related to primary product having highest bid value should meet this criterion. 7. Reverse Auction would be conducted amongst all the technically qualified bidders except the Highest quoting bidder. The technically qualified Highest Quoting bidder will not be allowed to participate in RA. However, H-1 will also be allowed to participate in RA in following cases: i. If number of technically qualified bidders are only 2 or 3. ii. If Buyer has chosen to split the bid amongst N sellers, and H1 bid is coming within N. iii. In case Primary product of only one OEM is left in contention for participation in RA on elimination of H-1. iv. If L-1 is non-MSE and H-1 is eligible MSE and H-1 price is coming within price band of 15% of Non-MSE L-1 v. If L-1 is non-MII and H-1 is eligible MII and H-1 price is coming within price band of 20% of Non-MII L-1 Active LED Datawall With Conference Solution ( 1 Unit ) ( 1 2 /Minimum 50% and 0% Local Content required for qualifying as Class 1 and Class 2 Local Supplier respectively) /Technical Specifications /Buyer Download Specification Document // /Consignees/Reporting Officer and Quantity // ..../S.N /Delivery o. /Consignee /Address /Quantity Days Reporting/Officer 1 *********** ***********BURDWAN 1 30 /Buyer Added Bid Specific Terms and Conditions 1. Generic OPTION CLAUSE: The Purchaser reserves the right to increase or decrease the quantity to be ordered up to 25 percent of bid quantity at the time of placement of contract. The purchaser also reserves the right to increase the ordered quantity up to 25% of the contracted quantity during the currency of the contract at the contracted rates. The delivery period of quantity shall commence from the last date of original delivery order and in cases where option clause is exercised during the extended delivery period the additional time shall commence from the last date of extended delivery period. The additional delivery time shall be (Increased quantity ÷ Original quantity) × Original delivery period (in days), subject to minimum of 30 days. If the original delivery period is less than 30 days, the additional time equals the original delivery period. The Purchaser may extend this calculated delivery duration up to the original 5 / 8\n\ndelivery period while exercising the option clause. Bidders must comply with these terms. 2. Buyer Added Bid Specific ATC Buyer Added text based ATC clauses 1. Bidder needs to submit the bid specific Letter of Authorization (MAF) from respective OEM for major components of the solution (Datawall, Digital Po dium, PTZ Camera, Microphone, Speaker, Amplifier, DSP.) Authorizing the bidder to participate. 2. Bidder should have back to back tie up with OEM's to provide Hardware & Software support. The bidder needs to produce letter from respective OE M in this respect for major components of the solution (Datawall, Digital P odium, PTZ Camera, Microphone, Speaker, Amplifier, DSP.) 3. The Manufacturer / Bidder should not be associated or have been associat ed in the past, directly or indirectly, with a firm or any of its affiliates whi ch have been engaged by the purchaser to provide consulting services for the preparation of the design, specification, and other documents to be us ed for the procurement of the goods to be purchased under this invitation of tenders. 4. Manufacturer / Bidders shall not be under any declaration of ineligibility fo r corrupt and fraudulent practices issued by any state Government / GOI / Union tertiary. The Manufacturer/Bidder should not be a defaulter of any F inancial institute or Bank and their assets should have never been put on auction for recovery of debts. 5. The Manufacturer / Bidder should be in the business in India for more than 3 years as on 01-10-2025. This should be supported by the certificate of r egistration issued under the companies act by a competent authority. 6. The Manufacturer / Bidder for Technical Evaluation should submit catalogu e, datasheet and other supporting document with complete technical det ails of the proposed solution. The respective features and specification sh ould be publicly available on website having videos/documents for verific ation. The bid evaluation committee if required may invite the bidders for live demonstration to verify the proposed specifications /features. Bids fail ing to fulfill technical evaluation and not able to showcase the features wil l be technically rejected 7. There should be no complaint against the Manufacturer/Bidder for poor pe rformance of the equipment supplied. 8. The Bidder should submit last year ITR. 9. The Bidder has to quote all the products as per the Tender. Partial Bids will be rejected. 10. Organization- is the final authority to judge the tender called items and h as every power - to accept or reject the same without assigning any reaso ns. 11. Vendor must provide Technical compliance bid offer as per the following format only, without any ambiguities. As same will be send to Technical C 6 / 8\n\nommittee for Technical scrutiny/evaluation. Partial /incomplete bid shall b e liable for rejection. 12. The bidder should give undertaking to provide after sale-service whenev er needed by the purchaser. 13. Payment will be done only after supply, installation, commissioning and t esting of the complete system. 14. Provide ink signed certificate accepting all Additional Terms and Conditio ns of the Bid with Bid number. 15. Seller must provide 3 years on site comprehensive warranty for the product. 16. Seller must share AMC details and coverage that can be offered after warranty period . 3. Buyer Added Bid Specific ATC Buyer uploaded ATC document Click here to view the file. /Disclaimer The additional terms and conditions have been incorporated by the Buyer after approval of the Competent Authority in Buyer Organization, whereby Buyer organization is solely responsible for the impact of these clauses on the bidding process, its outcome, and consequences thereof including any eccentricity / restriction arising in the bidding process due to these ATCs and due to modification of technical specifications and / or terms and conditions governing the bid. If any clause(s) is / are incorporated by the Buyer regarding following, the bid and resultant contracts shall be treated as null and void and such bids may be cancelled by GeM at any stage of bidding process without any notice:- 1. Definition of Class I and Class II suppliers in the bid not in line with the extant Order / Office Memorandum issued by DPIIT in this regard. 2. Seeking EMD submission from bidder(s), including via Additional Terms & Conditions, in contravention to exemption provided to such sellers under GeM GTC. 3. Publishing Custom / BOQ bids for items for which regular GeM categories are available without any Category item bunched with it. 4. Creating BoQ bid for single item. 5. Mentioning specific Brand or Make or Model or Manufacturer or Dealer name. 6. Mandating submission of documents in physical form as a pre-requisite to qualify bidders. 7. Floating / creation of work contracts as Custom Bids in Services. 8. Seeking sample with bid or approval of samples during bid evaluation process. (However, in bids for attached categories, trials are allowed as per approved procurement policy of the buyer nodal Ministries) 9. Mandating foreign / international certifications even in case of existence of Indian Standards without specifying equivalent Indian Certification / standards. 10. Seeking experience from specific organization / department / institute only or from foreign / export experience. 11. Creating bid for items from irrelevant categories. 12. Incorporating any clause against the MSME policy and Preference to Make in India Policy. 13. Reference of conditions published on any external site or reference to external documents/clauses. 14. Asking for any Tender fee / Bid Participation fee / Auction fee in case of Bids / Forward Auction, as the 7 / 8\n\ncase may be. 15. Buyer added ATC Clauses which are in contravention of clauses defined by buyer in system generated bid template as indicated above in the Bid Details section, EMD Detail, ePBG Detail and MII and MSE Purchase Preference sections of the bid, unless otherwise allowed by GeM GTC. 16. In a category based bid, adding additional items, through buyer added additional scope of work/ additional terms and conditions/or any other document. If buyer needs more items along with the main item, the same must be added through bunching category based items or by bunching custom catalogs or bunching a BoQ with the main category based item, the same must not be done through ATC or Scope of Work. Further, if any seller has any objection/grievance against these additional clauses or otherwise on any aspect of this bid, they can raise their representation against the same by using the Representation window provided in the bid details field in Seller dashboard after logging in as a seller within 4 days of bid publication on GeM. Buyer is duty bound to reply to all such representations and would not be allowed to open bids if he fails to reply to such representations. All GeM Sellers/Service Providers shall ensure full compliance with all applicable labour laws, including the provisions, rules, schemes and guidelines under the four Labour Codes i.e. the Code on Wages, 2019; the Industrial Relations Code, 2020; the Occupational Safety, Health and Working Conditions Code, 2020; and the Code on Social Security, 2020 as and when notified and brought into force by the Government of India. For all provisions of the Labour Codes that are pending operationalisation through rules, schemes or notifications, the corresponding provisions of the pre-existing labour enactments (such as The Minimum Wages Act, 1948, The Payment of Wages Act, 1936, The Payment of Bonus Act, 1965, The Equal Remuneration Act, 1976, The Payment of Gratuity Act, 1972, etc. and relevant State Rules) shall continue to remain applicable. The Seller/ Service Providers shall, therefore, be responsible for ensuring compliance under: All notified and enforceable provisions of the new Labour Codes as mentioned hereinabove; and All operative provisions of the erstwhile Labour Laws until their complete substitution. All obligations relating to wages, social security, safety, working conditions, industrial relations etc. and any other statutory requirements shall be strictly met by the Seller/ Service Provider. Any non- compliance shall constitute a breach of the contract and shall entitle the Buyer to take appropriate action in accordance with the contract and applicable law. /This Bid is also governed by the General Terms and Conditions 26 /In terms of GeM GTC clause 26 regarding Restrictions on procurement from a bidder of a country which shares a land border with India, any bidder from a country which shares a land border with India will be eligible to bid in this tender only if the bidder is registered with the Competent Authority. While participating in bid, Bidder has to undertake compliance of this and any false declaration and non-compliance of this would be a ground for immediate termination of the contract and further legal action in accordance with the laws. ---/Thank You--- 8 / 8"
}