{
  "source_file": "GEM_2025_B_6651080.pdf",
  "num_pages": 9,
  "pages": [
    {
      "page_number": 1,
      "used_ocr": false,
      "cleaned_text": "/Bid Number: GEM/2025/B/6651080 /Dated: 06-09-2025 / Bid Document //Bid Details // /Bid End Date/Time 27-09-2025 11:00:00 // /Bid Opening 27-09-2025 11:30:00 Date/Time (( ))/Bid Offer 180 (Days) Validity (From End Date) // /Ministry/State Name Ministry Of Defence /Department Name Department Of Military Affairs /Organisation Name Indian Army /Office Name *********** /Total Quantity 6 /Item Category Runway Sweeper GeMARPTS / Searched Runway Sweeper Strings used in GeMARPTS Manual Walk Behind Sweeper, Battery Operated Industrial Sweeper, Self Propelled Road Sweeper, platform brush, GeMARPTS / Searched Truck Mounted Road Sweeper, Trailer Mounted Road Result generated in GeMARPTS Sweeper, Brush for Road Sweeper Machine, Ride-On Sweepers / Relevant Truck Mounted Road Sweeper Categories selected for notification ((33 )) /Minimum Average Annual Turnover of the 200 Lakh (s) bidder (For 3 Years) (( 33 400 Lakh (s) ))/OEM Average Turnover (Last 3 Years) // /Years of Past Experience Required for 3 Year (s) same/similar service / MSE Exemption for Years Of Experience Yes | Complete and Turnover 1 / 9",
      "lines": [
        "/Bid Number: GEM/2025/B/6651080 /Dated: 06-09-2025 / Bid Document //Bid Details // /Bid End Date/Time 27-09-2025 11:00:00 // /Bid Opening 27-09-2025 11:30:00 Date/Time (( ))/Bid Offer 180 (Days) Validity (From End Date) // /Ministry/State Name Ministry Of Defence /Department Name Department Of Military Affairs /Organisation Name Indian Army /Office Name *********** /Total Quantity 6 /Item Category Runway Sweeper GeMARPTS / Searched Runway Sweeper Strings used in GeMARPTS Manual Walk Behind Sweeper, Battery Operated Industrial Sweeper, Self Propelled Road Sweeper, platform brush, GeMARPTS / Searched Truck Mounted Road Sweeper, Trailer Mounted Road Result generated in GeMARPTS Sweeper, Brush for Road Sweeper Machine, Ride-On Sweepers / Relevant Truck Mounted Road Sweeper Categories selected for notification ((33 )) /Minimum Average Annual Turnover of the 200 Lakh (s) bidder (For 3 Years) (( 33 400 Lakh (s) ))/OEM Average Turnover (Last 3 Years) // /Years of Past Experience Required for 3 Year (s) same/similar service / MSE Exemption for Years Of Experience Yes | Complete and Turnover 1 / 9"
      ],
      "tables": [
        [
          [
            "//Bid Details",
            ""
          ],
          [
            "// /Bid End Date/Time",
            "27-09-2025 11:00:00"
          ],
          [
            "// /Bid Opening Date/Time",
            "27-09-2025 11:30:00"
          ],
          [
            "(( ))/Bid Offer Validity (From End Date)",
            "180 (Days)"
          ],
          [
            "// /Ministry/State Name",
            "Ministry Of Defence"
          ],
          [
            "/Department Name",
            "Department Of Military Affairs"
          ],
          [
            "/Organisation Name",
            "Indian Army"
          ],
          [
            "/Office Name",
            "***********"
          ],
          [
            "/Total Quantity",
            "6"
          ],
          [
            "/Item Category",
            "Runway Sweeper"
          ],
          [
            "GeMARPTS / Searched Strings used in GeMARPTS",
            "Runway Sweeper"
          ],
          [
            "GeMARPTS / Searched Result generated in GeMARPTS",
            "Manual Walk Behind Sweeper, Battery Operated Industrial Sweeper, Self Propelled Road Sweeper, platform brush, Truck Mounted Road Sweeper, Trailer Mounted Road Sweeper, Brush for Road Sweeper Machine, Ride-On Sweepers"
          ],
          [
            "/ Relevant Categories selected for notification",
            "Truck Mounted Road Sweeper"
          ],
          [
            "((33 )) /Minimum Average Annual Turnover of the bidder (For 3 Years)",
            "200 Lakh (s)"
          ],
          [
            "(( 33 ))/OEM Average Turnover (Last 3 Years)",
            "400 Lakh (s)"
          ],
          [
            "// /Years of Past Experience Required for same/similar service",
            "3 Year (s)"
          ],
          [
            "/ MSE Exemption for Years Of Experience and Turnover",
            "Yes | Complete"
          ],
          [
            "",
            ""
          ]
        ]
      ]
    },
    {
      "page_number": 2,
      "used_ocr": false,
      "cleaned_text": "//Bid Details / Startup Exemption for Years Of Yes | Complete Experience and Turnover Experience Criteria,Past Performance,Bidder Turnover,Certificate (Requested in ATC),OEM Authorization Certificate,OEM Annual Turnover /Document required *In case any bidder is seeking exemption from Experience / from seller Turnover Criteria, the supporting documents to prove his eligibility for exemption must be uploaded for evaluation by the buyer No ?? /Do you want to show documents uploaded by bidders to all bidders participated in bid? -- / Minimum number of 1 bids required to disable automatic bid extension ,, -- // Number of days for which Bid 7 would be auto--extended /Past Performance 50 % /Bid to RA enabled Yes /RA Qualification Rule H1-Highest Priced Bid Elimination / Annual Yes Maintenance Charges Required /Type of Bid Two Packet Bid /Time allowed for Technical 2 Days Clarifications during technical evaluation ( / )/Inspection Required (By No Empanelled Inspection Authority / Agencies pre-registered with GeM) /Evaluation Method Total value wise evaluation /Arbitration Clause No /Mediation Clause No /EMD Detail /Advisory Bank State Bank of India 2 / 9",
      "lines": [
        "//Bid Details / Startup Exemption for Years Of Yes | Complete Experience and Turnover Experience Criteria,Past Performance,Bidder Turnover,Certificate (Requested in ATC),OEM Authorization Certificate,OEM Annual Turnover /Document required *In case any bidder is seeking exemption from Experience / from seller Turnover Criteria, the supporting documents to prove his eligibility for exemption must be uploaded for evaluation by the buyer No ?? /Do you want to show documents uploaded by bidders to all bidders participated in bid? -- / Minimum number of 1 bids required to disable automatic bid extension ,, -- // Number of days for which Bid 7 would be auto--extended /Past Performance 50 % /Bid to RA enabled Yes /RA Qualification Rule H1-Highest Priced Bid Elimination / Annual Yes Maintenance Charges Required /Type of Bid Two Packet Bid /Time allowed for Technical 2 Days Clarifications during technical evaluation ( / )/Inspection Required (By No Empanelled Inspection Authority / Agencies pre-registered with GeM) /Evaluation Method Total value wise evaluation /Arbitration Clause No /Mediation Clause No /EMD Detail /Advisory Bank State Bank of India 2 / 9"
      ],
      "tables": [
        [
          [
            "",
            ""
          ],
          [
            "//Bid Details",
            ""
          ],
          [
            "/ Startup Exemption for Years Of Experience and Turnover",
            "Yes | Complete"
          ],
          [
            "/Document required from seller",
            "Experience Criteria,Past Performance,Bidder Turnover,Certificate (Requested in ATC),OEM Authorization Certificate,OEM Annual Turnover *In case any bidder is seeking exemption from Experience / Turnover Criteria, the supporting documents to prove his eligibility for exemption must be uploaded for evaluation by the buyer"
          ],
          [
            "?? /Do you want to show documents uploaded by bidders to all bidders participated in bid?",
            "No"
          ],
          [
            "-- / Minimum number of bids required to disable automatic bid extension",
            "1"
          ],
          [
            ",, -- // Number of days for which Bid would be auto--extended",
            "7"
          ],
          [
            "/Past Performance",
            "50 %"
          ],
          [
            "/Bid to RA enabled",
            "Yes"
          ],
          [
            "/RA Qualification Rule",
            "H1-Highest Priced Bid Elimination"
          ],
          [
            "/ Annual Maintenance Charges Required",
            "Yes"
          ],
          [
            "/Type of Bid",
            "Two Packet Bid"
          ],
          [
            "/Time allowed for Technical Clarifications during technical evaluation",
            "2 Days"
          ],
          [
            "( / )/Inspection Required (By Empanelled Inspection Authority / Agencies pre-registered with GeM)",
            "No"
          ],
          [
            "/Evaluation Method",
            "Total value wise evaluation"
          ],
          [
            "/Arbitration Clause",
            "No"
          ],
          [
            "/Mediation Clause",
            "No"
          ]
        ],
        [
          [
            "/Advisory Bank",
            "State Bank of India"
          ],
          [
            "",
            ""
          ]
        ]
      ]
    },
    {
      "page_number": 3,
      "used_ocr": false,
      "cleaned_text": "/EMD Amount 3000000 /ePBG Detail /Advisory Bank State Bank of India (%)/ePBG Percentage(%) 5.00 () /Duration of ePBG 26 required (Months). (a). /EMD EXEMPTION: The bidder seeking EMD exemption, must submit the valid supporting document for the relevant category as per GeM GTC with the bid. Under MSE category, only manufacturers for goods and Service Providers for Services are eligible for exemption from EMD. Traders are excluded from the purview of this Policy. (b). , , / EMD & Performance securityshould be in favour of Beneficiary, wherever it is applicable. /Beneficiary : Proj Offr 661 Army Avn Sqn (R&O) on behalf of HQ Western Command GS (Proc) Branch, Department of Military Affairs, Indian Army, Ministry of Defence (Suhanth B) /Splitting / Bid splitting not applied. /MII Purchase Preference /MII Purchase Preference Yes /MSE Purchase Preference /MSE Purchase Preference Yes 1. If the bidder is a Micro or Small Enterprise as per latest orders issued by Ministry of MSME, the bidder shall be exempted from the eligibility criteria of \"Experience Criteria\" as defined above subject to meeting of quality and technical specifications. The bidder seeking exemption from Experience Criteria, shall upload the supporting documents to prove his eligibility for exemption. 2. If the bidder is a Micro or Small Enterprise (MSE) as per latest orders issued by Ministry of MSME, the bidder shall be exempted from the eligibility criteria of \"Bidder Turnover\" as defined above subject to meeting of quality and technical specifications. If the bidder itself is MSE OEM of the offered products, it would be exempted from the \"OEM Average Turnover\" criteria also subject to meeting of quality and technical specifications. The bidder seeking exemption from Turnover, shall upload the supporting documents to prove his eligibility for exemption. 3 / 9",
      "lines": [
        "/EMD Amount 3000000 /ePBG Detail /Advisory Bank State Bank of India (%)/ePBG Percentage(%) 5.00 () /Duration of ePBG 26 required (Months). (a). /EMD EXEMPTION: The bidder seeking EMD exemption, must submit the valid supporting document for the relevant category as per GeM GTC with the bid. Under MSE category, only manufacturers for goods and Service Providers for Services are eligible for exemption from EMD. Traders are excluded from the purview of this Policy. (b). , , / EMD & Performance securityshould be in favour of Beneficiary, wherever it is applicable. /Beneficiary : Proj Offr 661 Army Avn Sqn (R&O) on behalf of HQ Western Command GS (Proc) Branch, Department of Military Affairs, Indian Army, Ministry of Defence (Suhanth B) /Splitting / Bid splitting not applied. /MII Purchase Preference /MII Purchase Preference Yes /MSE Purchase Preference /MSE Purchase Preference Yes 1. If the bidder is a Micro or Small Enterprise as per latest orders issued by Ministry of MSME, the bidder shall be exempted from the eligibility criteria of \"Experience Criteria\" as defined above subject to meeting of quality and technical specifications. The bidder seeking exemption from Experience Criteria, shall upload the supporting documents to prove his eligibility for exemption. 2. If the bidder is a Micro or Small Enterprise (MSE) as per latest orders issued by Ministry of MSME, the bidder shall be exempted from the eligibility criteria of \"Bidder Turnover\" as defined above subject to meeting of quality and technical specifications. If the bidder itself is MSE OEM of the offered products, it would be exempted from the \"OEM Average Turnover\" criteria also subject to meeting of quality and technical specifications. The bidder seeking exemption from Turnover, shall upload the supporting documents to prove his eligibility for exemption. 3 / 9"
      ],
      "tables": [
        [
          [
            "",
            ""
          ],
          [
            "/EMD Amount",
            "3000000"
          ]
        ],
        [
          [
            "/Advisory Bank",
            "State Bank of India"
          ],
          [
            "(%)/ePBG Percentage(%)",
            "5.00"
          ],
          [
            "() /Duration of ePBG required (Months).",
            "26"
          ]
        ],
        [
          [
            "/MII Purchase Preference",
            "Yes"
          ]
        ],
        [
          [
            "/MSE Purchase Preference",
            "Yes"
          ]
        ]
      ]
    },
    {
      "page_number": 4,
      "used_ocr": false,
      "cleaned_text": "3. If the bidder is a DPIIT registered Startup, the bidder shall be exempted from the the eligibility criteria of \"Experience Criteria\" as defined above subject to their meeting of quality and technical specifications. The bidder seeking exemption from Experience Criteria, shall upload the supporting documents to prove his eligibility for exemption. 4. If the bidder is a DPIIT registered Startup, the bidder shall be exempted from the the eligibility criteria of \"Bidder Turnover\" as defined above subject to their meeting of quality and technical specifications. If the bidder is DPIIT Registered OEM of the offered products, it would be exempted from the \"OEM Average Turnover\" criteria also subject to meeting of quality and technical specifications. The bidder seeking exemption from Turnover shall upload the supporting documents to prove his eligibility for exemption. 5. The minimum average annual financial turnover of the bidder during the last three years, ending on 31st March of the previous financial year, should be as indicated above in the bid document. Documentary evidence in the form of certified Audited Balance Sheets of relevant periods or a certificate from the Chartered Accountant / Cost Accountant indicating the turnover details for the relevant period shall be uploaded with the bid. In case the date of constitution / incorporation of the bidder is less than 3-year-old, the average turnover in respect of the completed financial years after the date of constitution shall be taken into account for this criteria. 6. Experience Criteria: In respect of the filter applied for experience criteria, the Bidder or its OEM of the product offered in the bid {themselves or through reseller(s)} should have regularly, manufactured and supplied same or similar Category Products to any Central / State Govt Organization / PSU for number of Financial years as indicated above in the bid document before the bid opening date. Copies of relevant contracts and delivery acceptance certificates like CRAC to be submitted along with bid in support of having supplied some quantity during each of the Financial year. In case of bunch bids, the category of primary product having highest value should meet this criterion. 7. OEM Turn Over Criteria: The minimum average annual financial turnover of the OEM of the offered product during the last three years, ending on 31st March of the previous financial year, should be as indicated in the bid document. Documentary evidence in the form of certified Audited Balance Sheets of relevant periods or a certificate from the Chartered Accountant / Cost Accountant indicating the turnover details for the relevant period shall be uploaded with the bid. In case the date of constitution / incorporation of the OEM is less than 3 year old, the average turnover in respect of the completed financial years after the date of constitution shall be taken into account for this criteria. 8. Preference to Make In India products (For bids < 200 Crore):Preference shall be given to Class 1 local supplier as defined in public procurement (Preference to Make in India), Order 2017 as amended from time to time and its subsequent Orders/Notifications issued by concerned Nodal Ministry for specific Goods/Products. The minimum local content to qualify as a Class 1 local supplier is denoted in the bid document. If the bidder wants to avail the Purchase preference, the bidder must upload a certificate from the OEM regarding the percentage of the local content and the details of locations at which the local value addition is made along with their bid, failing which no purchase preference shall be granted. In case the bid value is more than Rs 10 Crore, the declaration relating to percentage of local content shall be certified by the statutory auditor or cost auditor, if the OEM is a company and by a practicing cost accountant or a chartered accountant for OEMs other than companies as per the Public Procurement (preference to Make-in -India) order 2017 dated 04.06.2020. Only Class-I and Class-II Local suppliers as per MII order dated 4.6.2020 will be eligible to bid. Non - Local suppliers as per MII order dated 04.06.2020 are not eligible to participate. However, eligible micro and small enterprises will be allowed to participate .The buyers are advised to refer the OM No.F.1/4/2021-PPD dated 18.05.2023. OM_No.1_4_2021_PPD_dated_18.05.2023 for compliance of Concurrent application of Public Procurement Policy for Micro and Small Enterprises Order, 2012 and Public Procurement (Preference to Make in India) Order, 2017. 9. Purchase preference will be given to MSEs having valid Udyam Registration and whose credentials are validated online through Udyam Registration portal as defined in Public Procurement Policy for Micro and Small Enterprises (MSEs) Order, 2012 dated 23.03.2012 issued by Ministry of Micro, Small and Medium Enterprises and its subsequent Orders/Notifications issued by concerned Ministry. If the bidder wants to avail themselves of the Purchase preference, the bidder must be the manufacturer / OEM of the offered product on GeM. Traders are excluded from the purview of Public Procurement Policy for Micro and Small Enterprises and hence resellers offering products manufactured by some other OEM are not eligible for any purchase preference. In respect of bid for Services, the bidder must be the Service provider of the offered Service. Relevant documentary evidence in this regard shall be uploaded along with the bid in respect of the offered product or service and Buyer will decide eligibility for purchase preference based on documentary evidence submitted, while evaluating the bid. If L-1 is not an MSE and MSE Seller (s) has / have quoted price within L-1+ 15% (Selected by Buyer) of margin of purchase preference /price band defined in relevant policy, such MSE Seller shall be given opportunity to match L-1 price and contract will be awarded for 25% (selected by Buyer) percentage of total quantity. The buyers are advised to refer the OM No. F.1/4/2021-PPD dated 18.05.2023 OM_No.1_4_2021_PPD_dated_18.05.2023 for compliance of Concurrent application of Public Procurement Policy for Micro and Small Enterprises Order, 2012 and Public Procurement (Preference to Make in India) Order, 2017. Benefits of MSE will be allowed only if seller is validated on-line in GeM profile as well as validated and approved by Buyer after evaluation of documents submitted. 10. Estimated Bid Value indicated above is being declared solely for the purpose of guidance on EMD amount and 4 / 9",
      "lines": [
        "3. If the bidder is a DPIIT registered Startup, the bidder shall be exempted from the the eligibility criteria of \"Experience Criteria\" as defined above subject to their meeting of quality and technical specifications. The bidder seeking exemption from Experience Criteria, shall upload the supporting documents to prove his eligibility for exemption. 4. If the bidder is a DPIIT registered Startup, the bidder shall be exempted from the the eligibility criteria of \"Bidder Turnover\" as defined above subject to their meeting of quality and technical specifications. If the bidder is DPIIT Registered OEM of the offered products, it would be exempted from the \"OEM Average Turnover\" criteria also subject to meeting of quality and technical specifications. The bidder seeking exemption from Turnover shall upload the supporting documents to prove his eligibility for exemption. 5. The minimum average annual financial turnover of the bidder during the last three years, ending on 31st March of the previous financial year, should be as indicated above in the bid document. Documentary evidence in the form of certified Audited Balance Sheets of relevant periods or a certificate from the Chartered Accountant / Cost Accountant indicating the turnover details for the relevant period shall be uploaded with the bid. In case the date of constitution / incorporation of the bidder is less than 3-year-old, the average turnover in respect of the completed financial years after the date of constitution shall be taken into account for this criteria. 6. Experience Criteria: In respect of the filter applied for experience criteria, the Bidder or its OEM of the product offered in the bid {themselves or through reseller(s)} should have regularly, manufactured and supplied same or similar Category Products to any Central / State Govt Organization / PSU for number of Financial years as indicated above in the bid document before the bid opening date. Copies of relevant contracts and delivery acceptance certificates like CRAC to be submitted along with bid in support of having supplied some quantity during each of the Financial year. In case of bunch bids, the category of primary product having highest value should meet this criterion. 7. OEM Turn Over Criteria: The minimum average annual financial turnover of the OEM of the offered product during the last three years, ending on 31st March of the previous financial year, should be as indicated in the bid document. Documentary evidence in the form of certified Audited Balance Sheets of relevant periods or a certificate from the Chartered Accountant / Cost Accountant indicating the turnover details for the relevant period shall be uploaded with the bid. In case the date of constitution / incorporation of the OEM is less than 3 year old, the average turnover in respect of the completed financial years after the date of constitution shall be taken into account for this criteria. 8. Preference to Make In India products (For bids < 200 Crore):Preference shall be given to Class 1 local supplier as defined in public procurement (Preference to Make in India), Order 2017 as amended from time to time and its subsequent Orders/Notifications issued by concerned Nodal Ministry for specific Goods/Products. The minimum local content to qualify as a Class 1 local supplier is denoted in the bid document. If the bidder wants to avail the Purchase preference, the bidder must upload a certificate from the OEM regarding the percentage of the local content and the details of locations at which the local value addition is made along with their bid, failing which no purchase preference shall be granted. In case the bid value is more than Rs 10 Crore, the declaration relating to percentage of local content shall be certified by the statutory auditor or cost auditor, if the OEM is a company and by a practicing cost accountant or a chartered accountant for OEMs other than companies as per the Public Procurement (preference to Make-in -India) order 2017 dated 04.06.2020. Only Class-I and Class-II Local suppliers as per MII order dated 4.6.2020 will be eligible to bid. Non - Local suppliers as per MII order dated 04.06.2020 are not eligible to participate. However, eligible micro and small enterprises will be allowed to participate .The buyers are advised to refer the OM No.F.1/4/2021-PPD dated 18.05.2023. OM_No.1_4_2021_PPD_dated_18.05.2023 for compliance of Concurrent application of Public Procurement Policy for Micro and Small Enterprises Order, 2012 and Public Procurement (Preference to Make in India) Order, 2017. 9. Purchase preference will be given to MSEs having valid Udyam Registration and whose credentials are validated online through Udyam Registration portal as defined in Public Procurement Policy for Micro and Small Enterprises (MSEs) Order, 2012 dated 23.03.2012 issued by Ministry of Micro, Small and Medium Enterprises and its subsequent Orders/Notifications issued by concerned Ministry. If the bidder wants to avail themselves of the Purchase preference, the bidder must be the manufacturer / OEM of the offered product on GeM. Traders are excluded from the purview of Public Procurement Policy for Micro and Small Enterprises and hence resellers offering products manufactured by some other OEM are not eligible for any purchase preference. In respect of bid for Services, the bidder must be the Service provider of the offered Service. Relevant documentary evidence in this regard shall be uploaded along with the bid in respect of the offered product or service and Buyer will decide eligibility for purchase preference based on documentary evidence submitted, while evaluating the bid. If L-1 is not an MSE and MSE Seller (s) has / have quoted price within L-1+ 15% (Selected by Buyer) of margin of purchase preference /price band defined in relevant policy, such MSE Seller shall be given opportunity to match L-1 price and contract will be awarded for 25% (selected by Buyer) percentage of total quantity. The buyers are advised to refer the OM No. F.1/4/2021-PPD dated 18.05.2023 OM_No.1_4_2021_PPD_dated_18.05.2023 for compliance of Concurrent application of Public Procurement Policy for Micro and Small Enterprises Order, 2012 and Public Procurement (Preference to Make in India) Order, 2017. Benefits of MSE will be allowed only if seller is validated on-line in GeM profile as well as validated and approved by Buyer after evaluation of documents submitted. 10. Estimated Bid Value indicated above is being declared solely for the purpose of guidance on EMD amount and 4 / 9"
      ],
      "tables": []
    },
    {
      "page_number": 5,
      "used_ocr": false,
      "cleaned_text": "for determining the Eligibility Criteria related to Turn Over, Past Performance and Project / Past Experience etc. This has no relevance or bearing on the price to be quoted by the bidders and is also not going to have any impact on bid participation. Also this is not going to be used as a criteria in determining reasonableness of quoted prices which would be determined by the buyer based on its own assessment of reasonableness and based on competitive prices received in Bid / RA process. 11. Past Performance: The Bidder or its OEM {themselves or through re-seller(s)} should have supplied same or similar Category Products for 50% of bid quantity, in at least one of the last three Financial years before the bid opening date to any Central / State Govt Organization / PSU. Copies of relevant contracts (proving supply of cumulative order quantity in any one financial year) to be submitted along with bid in support of quantity supplied in the relevant Financial year. In case of bunch bids, the category related to primary product having highest bid value should meet this criterion. 12. Reverse Auction would be conducted amongst all the technically qualified bidders except the Highest quoting bidder. The technically qualified Highest Quoting bidder will not be allowed to participate in RA. However, H-1 will also be allowed to participate in RA in following cases: i. If number of technically qualified bidders are only 2 or 3. ii. If Buyer has chosen to split the bid amongst N sellers, and H1 bid is coming within N. iii. In case Primary product of only one OEM is left in contention for participation in RA on elimination of H-1. iv. If L-1 is non-MSE and H-1 is eligible MSE and H-1 price is coming within price band of 15% of Non-MSE L-1 v. If L-1 is non-MII and H-1 is eligible MII and H-1 price is coming within price band of 20% of Non-MII L-1 Runway Sweeper ( 6 pieces ) ( 1 2 /Minimum 50% and 20% Local Content required for qualifying as Class 1 and Class 2 Local Supplier respectively) /Technical Specifications /Buyer Download Specification Document Annual Maintenance Warranty of required product 2 Year Annual Maintenance Charges Duration (Post 3 Year Warranty) Annual Maintenance Charges Frequenecy Annually *Warranty displayed under the AMC/CMC Details section will supersede the warranty displayed under the catalog specfication // /Consignees/Reporting Officer and Quantity // ..../S.N /Delivery o. /Consignee /Address /Quantity Days Reporting/Officer 1 *********** ***********Jalandhar 6 120 5 / 9",
      "lines": [
        "for determining the Eligibility Criteria related to Turn Over, Past Performance and Project / Past Experience etc. This has no relevance or bearing on the price to be quoted by the bidders and is also not going to have any impact on bid participation. Also this is not going to be used as a criteria in determining reasonableness of quoted prices which would be determined by the buyer based on its own assessment of reasonableness and based on competitive prices received in Bid / RA process. 11. Past Performance: The Bidder or its OEM {themselves or through re-seller(s)} should have supplied same or similar Category Products for 50% of bid quantity, in at least one of the last three Financial years before the bid opening date to any Central / State Govt Organization / PSU. Copies of relevant contracts (proving supply of cumulative order quantity in any one financial year) to be submitted along with bid in support of quantity supplied in the relevant Financial year. In case of bunch bids, the category related to primary product having highest bid value should meet this criterion. 12. Reverse Auction would be conducted amongst all the technically qualified bidders except the Highest quoting bidder. The technically qualified Highest Quoting bidder will not be allowed to participate in RA. However, H-1 will also be allowed to participate in RA in following cases: i. If number of technically qualified bidders are only 2 or 3. ii. If Buyer has chosen to split the bid amongst N sellers, and H1 bid is coming within N. iii. In case Primary product of only one OEM is left in contention for participation in RA on elimination of H-1. iv. If L-1 is non-MSE and H-1 is eligible MSE and H-1 price is coming within price band of 15% of Non-MSE L-1 v. If L-1 is non-MII and H-1 is eligible MII and H-1 price is coming within price band of 20% of Non-MII L-1 Runway Sweeper ( 6 pieces ) ( 1 2 /Minimum 50% and 20% Local Content required for qualifying as Class 1 and Class 2 Local Supplier respectively) /Technical Specifications /Buyer Download Specification Document Annual Maintenance Warranty of required product 2 Year Annual Maintenance Charges Duration (Post 3 Year Warranty) Annual Maintenance Charges Frequenecy Annually *Warranty displayed under the AMC/CMC Details section will supersede the warranty displayed under the catalog specfication // /Consignees/Reporting Officer and Quantity // ..../S.N /Delivery o. /Consignee /Address /Quantity Days Reporting/Officer 1 *********** ***********Jalandhar 6 120 5 / 9"
      ],
      "tables": [
        [
          [
            "/Buyer Specification Document",
            "Download"
          ]
        ],
        [
          [
            "Annual Maintenance",
            ""
          ],
          [
            "Warranty of required product",
            "2 Year"
          ],
          [
            "Annual Maintenance Charges Duration (Post Warranty)",
            "3 Year"
          ],
          [
            "Annual Maintenance Charges Frequenecy",
            "Annually"
          ]
        ],
        [
          [
            "..../S.N o.",
            "// /Consignee Reporting/Officer",
            "/Address",
            "/Quantity",
            "/Delivery Days"
          ],
          [
            "1",
            "***********",
            "***********Jalandhar",
            "6",
            "120"
          ]
        ]
      ]
    },
    {
      "page_number": 6,
      "used_ocr": false,
      "cleaned_text": "/Buyer Added Bid Specific Terms and Conditions 1. Generic Bidder shall submit the following documents along with their bid for Vendor Code Creation: a. Copy of PAN Card. b. Copy of GSTIN. c. Copy of Cancelled Cheque. d. Copy of EFT Mandate duly certified by Bank. 2. Generic OPTION CLAUSE: The Purchaser reserves the right to increase or decrease the quantity to be ordered up to 50 percent of bid quantity at the time of placement of contract. The purchaser also reserves the right to increase the ordered quantity up to 50% of the contracted quantity during the currency of the contract at the contracted rates. The delivery period of quantity shall commence from the last date of original delivery order and in cases where option clause is exercised during the extended delivery period the additional time shall commence from the last date of extended delivery period. The additional delivery time shall be (Increased quantity ÷ Original quantity) × Original delivery period (in days), subject to minimum of 30 days. If the original delivery period is less than 30 days, the additional time equals the original delivery period. The Purchaser may extend this calculated delivery duration up to the original delivery period while exercising the option clause. Bidders must comply with these terms. 3. Generic Installation, Commissioning, Testing, Configuration, Training (if any - which ever is applicable as per scope of supply) is to be carried out by OEM / OEM Certified resource or OEM authorised Reseller. 4. Generic Scope of supply includes Training: Number of employees to be trained 40 , Place for Training Jalandhar Cantonment and Duration of training 05 days. 5. Generic Shelf Life: The Product/Spare parts to be supplied as part of the services must have minimum 6 Shelf Life. On the date of supply, minimum From date of Acceptance usable shelf life should be available / balance. 6. Scope of Supply Scope of supply (Bid price to include all cost components) : Supply Installation Testing Commissioning of Goods and Training of operators and providing Statutory Clearances required (if any) 7. Service & Support Dedicated /toll Free Telephone No. for Service Support : BIDDER/OEM must have Dedicated/toll Free Telephone No. for Service Support. 8. Service & Support 6 / 9",
      "lines": [
        "/Buyer Added Bid Specific Terms and Conditions 1. Generic Bidder shall submit the following documents along with their bid for Vendor Code Creation: a. Copy of PAN Card. b. Copy of GSTIN. c. Copy of Cancelled Cheque. d. Copy of EFT Mandate duly certified by Bank. 2. Generic OPTION CLAUSE: The Purchaser reserves the right to increase or decrease the quantity to be ordered up to 50 percent of bid quantity at the time of placement of contract. The purchaser also reserves the right to increase the ordered quantity up to 50% of the contracted quantity during the currency of the contract at the contracted rates. The delivery period of quantity shall commence from the last date of original delivery order and in cases where option clause is exercised during the extended delivery period the additional time shall commence from the last date of extended delivery period. The additional delivery time shall be (Increased quantity ÷ Original quantity) × Original delivery period (in days), subject to minimum of 30 days. If the original delivery period is less than 30 days, the additional time equals the original delivery period. The Purchaser may extend this calculated delivery duration up to the original delivery period while exercising the option clause. Bidders must comply with these terms. 3. Generic Installation, Commissioning, Testing, Configuration, Training (if any - which ever is applicable as per scope of supply) is to be carried out by OEM / OEM Certified resource or OEM authorised Reseller. 4. Generic Scope of supply includes Training: Number of employees to be trained 40 , Place for Training Jalandhar Cantonment and Duration of training 05 days. 5. Generic Shelf Life: The Product/Spare parts to be supplied as part of the services must have minimum 6 Shelf Life. On the date of supply, minimum From date of Acceptance usable shelf life should be available / balance. 6. Scope of Supply Scope of supply (Bid price to include all cost components) : Supply Installation Testing Commissioning of Goods and Training of operators and providing Statutory Clearances required (if any) 7. Service & Support Dedicated /toll Free Telephone No. for Service Support : BIDDER/OEM must have Dedicated/toll Free Telephone No. for Service Support. 8. Service & Support 6 / 9"
      ],
      "tables": []
    },
    {
      "page_number": 7,
      "used_ocr": false,
      "cleaned_text": "Escalation Matrix For Service Support : Bidder/OEM must provide Escalation Matrix of Telephone Numbers for Service Support. 9. Certificates ISO 9001: The bidder or the OEM of the offered products must have ISO 9001 certification. 10. Certificates Bidder's offer is liable to be rejected if they don't upload any of the certificates / documents sought in the Bid document, ATC and Corrigendum if any. 11. Buyer Added Bid Specific ATC Buyer Added text based ATC clauses ​Required Document:- 1. Certificate for components of Non-Chinese origin to be provided by bidder. 2. Technical Specification/WCOR compliance to be submit by the bidder with TEC documents. . 12. Buyer Added Bid Specific ATC Buyer uploaded ATC document Click here to view the file. 13. Warranty Warranty period of the supplied products shall be 2 years from the date of final acceptance of goods or after completion of installation, commissioning & testing of goods (if included in the scope of supply), at consignee location. OEM Warranty certificates must be submitted by Successful Bidder at the time of delivery of Goods. The seller should guarantee the rectification of goods in case of any break down during the guarantee period. Seller should have well established Installation, Commissioning, Training, Troubleshooting and Maintenance Service group in INDIA for attending the after sales service. Details of Service Centres near consignee destinations are to be uploaded along with the bid. /Disclaimer The additional terms and conditions have been incorporated by the Buyer after approval of the Competent Authority in Buyer Organization, whereby Buyer organization is solely responsible for the impact of these clauses on the bidding process, its outcome, and consequences thereof including any eccentricity / restriction arising in the bidding process due to these ATCs and due to modification of technical specifications and / or terms and conditions governing the bid. If any clause(s) is / are incorporated by the Buyer regarding following, the bid and resultant contracts shall be treated as null and void and such bids may be cancelled by GeM at any stage of bidding process without any notice:- 1. Definition of Class I and Class II suppliers in the bid not in line with the extant Order / Office Memorandum issued by DPIIT in this regard. 2. Seeking EMD submission from bidder(s), including via Additional Terms & Conditions, in contravention to exemption provided to such sellers under GeM GTC. 3. Publishing Custom / BOQ bids for items for which regular GeM categories are available without any Category item bunched with it. 4. Creating BoQ bid for single item. 5. Mentioning specific Brand or Make or Model or Manufacturer or Dealer name. 7 / 9",
      "lines": [
        "Escalation Matrix For Service Support : Bidder/OEM must provide Escalation Matrix of Telephone Numbers for Service Support. 9. Certificates ISO 9001: The bidder or the OEM of the offered products must have ISO 9001 certification. 10. Certificates Bidder's offer is liable to be rejected if they don't upload any of the certificates / documents sought in the Bid document, ATC and Corrigendum if any. 11. Buyer Added Bid Specific ATC Buyer Added text based ATC clauses ​Required Document:- 1. Certificate for components of Non-Chinese origin to be provided by bidder. 2. Technical Specification/WCOR compliance to be submit by the bidder with TEC documents. . 12. Buyer Added Bid Specific ATC Buyer uploaded ATC document Click here to view the file. 13. Warranty Warranty period of the supplied products shall be 2 years from the date of final acceptance of goods or after completion of installation, commissioning & testing of goods (if included in the scope of supply), at consignee location. OEM Warranty certificates must be submitted by Successful Bidder at the time of delivery of Goods. The seller should guarantee the rectification of goods in case of any break down during the guarantee period. Seller should have well established Installation, Commissioning, Training, Troubleshooting and Maintenance Service group in INDIA for attending the after sales service. Details of Service Centres near consignee destinations are to be uploaded along with the bid. /Disclaimer The additional terms and conditions have been incorporated by the Buyer after approval of the Competent Authority in Buyer Organization, whereby Buyer organization is solely responsible for the impact of these clauses on the bidding process, its outcome, and consequences thereof including any eccentricity / restriction arising in the bidding process due to these ATCs and due to modification of technical specifications and / or terms and conditions governing the bid. If any clause(s) is / are incorporated by the Buyer regarding following, the bid and resultant contracts shall be treated as null and void and such bids may be cancelled by GeM at any stage of bidding process without any notice:- 1. Definition of Class I and Class II suppliers in the bid not in line with the extant Order / Office Memorandum issued by DPIIT in this regard. 2. Seeking EMD submission from bidder(s), including via Additional Terms & Conditions, in contravention to exemption provided to such sellers under GeM GTC. 3. Publishing Custom / BOQ bids for items for which regular GeM categories are available without any Category item bunched with it. 4. Creating BoQ bid for single item. 5. Mentioning specific Brand or Make or Model or Manufacturer or Dealer name. 7 / 9"
      ],
      "tables": []
    },
    {
      "page_number": 8,
      "used_ocr": false,
      "cleaned_text": "6. Mandating submission of documents in physical form as a pre-requisite to qualify bidders. 7. Floating / creation of work contracts as Custom Bids in Services. 8. Seeking sample with bid or approval of samples during bid evaluation process. (However, in bids for attached categories, trials are allowed as per approved procurement policy of the buyer nodal Ministries) 9. Mandating foreign / international certifications even in case of existence of Indian Standards without specifying equivalent Indian Certification / standards. 10. Seeking experience from specific organization / department / institute only or from foreign / export experience. 11. Creating bid for items from irrelevant categories. 12. Incorporating any clause against the MSME policy and Preference to Make in India Policy. 13. Reference of conditions published on any external site or reference to external documents/clauses. 14. Asking for any Tender fee / Bid Participation fee / Auction fee in case of Bids / Forward Auction, as the case may be. 15. Buyer added ATC Clauses which are in contravention of clauses defined by buyer in system generated bid template as indicated above in the Bid Details section, EMD Detail, ePBG Detail and MII and MSE Purchase Preference sections of the bid, unless otherwise allowed by GeM GTC. 16. In a category based bid, adding additional items, through buyer added additional scope of work/ additional terms and conditions/or any other document. If buyer needs more items along with the main item, the same must be added through bunching category based items or by bunching custom catalogs or bunching a BoQ with the main category based item, the same must not be done through ATC or Scope of Work. Further, if any seller has any objection/grievance against these additional clauses or otherwise on any aspect of this bid, they can raise their representation against the same by using the Representation window provided in the bid details field in Seller dashboard after logging in as a seller within 4 days of bid publication on GeM. Buyer is duty bound to reply to all such representations and would not be allowed to open bids if he fails to reply to such representations. Additional Clause For Annual Maintenance Charges 1.AMC charges to be indicated as percentage of cost of Product/Equipment quoted for each year after the warranty period. 2. GST shall be included in the AMC Charges quoted. 3. The AMC functionality shall be available in bid only and no direct RA shall be applicable. In case of bid to RA decrement rules shall be applicable on total price inclusive of AMC charges. 3.1 Buyer shall indicate number of years of warranty by selecting option of 1- 10 Years available in the field depending on warranty parameter applicable in category parameters for the equipment. The Seller while participating in Bid/RA will get fields to indicate AMC charges as percentage depending on number of years of AMC selected by Buyer. The following shall be applicable If 5 year AMC selected. 3.1.1 AMC charges for first year after warranty period – Percentage to be indicated- A1. 3.1.2 AMC charges for second year after warranty period – Percentage to be indicated A2. 3.1.3 AMC charges for third year after warranty period – Percentage to be indicated A3. 3.1.4 AMC charges for fourth year after warranty period – Percentage to be indicated A4. 3.1.5 AMC charges for 5th year after warranty period – Percentage to be indicated A5. 3.2 The calculation of AMC Charges shall take in to account of number of years of warranty and duration of AMC as specified while creating bid. 3.3 AMC charges to be indicated for each subsequent year should be same or higher than preceding year. 3.4 The AMC charges shall be offered within range of 3 to 25% of cost of equipment. 4.Since AMC charges are to be paid only later for each year during AMC period , applicable performance guarantee amount after placement of contract shall be based on the cost of product/equipment and not on basis of cost of equipment along with AMC Charges. 8 / 9",
      "lines": [
        "6. Mandating submission of documents in physical form as a pre-requisite to qualify bidders. 7. Floating / creation of work contracts as Custom Bids in Services. 8. Seeking sample with bid or approval of samples during bid evaluation process. (However, in bids for attached categories, trials are allowed as per approved procurement policy of the buyer nodal Ministries) 9. Mandating foreign / international certifications even in case of existence of Indian Standards without specifying equivalent Indian Certification / standards. 10. Seeking experience from specific organization / department / institute only or from foreign / export experience. 11. Creating bid for items from irrelevant categories. 12. Incorporating any clause against the MSME policy and Preference to Make in India Policy. 13. Reference of conditions published on any external site or reference to external documents/clauses. 14. Asking for any Tender fee / Bid Participation fee / Auction fee in case of Bids / Forward Auction, as the case may be. 15. Buyer added ATC Clauses which are in contravention of clauses defined by buyer in system generated bid template as indicated above in the Bid Details section, EMD Detail, ePBG Detail and MII and MSE Purchase Preference sections of the bid, unless otherwise allowed by GeM GTC. 16. In a category based bid, adding additional items, through buyer added additional scope of work/ additional terms and conditions/or any other document. If buyer needs more items along with the main item, the same must be added through bunching category based items or by bunching custom catalogs or bunching a BoQ with the main category based item, the same must not be done through ATC or Scope of Work. Further, if any seller has any objection/grievance against these additional clauses or otherwise on any aspect of this bid, they can raise their representation against the same by using the Representation window provided in the bid details field in Seller dashboard after logging in as a seller within 4 days of bid publication on GeM. Buyer is duty bound to reply to all such representations and would not be allowed to open bids if he fails to reply to such representations. Additional Clause For Annual Maintenance Charges 1.AMC charges to be indicated as percentage of cost of Product/Equipment quoted for each year after the warranty period. 2. GST shall be included in the AMC Charges quoted. 3. The AMC functionality shall be available in bid only and no direct RA shall be applicable. In case of bid to RA decrement rules shall be applicable on total price inclusive of AMC charges. 3.1 Buyer shall indicate number of years of warranty by selecting option of 1- 10 Years available in the field depending on warranty parameter applicable in category parameters for the equipment. The Seller while participating in Bid/RA will get fields to indicate AMC charges as percentage depending on number of years of AMC selected by Buyer. The following shall be applicable If 5 year AMC selected. 3.1.1 AMC charges for first year after warranty period – Percentage to be indicated- A1. 3.1.2 AMC charges for second year after warranty period – Percentage to be indicated A2. 3.1.3 AMC charges for third year after warranty period – Percentage to be indicated A3. 3.1.4 AMC charges for fourth year after warranty period – Percentage to be indicated A4. 3.1.5 AMC charges for 5th year after warranty period – Percentage to be indicated A5. 3.2 The calculation of AMC Charges shall take in to account of number of years of warranty and duration of AMC as specified while creating bid. 3.3 AMC charges to be indicated for each subsequent year should be same or higher than preceding year. 3.4 The AMC charges shall be offered within range of 3 to 25% of cost of equipment. 4.Since AMC charges are to be paid only later for each year during AMC period , applicable performance guarantee amount after placement of contract shall be based on the cost of product/equipment and not on basis of cost of equipment along with AMC Charges. 8 / 9"
      ],
      "tables": []
    },
    {
      "page_number": 9,
      "used_ocr": false,
      "cleaned_text": "5. Performance bank guarantee applicable for AMC is to be submitted at start of the AMC and shall be applicable as 3% on the total contract value including AMC Charges The PBG submitted after award of contract shall be released only after new PBG for the AMC period is submitted and accepted by buyer/consignee after due verification. Bank guarantee for AMC is to remain valid till completion of AMC period plus one year .The bank guarantee for AMC shall be submitted to buyer directly. 6. In case of splitting of quantity product/equipment cost and AMC charges offered by L-1 in the evaluated cost shall be matched by higher quoting eligible bidders on one to one basis .The equipment cost shall be matched and AMC charges shall be matched year to year. 7. The AMC Contract shall be an offline contract to be handled by buyer. The payment of AMC will be made on AMC frequency (as indicated above) basis after satisfactory completion of said period, duly certified by end user and scope of AMC will be as per para 1 above. All GeM Sellers / Service Providers are mandated to ensure compliance with all the applicable laws / acts / rules including but not limited to all Labour Laws such as The Minimum Wages Act, 1948, The Payment of Wages Act, 1936, The Payment of Bonus Act, 1965, The Equal Remuneration Act, 1976, The Payment of Gratuity Act, 1972 etc. Any non-compliance will be treated as breach of contract and Buyer may take suitable actions as per GeM Contract. /This Bid is also governed by the General Terms and Conditions 26 /In terms of GeM GTC clause 26 regarding Restrictions on procurement from a bidder of a country which shares a land border with India, any bidder from a country which shares a land border with India will be eligible to bid in this tender only if the bidder is registered with the Competent Authority. While participating in bid, Bidder has to undertake compliance of this and any false declaration and non-compliance of this would be a ground for immediate termination of the contract and further legal action in accordance with the laws. ---/Thank You--- 9 / 9",
      "lines": [
        "5. Performance bank guarantee applicable for AMC is to be submitted at start of the AMC and shall be applicable as 3% on the total contract value including AMC Charges The PBG submitted after award of contract shall be released only after new PBG for the AMC period is submitted and accepted by buyer/consignee after due verification. Bank guarantee for AMC is to remain valid till completion of AMC period plus one year .The bank guarantee for AMC shall be submitted to buyer directly. 6. In case of splitting of quantity product/equipment cost and AMC charges offered by L-1 in the evaluated cost shall be matched by higher quoting eligible bidders on one to one basis .The equipment cost shall be matched and AMC charges shall be matched year to year. 7. The AMC Contract shall be an offline contract to be handled by buyer. The payment of AMC will be made on AMC frequency (as indicated above) basis after satisfactory completion of said period, duly certified by end user and scope of AMC will be as per para 1 above. All GeM Sellers / Service Providers are mandated to ensure compliance with all the applicable laws / acts / rules including but not limited to all Labour Laws such as The Minimum Wages Act, 1948, The Payment of Wages Act, 1936, The Payment of Bonus Act, 1965, The Equal Remuneration Act, 1976, The Payment of Gratuity Act, 1972 etc. Any non-compliance will be treated as breach of contract and Buyer may take suitable actions as per GeM Contract. /This Bid is also governed by the General Terms and Conditions 26 /In terms of GeM GTC clause 26 regarding Restrictions on procurement from a bidder of a country which shares a land border with India, any bidder from a country which shares a land border with India will be eligible to bid in this tender only if the bidder is registered with the Competent Authority. While participating in bid, Bidder has to undertake compliance of this and any false declaration and non-compliance of this would be a ground for immediate termination of the contract and further legal action in accordance with the laws. ---/Thank You--- 9 / 9"
      ],
      "tables": []
    }
  ],
  "links": [
    {
      "page_number": 1,
      "uri": "https://bidplus.gem.gov.in/bidding/downloadOmppdfile/",
      "attachment_filename": null,
      "rect": null,
      "label": null,
      "source": "dict:/URI"
    },
    {
      "page_number": 1,
      "uri": "https://bidplus.gem.gov.in/bidding/downloadOmppdfile/",
      "attachment_filename": null,
      "rect": null,
      "label": null,
      "source": "dict:/URI"
    },
    {
      "page_number": 1,
      "uri": "https://mkp.gem.gov.in/catalog_data/catalog_support_document/buyer_documents/19823349/54/78/703/CatalogAttrs/SpecificationDocument/2025/9/4/wcor_runway_sweeperb_2025-09-04-14-45-01_db7b4576924ac17ab85d3334b63c039e.pdf",
      "attachment_filename": null,
      "rect": null,
      "label": null,
      "source": "dict:/URI"
    },
    {
      "page_number": 1,
      "uri": "https://fulfilment.gem.gov.in/contract/slafds?fileDownloadPath=SLA_UPLOAD_PATH/2025/Sep/GEM_2025_B_6651080/CLM0010/Bid_dec_05cee15a-90b8-4f2e-bd161757133754512_661aas-acsfp.docx",
      "attachment_filename": null,
      "rect": null,
      "label": null,
      "source": "dict:/URI"
    },
    {
      "page_number": 1,
      "uri": "https://assets-bg.gem.gov.in/resources/upload/shared_doc/list-of-categories-where-trials-are-allowed_1712126171.pdf",
      "attachment_filename": null,
      "rect": null,
      "label": null,
      "source": "dict:/URI"
    },
    {
      "page_number": 1,
      "uri": "https://admin.gem.gov.in/apis/v1/gtc/pdfByDate/?date=20250906",
      "attachment_filename": null,
      "rect": null,
      "label": null,
      "source": "dict:/URI"
    },
    {
      "page_number": 2,
      "uri": "https://bidplus.gem.gov.in/bidding/downloadOmppdfile/",
      "attachment_filename": null,
      "rect": null,
      "label": null,
      "source": "dict:/URI"
    },
    {
      "page_number": 2,
      "uri": "https://bidplus.gem.gov.in/bidding/downloadOmppdfile/",
      "attachment_filename": null,
      "rect": null,
      "label": null,
      "source": "dict:/URI"
    },
    {
      "page_number": 2,
      "uri": "https://mkp.gem.gov.in/catalog_data/catalog_support_document/buyer_documents/19823349/54/78/703/CatalogAttrs/SpecificationDocument/2025/9/4/wcor_runway_sweeperb_2025-09-04-14-45-01_db7b4576924ac17ab85d3334b63c039e.pdf",
      "attachment_filename": null,
      "rect": null,
      "label": null,
      "source": "dict:/URI"
    },
    {
      "page_number": 2,
      "uri": "https://fulfilment.gem.gov.in/contract/slafds?fileDownloadPath=SLA_UPLOAD_PATH/2025/Sep/GEM_2025_B_6651080/CLM0010/Bid_dec_05cee15a-90b8-4f2e-bd161757133754512_661aas-acsfp.docx",
      "attachment_filename": null,
      "rect": null,
      "label": null,
      "source": "dict:/URI"
    },
    {
      "page_number": 2,
      "uri": "https://assets-bg.gem.gov.in/resources/upload/shared_doc/list-of-categories-where-trials-are-allowed_1712126171.pdf",
      "attachment_filename": null,
      "rect": null,
      "label": null,
      "source": "dict:/URI"
    },
    {
      "page_number": 2,
      "uri": "https://admin.gem.gov.in/apis/v1/gtc/pdfByDate/?date=20250906",
      "attachment_filename": null,
      "rect": null,
      "label": null,
      "source": "dict:/URI"
    },
    {
      "page_number": 3,
      "uri": "https://bidplus.gem.gov.in/bidding/downloadOmppdfile/",
      "attachment_filename": null,
      "rect": null,
      "label": null,
      "source": "dict:/URI"
    },
    {
      "page_number": 3,
      "uri": "https://bidplus.gem.gov.in/bidding/downloadOmppdfile/",
      "attachment_filename": null,
      "rect": null,
      "label": null,
      "source": "dict:/URI"
    },
    {
      "page_number": 3,
      "uri": "https://mkp.gem.gov.in/catalog_data/catalog_support_document/buyer_documents/19823349/54/78/703/CatalogAttrs/SpecificationDocument/2025/9/4/wcor_runway_sweeperb_2025-09-04-14-45-01_db7b4576924ac17ab85d3334b63c039e.pdf",
      "attachment_filename": null,
      "rect": null,
      "label": null,
      "source": "dict:/URI"
    },
    {
      "page_number": 3,
      "uri": "https://fulfilment.gem.gov.in/contract/slafds?fileDownloadPath=SLA_UPLOAD_PATH/2025/Sep/GEM_2025_B_6651080/CLM0010/Bid_dec_05cee15a-90b8-4f2e-bd161757133754512_661aas-acsfp.docx",
      "attachment_filename": null,
      "rect": null,
      "label": null,
      "source": "dict:/URI"
    },
    {
      "page_number": 3,
      "uri": "https://assets-bg.gem.gov.in/resources/upload/shared_doc/list-of-categories-where-trials-are-allowed_1712126171.pdf",
      "attachment_filename": null,
      "rect": null,
      "label": null,
      "source": "dict:/URI"
    },
    {
      "page_number": 3,
      "uri": "https://admin.gem.gov.in/apis/v1/gtc/pdfByDate/?date=20250906",
      "attachment_filename": null,
      "rect": null,
      "label": null,
      "source": "dict:/URI"
    },
    {
      "page_number": 4,
      "uri": "https://bidplus.gem.gov.in/bidding/downloadOmppdfile/",
      "attachment_filename": null,
      "rect": [
        40.5,
        301.25,
        227.25,
        312.5
      ],
      "label": "should 7. OEM meet Turn Over this criterion. Criteria: The minimum average",
      "source": "dict:/URI"
    },
    {
      "page_number": 4,
      "uri": "https://bidplus.gem.gov.in/bidding/downloadOmppdfile/",
      "attachment_filename": null,
      "rect": [
        323.25,
        121.25,
        510.0,
        132.5
      ],
      "label": "be exempted of quality and from technical the \"OEM specifications. Average Turnover\" If the",
      "source": "dict:/URI"
    },
    {
      "page_number": 4,
      "uri": "https://bidplus.gem.gov.in/bidding/downloadOmppdfile/",
      "attachment_filename": null,
      "rect": null,
      "label": null,
      "source": "dict:/URI"
    },
    {
      "page_number": 4,
      "uri": "https://bidplus.gem.gov.in/bidding/downloadOmppdfile/",
      "attachment_filename": null,
      "rect": null,
      "label": null,
      "source": "dict:/URI"
    },
    {
      "page_number": 4,
      "uri": "https://mkp.gem.gov.in/catalog_data/catalog_support_document/buyer_documents/19823349/54/78/703/CatalogAttrs/SpecificationDocument/2025/9/4/wcor_runway_sweeperb_2025-09-04-14-45-01_db7b4576924ac17ab85d3334b63c039e.pdf",
      "attachment_filename": null,
      "rect": null,
      "label": null,
      "source": "dict:/URI"
    },
    {
      "page_number": 4,
      "uri": "https://fulfilment.gem.gov.in/contract/slafds?fileDownloadPath=SLA_UPLOAD_PATH/2025/Sep/GEM_2025_B_6651080/CLM0010/Bid_dec_05cee15a-90b8-4f2e-bd161757133754512_661aas-acsfp.docx",
      "attachment_filename": null,
      "rect": null,
      "label": null,
      "source": "dict:/URI"
    },
    {
      "page_number": 4,
      "uri": "https://assets-bg.gem.gov.in/resources/upload/shared_doc/list-of-categories-where-trials-are-allowed_1712126171.pdf",
      "attachment_filename": null,
      "rect": null,
      "label": null,
      "source": "dict:/URI"
    },
    {
      "page_number": 4,
      "uri": "https://admin.gem.gov.in/apis/v1/gtc/pdfByDate/?date=20250906",
      "attachment_filename": null,
      "rect": null,
      "label": null,
      "source": "dict:/URI"
    },
    {
      "page_number": 5,
      "uri": "https://mkp.gem.gov.in/catalog_data/catalog_support_document/buyer_documents/19823349/54/78/703/CatalogAttrs/SpecificationDocument/2025/9/4/wcor_runway_sweeperb_2025-09-04-14-45-01_db7b4576924ac17ab85d3334b63c039e.pdf",
      "attachment_filename": null,
      "rect": [
        201.0,
        438.5,
        246.0,
        449.75
      ],
      "label": null,
      "source": "dict:/URI"
    },
    {
      "page_number": 5,
      "uri": "https://bidplus.gem.gov.in/bidding/downloadOmppdfile/",
      "attachment_filename": null,
      "rect": null,
      "label": null,
      "source": "dict:/URI"
    },
    {
      "page_number": 5,
      "uri": "https://bidplus.gem.gov.in/bidding/downloadOmppdfile/",
      "attachment_filename": null,
      "rect": null,
      "label": null,
      "source": "dict:/URI"
    },
    {
      "page_number": 5,
      "uri": "https://mkp.gem.gov.in/catalog_data/catalog_support_document/buyer_documents/19823349/54/78/703/CatalogAttrs/SpecificationDocument/2025/9/4/wcor_runway_sweeperb_2025-09-04-14-45-01_db7b4576924ac17ab85d3334b63c039e.pdf",
      "attachment_filename": null,
      "rect": null,
      "label": null,
      "source": "dict:/URI"
    },
    {
      "page_number": 5,
      "uri": "https://fulfilment.gem.gov.in/contract/slafds?fileDownloadPath=SLA_UPLOAD_PATH/2025/Sep/GEM_2025_B_6651080/CLM0010/Bid_dec_05cee15a-90b8-4f2e-bd161757133754512_661aas-acsfp.docx",
      "attachment_filename": null,
      "rect": null,
      "label": null,
      "source": "dict:/URI"
    },
    {
      "page_number": 5,
      "uri": "https://assets-bg.gem.gov.in/resources/upload/shared_doc/list-of-categories-where-trials-are-allowed_1712126171.pdf",
      "attachment_filename": null,
      "rect": null,
      "label": null,
      "source": "dict:/URI"
    },
    {
      "page_number": 5,
      "uri": "https://admin.gem.gov.in/apis/v1/gtc/pdfByDate/?date=20250906",
      "attachment_filename": null,
      "rect": null,
      "label": null,
      "source": "dict:/URI"
    },
    {
      "page_number": 6,
      "uri": "https://bidplus.gem.gov.in/bidding/downloadOmppdfile/",
      "attachment_filename": null,
      "rect": null,
      "label": null,
      "source": "dict:/URI"
    },
    {
      "page_number": 6,
      "uri": "https://bidplus.gem.gov.in/bidding/downloadOmppdfile/",
      "attachment_filename": null,
      "rect": null,
      "label": null,
      "source": "dict:/URI"
    },
    {
      "page_number": 6,
      "uri": "https://mkp.gem.gov.in/catalog_data/catalog_support_document/buyer_documents/19823349/54/78/703/CatalogAttrs/SpecificationDocument/2025/9/4/wcor_runway_sweeperb_2025-09-04-14-45-01_db7b4576924ac17ab85d3334b63c039e.pdf",
      "attachment_filename": null,
      "rect": null,
      "label": null,
      "source": "dict:/URI"
    },
    {
      "page_number": 6,
      "uri": "https://fulfilment.gem.gov.in/contract/slafds?fileDownloadPath=SLA_UPLOAD_PATH/2025/Sep/GEM_2025_B_6651080/CLM0010/Bid_dec_05cee15a-90b8-4f2e-bd161757133754512_661aas-acsfp.docx",
      "attachment_filename": null,
      "rect": null,
      "label": null,
      "source": "dict:/URI"
    },
    {
      "page_number": 6,
      "uri": "https://assets-bg.gem.gov.in/resources/upload/shared_doc/list-of-categories-where-trials-are-allowed_1712126171.pdf",
      "attachment_filename": null,
      "rect": null,
      "label": null,
      "source": "dict:/URI"
    },
    {
      "page_number": 6,
      "uri": "https://admin.gem.gov.in/apis/v1/gtc/pdfByDate/?date=20250906",
      "attachment_filename": null,
      "rect": null,
      "label": null,
      "source": "dict:/URI"
    },
    {
      "page_number": 7,
      "uri": "https://fulfilment.gem.gov.in/contract/slafds?fileDownloadPath=SLA_UPLOAD_PATH/2025/Sep/GEM_2025_B_6651080/CLM0010/Bid_dec_05cee15a-90b8-4f2e-bd161757133754512_661aas-acsfp.docx",
      "attachment_filename": null,
      "rect": [
        215.25,
        422.75,
        330.75,
        434.0
      ],
      "label": null,
      "source": "dict:/URI"
    },
    {
      "page_number": 7,
      "uri": "https://bidplus.gem.gov.in/bidding/downloadOmppdfile/",
      "attachment_filename": null,
      "rect": null,
      "label": null,
      "source": "dict:/URI"
    },
    {
      "page_number": 7,
      "uri": "https://bidplus.gem.gov.in/bidding/downloadOmppdfile/",
      "attachment_filename": null,
      "rect": null,
      "label": null,
      "source": "dict:/URI"
    },
    {
      "page_number": 7,
      "uri": "https://mkp.gem.gov.in/catalog_data/catalog_support_document/buyer_documents/19823349/54/78/703/CatalogAttrs/SpecificationDocument/2025/9/4/wcor_runway_sweeperb_2025-09-04-14-45-01_db7b4576924ac17ab85d3334b63c039e.pdf",
      "attachment_filename": null,
      "rect": null,
      "label": null,
      "source": "dict:/URI"
    },
    {
      "page_number": 7,
      "uri": "https://fulfilment.gem.gov.in/contract/slafds?fileDownloadPath=SLA_UPLOAD_PATH/2025/Sep/GEM_2025_B_6651080/CLM0010/Bid_dec_05cee15a-90b8-4f2e-bd161757133754512_661aas-acsfp.docx",
      "attachment_filename": null,
      "rect": null,
      "label": null,
      "source": "dict:/URI"
    },
    {
      "page_number": 7,
      "uri": "https://assets-bg.gem.gov.in/resources/upload/shared_doc/list-of-categories-where-trials-are-allowed_1712126171.pdf",
      "attachment_filename": null,
      "rect": null,
      "label": null,
      "source": "dict:/URI"
    },
    {
      "page_number": 7,
      "uri": "https://admin.gem.gov.in/apis/v1/gtc/pdfByDate/?date=20250906",
      "attachment_filename": null,
      "rect": null,
      "label": null,
      "source": "dict:/URI"
    },
    {
      "page_number": 8,
      "uri": "https://assets-bg.gem.gov.in/resources/upload/shared_doc/list-of-categories-where-trials-are-allowed_1712126171.pdf",
      "attachment_filename": null,
      "rect": [
        72.0,
        732.5,
        162.0,
        743.75
      ],
      "label": null,
      "source": "dict:/URI"
    },
    {
      "page_number": 8,
      "uri": "https://bidplus.gem.gov.in/bidding/downloadOmppdfile/",
      "attachment_filename": null,
      "rect": null,
      "label": null,
      "source": "dict:/URI"
    },
    {
      "page_number": 8,
      "uri": "https://bidplus.gem.gov.in/bidding/downloadOmppdfile/",
      "attachment_filename": null,
      "rect": null,
      "label": null,
      "source": "dict:/URI"
    },
    {
      "page_number": 8,
      "uri": "https://mkp.gem.gov.in/catalog_data/catalog_support_document/buyer_documents/19823349/54/78/703/CatalogAttrs/SpecificationDocument/2025/9/4/wcor_runway_sweeperb_2025-09-04-14-45-01_db7b4576924ac17ab85d3334b63c039e.pdf",
      "attachment_filename": null,
      "rect": null,
      "label": null,
      "source": "dict:/URI"
    },
    {
      "page_number": 8,
      "uri": "https://fulfilment.gem.gov.in/contract/slafds?fileDownloadPath=SLA_UPLOAD_PATH/2025/Sep/GEM_2025_B_6651080/CLM0010/Bid_dec_05cee15a-90b8-4f2e-bd161757133754512_661aas-acsfp.docx",
      "attachment_filename": null,
      "rect": null,
      "label": null,
      "source": "dict:/URI"
    },
    {
      "page_number": 8,
      "uri": "https://assets-bg.gem.gov.in/resources/upload/shared_doc/list-of-categories-where-trials-are-allowed_1712126171.pdf",
      "attachment_filename": null,
      "rect": null,
      "label": null,
      "source": "dict:/URI"
    },
    {
      "page_number": 8,
      "uri": "https://admin.gem.gov.in/apis/v1/gtc/pdfByDate/?date=20250906",
      "attachment_filename": null,
      "rect": null,
      "label": null,
      "source": "dict:/URI"
    },
    {
      "page_number": 9,
      "uri": "https://admin.gem.gov.in/apis/v1/gtc/pdfByDate/?date=20250906",
      "attachment_filename": null,
      "rect": [
        63.0,
        533.75,
        531.75,
        545.0
      ],
      "label": null,
      "source": "dict:/URI"
    },
    {
      "page_number": 9,
      "uri": "https://bidplus.gem.gov.in/bidding/downloadOmppdfile/",
      "attachment_filename": null,
      "rect": null,
      "label": null,
      "source": "dict:/URI"
    },
    {
      "page_number": 9,
      "uri": "https://bidplus.gem.gov.in/bidding/downloadOmppdfile/",
      "attachment_filename": null,
      "rect": null,
      "label": null,
      "source": "dict:/URI"
    },
    {
      "page_number": 9,
      "uri": "https://mkp.gem.gov.in/catalog_data/catalog_support_document/buyer_documents/19823349/54/78/703/CatalogAttrs/SpecificationDocument/2025/9/4/wcor_runway_sweeperb_2025-09-04-14-45-01_db7b4576924ac17ab85d3334b63c039e.pdf",
      "attachment_filename": null,
      "rect": null,
      "label": null,
      "source": "dict:/URI"
    },
    {
      "page_number": 9,
      "uri": "https://fulfilment.gem.gov.in/contract/slafds?fileDownloadPath=SLA_UPLOAD_PATH/2025/Sep/GEM_2025_B_6651080/CLM0010/Bid_dec_05cee15a-90b8-4f2e-bd161757133754512_661aas-acsfp.docx",
      "attachment_filename": null,
      "rect": null,
      "label": null,
      "source": "dict:/URI"
    },
    {
      "page_number": 9,
      "uri": "https://assets-bg.gem.gov.in/resources/upload/shared_doc/list-of-categories-where-trials-are-allowed_1712126171.pdf",
      "attachment_filename": null,
      "rect": null,
      "label": null,
      "source": "dict:/URI"
    },
    {
      "page_number": 9,
      "uri": "https://admin.gem.gov.in/apis/v1/gtc/pdfByDate/?date=20250906",
      "attachment_filename": null,
      "rect": null,
      "label": null,
      "source": "dict:/URI"
    }
  ],
  "combined_cleaned_text": "/Bid Number: GEM/2025/B/6651080 /Dated: 06-09-2025 / Bid Document //Bid Details // /Bid End Date/Time 27-09-2025 11:00:00 // /Bid Opening 27-09-2025 11:30:00 Date/Time (( ))/Bid Offer 180 (Days) Validity (From End Date) // /Ministry/State Name Ministry Of Defence /Department Name Department Of Military Affairs /Organisation Name Indian Army /Office Name *********** /Total Quantity 6 /Item Category Runway Sweeper GeMARPTS / Searched Runway Sweeper Strings used in GeMARPTS Manual Walk Behind Sweeper, Battery Operated Industrial Sweeper, Self Propelled Road Sweeper, platform brush, GeMARPTS / Searched Truck Mounted Road Sweeper, Trailer Mounted Road Result generated in GeMARPTS Sweeper, Brush for Road Sweeper Machine, Ride-On Sweepers / Relevant Truck Mounted Road Sweeper Categories selected for notification ((33 )) /Minimum Average Annual Turnover of the 200 Lakh (s) bidder (For 3 Years) (( 33 400 Lakh (s) ))/OEM Average Turnover (Last 3 Years) // /Years of Past Experience Required for 3 Year (s) same/similar service / MSE Exemption for Years Of Experience Yes | Complete and Turnover 1 / 9\n\n//Bid Details / Startup Exemption for Years Of Yes | Complete Experience and Turnover Experience Criteria,Past Performance,Bidder Turnover,Certificate (Requested in ATC),OEM Authorization Certificate,OEM Annual Turnover /Document required *In case any bidder is seeking exemption from Experience / from seller Turnover Criteria, the supporting documents to prove his eligibility for exemption must be uploaded for evaluation by the buyer No ?? /Do you want to show documents uploaded by bidders to all bidders participated in bid? -- / Minimum number of 1 bids required to disable automatic bid extension ,, -- // Number of days for which Bid 7 would be auto--extended /Past Performance 50 % /Bid to RA enabled Yes /RA Qualification Rule H1-Highest Priced Bid Elimination / Annual Yes Maintenance Charges Required /Type of Bid Two Packet Bid /Time allowed for Technical 2 Days Clarifications during technical evaluation ( / )/Inspection Required (By No Empanelled Inspection Authority / Agencies pre-registered with GeM) /Evaluation Method Total value wise evaluation /Arbitration Clause No /Mediation Clause No /EMD Detail /Advisory Bank State Bank of India 2 / 9\n\n/EMD Amount 3000000 /ePBG Detail /Advisory Bank State Bank of India (%)/ePBG Percentage(%) 5.00 () /Duration of ePBG 26 required (Months). (a). /EMD EXEMPTION: The bidder seeking EMD exemption, must submit the valid supporting document for the relevant category as per GeM GTC with the bid. Under MSE category, only manufacturers for goods and Service Providers for Services are eligible for exemption from EMD. Traders are excluded from the purview of this Policy. (b). , , / EMD & Performance securityshould be in favour of Beneficiary, wherever it is applicable. /Beneficiary : Proj Offr 661 Army Avn Sqn (R&O) on behalf of HQ Western Command GS (Proc) Branch, Department of Military Affairs, Indian Army, Ministry of Defence (Suhanth B) /Splitting / Bid splitting not applied. /MII Purchase Preference /MII Purchase Preference Yes /MSE Purchase Preference /MSE Purchase Preference Yes 1. If the bidder is a Micro or Small Enterprise as per latest orders issued by Ministry of MSME, the bidder shall be exempted from the eligibility criteria of \"Experience Criteria\" as defined above subject to meeting of quality and technical specifications. The bidder seeking exemption from Experience Criteria, shall upload the supporting documents to prove his eligibility for exemption. 2. If the bidder is a Micro or Small Enterprise (MSE) as per latest orders issued by Ministry of MSME, the bidder shall be exempted from the eligibility criteria of \"Bidder Turnover\" as defined above subject to meeting of quality and technical specifications. If the bidder itself is MSE OEM of the offered products, it would be exempted from the \"OEM Average Turnover\" criteria also subject to meeting of quality and technical specifications. The bidder seeking exemption from Turnover, shall upload the supporting documents to prove his eligibility for exemption. 3 / 9\n\n3. If the bidder is a DPIIT registered Startup, the bidder shall be exempted from the the eligibility criteria of \"Experience Criteria\" as defined above subject to their meeting of quality and technical specifications. The bidder seeking exemption from Experience Criteria, shall upload the supporting documents to prove his eligibility for exemption. 4. If the bidder is a DPIIT registered Startup, the bidder shall be exempted from the the eligibility criteria of \"Bidder Turnover\" as defined above subject to their meeting of quality and technical specifications. If the bidder is DPIIT Registered OEM of the offered products, it would be exempted from the \"OEM Average Turnover\" criteria also subject to meeting of quality and technical specifications. The bidder seeking exemption from Turnover shall upload the supporting documents to prove his eligibility for exemption. 5. The minimum average annual financial turnover of the bidder during the last three years, ending on 31st March of the previous financial year, should be as indicated above in the bid document. Documentary evidence in the form of certified Audited Balance Sheets of relevant periods or a certificate from the Chartered Accountant / Cost Accountant indicating the turnover details for the relevant period shall be uploaded with the bid. In case the date of constitution / incorporation of the bidder is less than 3-year-old, the average turnover in respect of the completed financial years after the date of constitution shall be taken into account for this criteria. 6. Experience Criteria: In respect of the filter applied for experience criteria, the Bidder or its OEM of the product offered in the bid {themselves or through reseller(s)} should have regularly, manufactured and supplied same or similar Category Products to any Central / State Govt Organization / PSU for number of Financial years as indicated above in the bid document before the bid opening date. Copies of relevant contracts and delivery acceptance certificates like CRAC to be submitted along with bid in support of having supplied some quantity during each of the Financial year. In case of bunch bids, the category of primary product having highest value should meet this criterion. 7. OEM Turn Over Criteria: The minimum average annual financial turnover of the OEM of the offered product during the last three years, ending on 31st March of the previous financial year, should be as indicated in the bid document. Documentary evidence in the form of certified Audited Balance Sheets of relevant periods or a certificate from the Chartered Accountant / Cost Accountant indicating the turnover details for the relevant period shall be uploaded with the bid. In case the date of constitution / incorporation of the OEM is less than 3 year old, the average turnover in respect of the completed financial years after the date of constitution shall be taken into account for this criteria. 8. Preference to Make In India products (For bids < 200 Crore):Preference shall be given to Class 1 local supplier as defined in public procurement (Preference to Make in India), Order 2017 as amended from time to time and its subsequent Orders/Notifications issued by concerned Nodal Ministry for specific Goods/Products. The minimum local content to qualify as a Class 1 local supplier is denoted in the bid document. If the bidder wants to avail the Purchase preference, the bidder must upload a certificate from the OEM regarding the percentage of the local content and the details of locations at which the local value addition is made along with their bid, failing which no purchase preference shall be granted. In case the bid value is more than Rs 10 Crore, the declaration relating to percentage of local content shall be certified by the statutory auditor or cost auditor, if the OEM is a company and by a practicing cost accountant or a chartered accountant for OEMs other than companies as per the Public Procurement (preference to Make-in -India) order 2017 dated 04.06.2020. Only Class-I and Class-II Local suppliers as per MII order dated 4.6.2020 will be eligible to bid. Non - Local suppliers as per MII order dated 04.06.2020 are not eligible to participate. However, eligible micro and small enterprises will be allowed to participate .The buyers are advised to refer the OM No.F.1/4/2021-PPD dated 18.05.2023. OM_No.1_4_2021_PPD_dated_18.05.2023 for compliance of Concurrent application of Public Procurement Policy for Micro and Small Enterprises Order, 2012 and Public Procurement (Preference to Make in India) Order, 2017. 9. Purchase preference will be given to MSEs having valid Udyam Registration and whose credentials are validated online through Udyam Registration portal as defined in Public Procurement Policy for Micro and Small Enterprises (MSEs) Order, 2012 dated 23.03.2012 issued by Ministry of Micro, Small and Medium Enterprises and its subsequent Orders/Notifications issued by concerned Ministry. If the bidder wants to avail themselves of the Purchase preference, the bidder must be the manufacturer / OEM of the offered product on GeM. Traders are excluded from the purview of Public Procurement Policy for Micro and Small Enterprises and hence resellers offering products manufactured by some other OEM are not eligible for any purchase preference. In respect of bid for Services, the bidder must be the Service provider of the offered Service. Relevant documentary evidence in this regard shall be uploaded along with the bid in respect of the offered product or service and Buyer will decide eligibility for purchase preference based on documentary evidence submitted, while evaluating the bid. If L-1 is not an MSE and MSE Seller (s) has / have quoted price within L-1+ 15% (Selected by Buyer) of margin of purchase preference /price band defined in relevant policy, such MSE Seller shall be given opportunity to match L-1 price and contract will be awarded for 25% (selected by Buyer) percentage of total quantity. The buyers are advised to refer the OM No. F.1/4/2021-PPD dated 18.05.2023 OM_No.1_4_2021_PPD_dated_18.05.2023 for compliance of Concurrent application of Public Procurement Policy for Micro and Small Enterprises Order, 2012 and Public Procurement (Preference to Make in India) Order, 2017. Benefits of MSE will be allowed only if seller is validated on-line in GeM profile as well as validated and approved by Buyer after evaluation of documents submitted. 10. Estimated Bid Value indicated above is being declared solely for the purpose of guidance on EMD amount and 4 / 9\n\nfor determining the Eligibility Criteria related to Turn Over, Past Performance and Project / Past Experience etc. This has no relevance or bearing on the price to be quoted by the bidders and is also not going to have any impact on bid participation. Also this is not going to be used as a criteria in determining reasonableness of quoted prices which would be determined by the buyer based on its own assessment of reasonableness and based on competitive prices received in Bid / RA process. 11. Past Performance: The Bidder or its OEM {themselves or through re-seller(s)} should have supplied same or similar Category Products for 50% of bid quantity, in at least one of the last three Financial years before the bid opening date to any Central / State Govt Organization / PSU. Copies of relevant contracts (proving supply of cumulative order quantity in any one financial year) to be submitted along with bid in support of quantity supplied in the relevant Financial year. In case of bunch bids, the category related to primary product having highest bid value should meet this criterion. 12. Reverse Auction would be conducted amongst all the technically qualified bidders except the Highest quoting bidder. The technically qualified Highest Quoting bidder will not be allowed to participate in RA. However, H-1 will also be allowed to participate in RA in following cases: i. If number of technically qualified bidders are only 2 or 3. ii. If Buyer has chosen to split the bid amongst N sellers, and H1 bid is coming within N. iii. In case Primary product of only one OEM is left in contention for participation in RA on elimination of H-1. iv. If L-1 is non-MSE and H-1 is eligible MSE and H-1 price is coming within price band of 15% of Non-MSE L-1 v. If L-1 is non-MII and H-1 is eligible MII and H-1 price is coming within price band of 20% of Non-MII L-1 Runway Sweeper ( 6 pieces ) ( 1 2 /Minimum 50% and 20% Local Content required for qualifying as Class 1 and Class 2 Local Supplier respectively) /Technical Specifications /Buyer Download Specification Document Annual Maintenance Warranty of required product 2 Year Annual Maintenance Charges Duration (Post 3 Year Warranty) Annual Maintenance Charges Frequenecy Annually *Warranty displayed under the AMC/CMC Details section will supersede the warranty displayed under the catalog specfication // /Consignees/Reporting Officer and Quantity // ..../S.N /Delivery o. /Consignee /Address /Quantity Days Reporting/Officer 1 *********** ***********Jalandhar 6 120 5 / 9\n\n/Buyer Added Bid Specific Terms and Conditions 1. Generic Bidder shall submit the following documents along with their bid for Vendor Code Creation: a. Copy of PAN Card. b. Copy of GSTIN. c. Copy of Cancelled Cheque. d. Copy of EFT Mandate duly certified by Bank. 2. Generic OPTION CLAUSE: The Purchaser reserves the right to increase or decrease the quantity to be ordered up to 50 percent of bid quantity at the time of placement of contract. The purchaser also reserves the right to increase the ordered quantity up to 50% of the contracted quantity during the currency of the contract at the contracted rates. The delivery period of quantity shall commence from the last date of original delivery order and in cases where option clause is exercised during the extended delivery period the additional time shall commence from the last date of extended delivery period. The additional delivery time shall be (Increased quantity ÷ Original quantity) × Original delivery period (in days), subject to minimum of 30 days. If the original delivery period is less than 30 days, the additional time equals the original delivery period. The Purchaser may extend this calculated delivery duration up to the original delivery period while exercising the option clause. Bidders must comply with these terms. 3. Generic Installation, Commissioning, Testing, Configuration, Training (if any - which ever is applicable as per scope of supply) is to be carried out by OEM / OEM Certified resource or OEM authorised Reseller. 4. Generic Scope of supply includes Training: Number of employees to be trained 40 , Place for Training Jalandhar Cantonment and Duration of training 05 days. 5. Generic Shelf Life: The Product/Spare parts to be supplied as part of the services must have minimum 6 Shelf Life. On the date of supply, minimum From date of Acceptance usable shelf life should be available / balance. 6. Scope of Supply Scope of supply (Bid price to include all cost components) : Supply Installation Testing Commissioning of Goods and Training of operators and providing Statutory Clearances required (if any) 7. Service & Support Dedicated /toll Free Telephone No. for Service Support : BIDDER/OEM must have Dedicated/toll Free Telephone No. for Service Support. 8. Service & Support 6 / 9\n\nEscalation Matrix For Service Support : Bidder/OEM must provide Escalation Matrix of Telephone Numbers for Service Support. 9. Certificates ISO 9001: The bidder or the OEM of the offered products must have ISO 9001 certification. 10. Certificates Bidder's offer is liable to be rejected if they don't upload any of the certificates / documents sought in the Bid document, ATC and Corrigendum if any. 11. Buyer Added Bid Specific ATC Buyer Added text based ATC clauses ​Required Document:- 1. Certificate for components of Non-Chinese origin to be provided by bidder. 2. Technical Specification/WCOR compliance to be submit by the bidder with TEC documents. . 12. Buyer Added Bid Specific ATC Buyer uploaded ATC document Click here to view the file. 13. Warranty Warranty period of the supplied products shall be 2 years from the date of final acceptance of goods or after completion of installation, commissioning & testing of goods (if included in the scope of supply), at consignee location. OEM Warranty certificates must be submitted by Successful Bidder at the time of delivery of Goods. The seller should guarantee the rectification of goods in case of any break down during the guarantee period. Seller should have well established Installation, Commissioning, Training, Troubleshooting and Maintenance Service group in INDIA for attending the after sales service. Details of Service Centres near consignee destinations are to be uploaded along with the bid. /Disclaimer The additional terms and conditions have been incorporated by the Buyer after approval of the Competent Authority in Buyer Organization, whereby Buyer organization is solely responsible for the impact of these clauses on the bidding process, its outcome, and consequences thereof including any eccentricity / restriction arising in the bidding process due to these ATCs and due to modification of technical specifications and / or terms and conditions governing the bid. If any clause(s) is / are incorporated by the Buyer regarding following, the bid and resultant contracts shall be treated as null and void and such bids may be cancelled by GeM at any stage of bidding process without any notice:- 1. Definition of Class I and Class II suppliers in the bid not in line with the extant Order / Office Memorandum issued by DPIIT in this regard. 2. Seeking EMD submission from bidder(s), including via Additional Terms & Conditions, in contravention to exemption provided to such sellers under GeM GTC. 3. Publishing Custom / BOQ bids for items for which regular GeM categories are available without any Category item bunched with it. 4. Creating BoQ bid for single item. 5. Mentioning specific Brand or Make or Model or Manufacturer or Dealer name. 7 / 9\n\n6. Mandating submission of documents in physical form as a pre-requisite to qualify bidders. 7. Floating / creation of work contracts as Custom Bids in Services. 8. Seeking sample with bid or approval of samples during bid evaluation process. (However, in bids for attached categories, trials are allowed as per approved procurement policy of the buyer nodal Ministries) 9. Mandating foreign / international certifications even in case of existence of Indian Standards without specifying equivalent Indian Certification / standards. 10. Seeking experience from specific organization / department / institute only or from foreign / export experience. 11. Creating bid for items from irrelevant categories. 12. Incorporating any clause against the MSME policy and Preference to Make in India Policy. 13. Reference of conditions published on any external site or reference to external documents/clauses. 14. Asking for any Tender fee / Bid Participation fee / Auction fee in case of Bids / Forward Auction, as the case may be. 15. Buyer added ATC Clauses which are in contravention of clauses defined by buyer in system generated bid template as indicated above in the Bid Details section, EMD Detail, ePBG Detail and MII and MSE Purchase Preference sections of the bid, unless otherwise allowed by GeM GTC. 16. In a category based bid, adding additional items, through buyer added additional scope of work/ additional terms and conditions/or any other document. If buyer needs more items along with the main item, the same must be added through bunching category based items or by bunching custom catalogs or bunching a BoQ with the main category based item, the same must not be done through ATC or Scope of Work. Further, if any seller has any objection/grievance against these additional clauses or otherwise on any aspect of this bid, they can raise their representation against the same by using the Representation window provided in the bid details field in Seller dashboard after logging in as a seller within 4 days of bid publication on GeM. Buyer is duty bound to reply to all such representations and would not be allowed to open bids if he fails to reply to such representations. Additional Clause For Annual Maintenance Charges 1.AMC charges to be indicated as percentage of cost of Product/Equipment quoted for each year after the warranty period. 2. GST shall be included in the AMC Charges quoted. 3. The AMC functionality shall be available in bid only and no direct RA shall be applicable. In case of bid to RA decrement rules shall be applicable on total price inclusive of AMC charges. 3.1 Buyer shall indicate number of years of warranty by selecting option of 1- 10 Years available in the field depending on warranty parameter applicable in category parameters for the equipment. The Seller while participating in Bid/RA will get fields to indicate AMC charges as percentage depending on number of years of AMC selected by Buyer. The following shall be applicable If 5 year AMC selected. 3.1.1 AMC charges for first year after warranty period – Percentage to be indicated- A1. 3.1.2 AMC charges for second year after warranty period – Percentage to be indicated A2. 3.1.3 AMC charges for third year after warranty period – Percentage to be indicated A3. 3.1.4 AMC charges for fourth year after warranty period – Percentage to be indicated A4. 3.1.5 AMC charges for 5th year after warranty period – Percentage to be indicated A5. 3.2 The calculation of AMC Charges shall take in to account of number of years of warranty and duration of AMC as specified while creating bid. 3.3 AMC charges to be indicated for each subsequent year should be same or higher than preceding year. 3.4 The AMC charges shall be offered within range of 3 to 25% of cost of equipment. 4.Since AMC charges are to be paid only later for each year during AMC period , applicable performance guarantee amount after placement of contract shall be based on the cost of product/equipment and not on basis of cost of equipment along with AMC Charges. 8 / 9\n\n5. Performance bank guarantee applicable for AMC is to be submitted at start of the AMC and shall be applicable as 3% on the total contract value including AMC Charges The PBG submitted after award of contract shall be released only after new PBG for the AMC period is submitted and accepted by buyer/consignee after due verification. Bank guarantee for AMC is to remain valid till completion of AMC period plus one year .The bank guarantee for AMC shall be submitted to buyer directly. 6. In case of splitting of quantity product/equipment cost and AMC charges offered by L-1 in the evaluated cost shall be matched by higher quoting eligible bidders on one to one basis .The equipment cost shall be matched and AMC charges shall be matched year to year. 7. The AMC Contract shall be an offline contract to be handled by buyer. The payment of AMC will be made on AMC frequency (as indicated above) basis after satisfactory completion of said period, duly certified by end user and scope of AMC will be as per para 1 above. All GeM Sellers / Service Providers are mandated to ensure compliance with all the applicable laws / acts / rules including but not limited to all Labour Laws such as The Minimum Wages Act, 1948, The Payment of Wages Act, 1936, The Payment of Bonus Act, 1965, The Equal Remuneration Act, 1976, The Payment of Gratuity Act, 1972 etc. Any non-compliance will be treated as breach of contract and Buyer may take suitable actions as per GeM Contract. /This Bid is also governed by the General Terms and Conditions 26 /In terms of GeM GTC clause 26 regarding Restrictions on procurement from a bidder of a country which shares a land border with India, any bidder from a country which shares a land border with India will be eligible to bid in this tender only if the bidder is registered with the Competent Authority. While participating in bid, Bidder has to undertake compliance of this and any false declaration and non-compliance of this would be a ground for immediate termination of the contract and further legal action in accordance with the laws. ---/Thank You--- 9 / 9"
}