{
  "source_file": "GEM_2025_B_7013101.pdf",
  "num_pages": 7,
  "pages": [
    {
      "page_number": 1,
      "used_ocr": false,
      "cleaned_text": "/Bid Number: GEM/2025/B/7013101 /Dated: 30-12-2025 / Bid Document //Bid Details // /Bid End Date/Time 09-01-2026 14:00:00 // /Bid Opening 09-01-2026 14:30:00 Date/Time (( ))/Bid Offer 180 (Days) Validity (From End Date) // /Ministry/State Name Ministry Of Defence /Department Name Department Of Military Affairs /Organisation Name Indian Army /Office Name *********** /Total Quantity 12 EG4+ CARTRIDGE (BOX OF 25 KIT) , CG4+ CARTRIDGE (BOX /Item Category OF 25 KIT) GeMARPTS / Searched CG4+ CARTRIDGE (BOX OF 25 KIT) Strings used in GeMARPTS Point of Care Rapid Test Kits for Humans – Dengue, Malaria, Typhoid & Others, Lubricating soaps, Swing (Preschool Kit), Wild - Life Cages, Rapid Test Kit for HIV / Syphilis / Hepatitis B Virus (HBV) / Hepatitis C Virus (HCV), Precast Concrete GeMARPTS / Searched Pipes (With And Without Reinforcement) (V2) As Per Is 458, Result generated in GeMARPTS Alumino - Ferric (V2) Conforming to IS 299, Alphabet Block Set / Number Block Set (Preschool Kit), Endotracheal Tube - Sterile (Single Use), Galvanized Steel Chain Link Fence Fabric (V2) conforming to IS 2721 / Relevant Arterial Blood Gas Analyzer (V2) Categories selected for notification ((33 )) /Minimum Average Annual Turnover of the 1 Lakh (s) bidder (For 3 Years) (( 33 4 Lakh (s) ))/OEM Average Turnover (Last 3 Years) // /Years of Past Experience Required for 3 Year (s) same/similar service 1 / 7",
      "lines": [
        "/Bid Number: GEM/2025/B/7013101 /Dated: 30-12-2025 / Bid Document //Bid Details // /Bid End Date/Time 09-01-2026 14:00:00 // /Bid Opening 09-01-2026 14:30:00 Date/Time (( ))/Bid Offer 180 (Days) Validity (From End Date) // /Ministry/State Name Ministry Of Defence /Department Name Department Of Military Affairs /Organisation Name Indian Army /Office Name *********** /Total Quantity 12 EG4+ CARTRIDGE (BOX OF 25 KIT) , CG4+ CARTRIDGE (BOX /Item Category OF 25 KIT) GeMARPTS / Searched CG4+ CARTRIDGE (BOX OF 25 KIT) Strings used in GeMARPTS Point of Care Rapid Test Kits for Humans – Dengue, Malaria, Typhoid & Others, Lubricating soaps, Swing (Preschool Kit), Wild - Life Cages, Rapid Test Kit for HIV / Syphilis / Hepatitis B Virus (HBV) / Hepatitis C Virus (HCV), Precast Concrete GeMARPTS / Searched Pipes (With And Without Reinforcement) (V2) As Per Is 458, Result generated in GeMARPTS Alumino - Ferric (V2) Conforming to IS 299, Alphabet Block Set / Number Block Set (Preschool Kit), Endotracheal Tube - Sterile (Single Use), Galvanized Steel Chain Link Fence Fabric (V2) conforming to IS 2721 / Relevant Arterial Blood Gas Analyzer (V2) Categories selected for notification ((33 )) /Minimum Average Annual Turnover of the 1 Lakh (s) bidder (For 3 Years) (( 33 4 Lakh (s) ))/OEM Average Turnover (Last 3 Years) // /Years of Past Experience Required for 3 Year (s) same/similar service 1 / 7"
      ],
      "tables": [
        [
          [
            "//Bid Details",
            ""
          ],
          [
            "// /Bid End Date/Time",
            "09-01-2026 14:00:00"
          ],
          [
            "// /Bid Opening Date/Time",
            "09-01-2026 14:30:00"
          ],
          [
            "(( ))/Bid Offer Validity (From End Date)",
            "180 (Days)"
          ],
          [
            "// /Ministry/State Name",
            "Ministry Of Defence"
          ],
          [
            "/Department Name",
            "Department Of Military Affairs"
          ],
          [
            "/Organisation Name",
            "Indian Army"
          ],
          [
            "/Office Name",
            "***********"
          ],
          [
            "/Total Quantity",
            "12"
          ],
          [
            "/Item Category",
            "EG4+ CARTRIDGE (BOX OF 25 KIT) , CG4+ CARTRIDGE (BOX OF 25 KIT)"
          ],
          [
            "GeMARPTS / Searched Strings used in GeMARPTS",
            "CG4+ CARTRIDGE (BOX OF 25 KIT)"
          ],
          [
            "GeMARPTS / Searched Result generated in GeMARPTS",
            "Point of Care Rapid Test Kits for Humans – Dengue, Malaria, Typhoid & Others, Lubricating soaps, Swing (Preschool Kit), Wild - Life Cages, Rapid Test Kit for HIV / Syphilis / Hepatitis B Virus (HBV) / Hepatitis C Virus (HCV), Precast Concrete Pipes (With And Without Reinforcement) (V2) As Per Is 458, Alumino - Ferric (V2) Conforming to IS 299, Alphabet Block Set / Number Block Set (Preschool Kit), Endotracheal Tube - Sterile (Single Use), Galvanized Steel Chain Link Fence Fabric (V2) conforming to IS 2721"
          ],
          [
            "/ Relevant Categories selected for notification",
            "Arterial Blood Gas Analyzer (V2)"
          ],
          [
            "((33 )) /Minimum Average Annual Turnover of the bidder (For 3 Years)",
            "1 Lakh (s)"
          ],
          [
            "(( 33 ))/OEM Average Turnover (Last 3 Years)",
            "4 Lakh (s)"
          ],
          [
            "// /Years of Past Experience Required for same/similar service",
            "3 Year (s)"
          ],
          [
            "",
            ""
          ]
        ]
      ]
    },
    {
      "page_number": 2,
      "used_ocr": false,
      "cleaned_text": "//Bid Details /MSE Relaxation for Years of No Experience and Turnover /Startup Relaxation for Years of No Experience and Turnover Experience Criteria,Past Performance,Bidder Turnover,Certificate (Requested in ATC),OEM Authorization Certificate,OEM Annual Turnover,Compliance of BoQ /Document required specification and supporting document from seller *In case any bidder is seeking exemption from Experience / Turnover Criteria, the supporting documents to prove his eligibility for exemption must be uploaded for evaluation by the buyer No ?? /Do you want to show documents uploaded by bidders to all bidders participated in bid? / Minimum number of 1 bids required to disable automatic bid extension ,, -- // Number of days for which Bid 3 would be auto--extended // 1 Number of Auto Extension count /Past Performance 50 % /Bid to RA enabled Yes /RA Qualification Rule 50% Lowest Priced Technically Qualified Bidders /Type of Bid Two Packet Bid /Primary product category EG4+ CARTRIDGE (BOX OF 25 KIT) /Time allowed for Technical 2 Days Clarifications during technical evaluation ( / )/Inspection Required (By No Empanelled Inspection Authority / Agencies pre-registered with GeM) /Evaluation Method Total value wise evaluation /Arbitration Clause No /Mediation Clause No 2 / 7",
      "lines": [
        "//Bid Details /MSE Relaxation for Years of No Experience and Turnover /Startup Relaxation for Years of No Experience and Turnover Experience Criteria,Past Performance,Bidder Turnover,Certificate (Requested in ATC),OEM Authorization Certificate,OEM Annual Turnover,Compliance of BoQ /Document required specification and supporting document from seller *In case any bidder is seeking exemption from Experience / Turnover Criteria, the supporting documents to prove his eligibility for exemption must be uploaded for evaluation by the buyer No ?? /Do you want to show documents uploaded by bidders to all bidders participated in bid? / Minimum number of 1 bids required to disable automatic bid extension ,, -- // Number of days for which Bid 3 would be auto--extended // 1 Number of Auto Extension count /Past Performance 50 % /Bid to RA enabled Yes /RA Qualification Rule 50% Lowest Priced Technically Qualified Bidders /Type of Bid Two Packet Bid /Primary product category EG4+ CARTRIDGE (BOX OF 25 KIT) /Time allowed for Technical 2 Days Clarifications during technical evaluation ( / )/Inspection Required (By No Empanelled Inspection Authority / Agencies pre-registered with GeM) /Evaluation Method Total value wise evaluation /Arbitration Clause No /Mediation Clause No 2 / 7"
      ],
      "tables": [
        [
          [
            "",
            ""
          ],
          [
            "//Bid Details",
            ""
          ],
          [
            "/MSE Relaxation for Years of Experience and Turnover",
            "No"
          ],
          [
            "/Startup Relaxation for Years of Experience and Turnover",
            "No"
          ],
          [
            "/Document required from seller",
            "Experience Criteria,Past Performance,Bidder Turnover,Certificate (Requested in ATC),OEM Authorization Certificate,OEM Annual Turnover,Compliance of BoQ specification and supporting document *In case any bidder is seeking exemption from Experience / Turnover Criteria, the supporting documents to prove his eligibility for exemption must be uploaded for evaluation by the buyer"
          ],
          [
            "?? /Do you want to show documents uploaded by bidders to all bidders participated in bid?",
            "No"
          ],
          [
            "/ Minimum number of bids required to disable automatic bid extension",
            "1"
          ],
          [
            ",, -- // Number of days for which Bid would be auto--extended",
            "3"
          ],
          [
            "// Number of Auto Extension count",
            "1"
          ],
          [
            "/Past Performance",
            "50 %"
          ],
          [
            "/Bid to RA enabled",
            "Yes"
          ],
          [
            "/RA Qualification Rule",
            "50% Lowest Priced Technically Qualified Bidders"
          ],
          [
            "/Type of Bid",
            "Two Packet Bid"
          ],
          [
            "/Primary product category",
            "EG4+ CARTRIDGE (BOX OF 25 KIT)"
          ],
          [
            "/Time allowed for Technical Clarifications during technical evaluation",
            "2 Days"
          ],
          [
            "( / )/Inspection Required (By Empanelled Inspection Authority / Agencies pre-registered with GeM)",
            "No"
          ],
          [
            "/Evaluation Method",
            "Total value wise evaluation"
          ],
          [
            "/Arbitration Clause",
            "No"
          ],
          [
            "/Mediation Clause",
            "No"
          ]
        ]
      ]
    },
    {
      "page_number": 3,
      "used_ocr": false,
      "cleaned_text": "/EMD Detail /Required No /ePBG Detail /Required No / Bid splitting not applied. / Reserved for Make In India products / Reserved for Make In Yes India products /MSE Purchase Preference /MSE Purchase Preference Yes , L1+X% / 15 Purchase Preference to MSE OEMs available upto price within L1+X% / Maximum 25 Percentage of Bid quantity for MSE purchase preference 1. The minimum average annual financial turnover of the bidder during the last three years, ending on 31st March of the previous financial year, should be as indicated above in the bid document. Documentary evidence in the form of certified Audited Balance Sheets of relevant periods or a certificate from the Chartered Accountant / Cost Accountant indicating the turnover details for the relevant period shall be uploaded with the bid. In case the date of constitution / incorporation of the bidder is less than 3-year-old, the average turnover in respect of the completed financial years after the date of constitution shall be taken into account for this criteria. 2. Experience Criteria: In respect of the filter applied for experience criteria, the Bidder or its OEM of the product offered in the bid {themselves or through reseller(s)} should have regularly, manufactured and supplied same or similar Category Products to any Central / State Govt Organization / PSU for number of Financial years as indicated above in the bid document before the bid opening date. Copies of relevant contracts and delivery acceptance certificates like CRAC to be submitted along with bid in support of having supplied some quantity during each of the Financial year. In case of bunch bids, the category of primary product having highest value should meet this criterion. 3. OEM Turn Over Criteria: The minimum average annual financial turnover of the OEM of the offered product during the last three years, ending on 31st March of the previous financial year, should be as indicated in the bid document. Documentary evidence in the form of certified Audited Balance Sheets of relevant periods or a certificate from the Chartered Accountant / Cost Accountant indicating the turnover details for the relevant period shall be uploaded with the bid. In case the date of constitution / incorporation of the OEM is less than 3 year old, the average turnover in respect of the completed financial years after the date of constitution shall be taken into account for this criteria. 4. Bid reserved for Make In India products: : Procurement under this bid is reserved for purchase from Class 1 local supplier as defined in public procurement (Preference to Make in India), Order 2017 as amended from time to time and its subsequent Orders/Notifications issued by concerned Nodal Ministry for specific Goods/Products. 3 / 7",
      "lines": [
        "/EMD Detail /Required No /ePBG Detail /Required No / Bid splitting not applied. / Reserved for Make In India products / Reserved for Make In Yes India products /MSE Purchase Preference /MSE Purchase Preference Yes , L1+X% / 15 Purchase Preference to MSE OEMs available upto price within L1+X% / Maximum 25 Percentage of Bid quantity for MSE purchase preference 1. The minimum average annual financial turnover of the bidder during the last three years, ending on 31st March of the previous financial year, should be as indicated above in the bid document. Documentary evidence in the form of certified Audited Balance Sheets of relevant periods or a certificate from the Chartered Accountant / Cost Accountant indicating the turnover details for the relevant period shall be uploaded with the bid. In case the date of constitution / incorporation of the bidder is less than 3-year-old, the average turnover in respect of the completed financial years after the date of constitution shall be taken into account for this criteria. 2. Experience Criteria: In respect of the filter applied for experience criteria, the Bidder or its OEM of the product offered in the bid {themselves or through reseller(s)} should have regularly, manufactured and supplied same or similar Category Products to any Central / State Govt Organization / PSU for number of Financial years as indicated above in the bid document before the bid opening date. Copies of relevant contracts and delivery acceptance certificates like CRAC to be submitted along with bid in support of having supplied some quantity during each of the Financial year. In case of bunch bids, the category of primary product having highest value should meet this criterion. 3. OEM Turn Over Criteria: The minimum average annual financial turnover of the OEM of the offered product during the last three years, ending on 31st March of the previous financial year, should be as indicated in the bid document. Documentary evidence in the form of certified Audited Balance Sheets of relevant periods or a certificate from the Chartered Accountant / Cost Accountant indicating the turnover details for the relevant period shall be uploaded with the bid. In case the date of constitution / incorporation of the OEM is less than 3 year old, the average turnover in respect of the completed financial years after the date of constitution shall be taken into account for this criteria. 4. Bid reserved for Make In India products: : Procurement under this bid is reserved for purchase from Class 1 local supplier as defined in public procurement (Preference to Make in India), Order 2017 as amended from time to time and its subsequent Orders/Notifications issued by concerned Nodal Ministry for specific Goods/Products. 3 / 7"
      ],
      "tables": [
        [
          [
            "/Required",
            "No"
          ]
        ],
        [
          [
            "/Required",
            "No"
          ]
        ],
        [
          [
            "/ Reserved for Make In India products",
            "Yes"
          ]
        ],
        [
          [
            "/MSE Purchase Preference",
            "Yes"
          ],
          [
            ", L1+X% / Purchase Preference to MSE OEMs available upto price within L1+X%",
            "15"
          ],
          [
            "/ Maximum Percentage of Bid quantity for MSE purchase preference",
            "25"
          ]
        ]
      ]
    },
    {
      "page_number": 4,
      "used_ocr": false,
      "cleaned_text": "However, eligible micro and small enterprises will be allowed to participate. The minimum local content to qualify as a class 1 local supplier is denoted in the bid document. All bidders must upload a certificate from the OEM regarding the percentage of the local content and the details of locations at which the local value addition is made along with their bid, failing which the bid is liable to be rejected. In case the bid value is more than Rs 10 Crore, the declaration relating to percentage of local content shall be certified by the statutory auditor or cost auditor, if the OEM is a company and by a practicing cost accountant or a chartered accountant for OEMs other than companies as per the Public Procurement (preference to Make-in -India) order 2017 dated 04.06.2020 . In case Buyer has selected Purchase preference to Micro and Small Enterprises clause in the bid, the same will get precedence over this clause. 5. Purchase preference will be given to MSEs having valid Udyam Registration and whose credentials are validated online through Udyam Registration portal as defined in Public Procurement Policy for Micro and Small Enterprises (MSEs) Order, 2012 dated 23.03.2012 issued by Ministry of Micro, Small and Medium Enterprises and its subsequent Orders/Notifications issued by concerned Ministry. If the bidder wants to avail themselves of the Purchase preference, the bidder must be the manufacturer / OEM of the offered product on GeM. Traders are excluded from the purview of Public Procurement Policy for Micro and Small Enterprises and hence resellers offering products manufactured by some other OEM are not eligible for any purchase preference. In respect of bid for Services, the bidder must be the Service provider of the offered Service. Relevant documentary evidence in this regard shall be uploaded along with the bid in respect of the offered product or service and Buyer will decide eligibility for purchase preference based on documentary evidence submitted, while evaluating the bid. If L-1 is not an MSE and MSE Seller (s) has / have quoted price within L-1+ 15% (Selected by Buyer) of margin of purchase preference /price band defined in relevant policy, such MSE Seller shall be given opportunity to match L-1 price and contract will be awarded for 25% (selected by Buyer) percentage of total quantity. The buyers are advised to refer the OM No. F.1/4/2021-PPD dated 18.05.2023 OM_No.1_4_2021_PPD_dated_18.05.2023 for compliance of Concurrent application of Public Procurement Policy for Micro and Small Enterprises Order, 2012 and Public Procurement (Preference to Make in India) Order, 2017. Benefits of MSE will be allowed only if seller is validated on-line in GeM profile as well as validated and approved by Buyer after evaluation of documents submitted. 6. Past Performance: The Bidder or its OEM {themselves or through re-seller(s)} should have supplied same or similar Category Products for 50% of bid quantity, in at least one of the last three Financial years before the bid opening date to any Central / State Govt Organization / PSU. Copies of relevant contracts (proving supply of cumulative order quantity in any one financial year) to be submitted along with bid in support of quantity supplied in the relevant Financial year. In case of bunch bids, the category related to primary product having highest bid value should meet this criterion. 7. Reverse Auction would be conducted amongst first 50% of the technically qualified bidders arranged in the order of prices from lowest to highest. Number of sellers eligible for participating in RA would be rounded off to next higher integer value if number of technically qualified bidders is odd (e.g. if 7 bids are technically qualified, then RA will be conducted amongst L-1 to L-4). In case number of technically qualified bidders are 2 or 3, RA will be between all without any elimination. If Buyer has chosen to split the bid amongst N sellers, then minimum N sellers would be taken to RA round. In case Primary products of only one OEM are left in contention for participation in RA based on lowest 50% bidders qualifying for RA, the number of sellers qualifying for RA would be increased to get at least products of one more OEM (directly participated or through its reseller) if available. Further, if bid(s) of any seller(s) eligible for MSE preference is / are coming within price band of 15% of Non MSE L-1 or if bid of any seller(s) eligible for Make in India preference is / are coming within price band of 20% of non MII L-1, then such MSE / Make in India seller shall also be allowed to participate in the RA process. EG4+ CARTRIDGE (BOX OF 25 KIT) ( 6 box ) (Minimum 50% Local Content required for qualifying as Class 1 Local Supplier) /Technical Specifications /Buyer Download Specification Document // /Consignees/Reporting Officer and Quantity 4 / 7",
      "lines": [
        "However, eligible micro and small enterprises will be allowed to participate. The minimum local content to qualify as a class 1 local supplier is denoted in the bid document. All bidders must upload a certificate from the OEM regarding the percentage of the local content and the details of locations at which the local value addition is made along with their bid, failing which the bid is liable to be rejected. In case the bid value is more than Rs 10 Crore, the declaration relating to percentage of local content shall be certified by the statutory auditor or cost auditor, if the OEM is a company and by a practicing cost accountant or a chartered accountant for OEMs other than companies as per the Public Procurement (preference to Make-in -India) order 2017 dated 04.06.2020 . In case Buyer has selected Purchase preference to Micro and Small Enterprises clause in the bid, the same will get precedence over this clause. 5. Purchase preference will be given to MSEs having valid Udyam Registration and whose credentials are validated online through Udyam Registration portal as defined in Public Procurement Policy for Micro and Small Enterprises (MSEs) Order, 2012 dated 23.03.2012 issued by Ministry of Micro, Small and Medium Enterprises and its subsequent Orders/Notifications issued by concerned Ministry. If the bidder wants to avail themselves of the Purchase preference, the bidder must be the manufacturer / OEM of the offered product on GeM. Traders are excluded from the purview of Public Procurement Policy for Micro and Small Enterprises and hence resellers offering products manufactured by some other OEM are not eligible for any purchase preference. In respect of bid for Services, the bidder must be the Service provider of the offered Service. Relevant documentary evidence in this regard shall be uploaded along with the bid in respect of the offered product or service and Buyer will decide eligibility for purchase preference based on documentary evidence submitted, while evaluating the bid. If L-1 is not an MSE and MSE Seller (s) has / have quoted price within L-1+ 15% (Selected by Buyer) of margin of purchase preference /price band defined in relevant policy, such MSE Seller shall be given opportunity to match L-1 price and contract will be awarded for 25% (selected by Buyer) percentage of total quantity. The buyers are advised to refer the OM No. F.1/4/2021-PPD dated 18.05.2023 OM_No.1_4_2021_PPD_dated_18.05.2023 for compliance of Concurrent application of Public Procurement Policy for Micro and Small Enterprises Order, 2012 and Public Procurement (Preference to Make in India) Order, 2017. Benefits of MSE will be allowed only if seller is validated on-line in GeM profile as well as validated and approved by Buyer after evaluation of documents submitted. 6. Past Performance: The Bidder or its OEM {themselves or through re-seller(s)} should have supplied same or similar Category Products for 50% of bid quantity, in at least one of the last three Financial years before the bid opening date to any Central / State Govt Organization / PSU. Copies of relevant contracts (proving supply of cumulative order quantity in any one financial year) to be submitted along with bid in support of quantity supplied in the relevant Financial year. In case of bunch bids, the category related to primary product having highest bid value should meet this criterion. 7. Reverse Auction would be conducted amongst first 50% of the technically qualified bidders arranged in the order of prices from lowest to highest. Number of sellers eligible for participating in RA would be rounded off to next higher integer value if number of technically qualified bidders is odd (e.g. if 7 bids are technically qualified, then RA will be conducted amongst L-1 to L-4). In case number of technically qualified bidders are 2 or 3, RA will be between all without any elimination. If Buyer has chosen to split the bid amongst N sellers, then minimum N sellers would be taken to RA round. In case Primary products of only one OEM are left in contention for participation in RA based on lowest 50% bidders qualifying for RA, the number of sellers qualifying for RA would be increased to get at least products of one more OEM (directly participated or through its reseller) if available. Further, if bid(s) of any seller(s) eligible for MSE preference is / are coming within price band of 15% of Non MSE L-1 or if bid of any seller(s) eligible for Make in India preference is / are coming within price band of 20% of non MII L-1, then such MSE / Make in India seller shall also be allowed to participate in the RA process. EG4+ CARTRIDGE (BOX OF 25 KIT) ( 6 box ) (Minimum 50% Local Content required for qualifying as Class 1 Local Supplier) /Technical Specifications /Buyer Download Specification Document // /Consignees/Reporting Officer and Quantity 4 / 7"
      ],
      "tables": [
        [
          [
            "/Buyer Specification Document",
            "Download"
          ]
        ]
      ]
    },
    {
      "page_number": 5,
      "used_ocr": false,
      "cleaned_text": "// ..../S.N /Delivery o. /Consignee /Address /Quantity Days Reporting/Officer 1 *********** ***********SRINAGAR 6 30 CG4+ CARTRIDGE (BOX OF 25 KIT) ( 6 box ) (Minimum 50% Local Content required for qualifying as Class 1 Local Supplier) /Technical Specifications /Buyer Download Specification Document // /Consignees/Reporting Officer and Quantity // ..../S.N /Delivery o. /Consignee /Address /Quantity Days Reporting/Officer 1 *********** ***********SRINAGAR 6 30 /Buyer Added Bid Specific Terms and Conditions 1. Generic OPTION CLAUSE: The Purchaser reserves the right to increase or decrease the quantity to be ordered up to 50 percent of bid quantity at the time of placement of contract. The purchaser also reserves the right to increase the ordered quantity up to 50% of the contracted quantity during the currency of the contract at the contracted rates. The delivery period of quantity shall commence from the last date of original delivery order and in cases where option clause is exercised during the extended delivery period the additional time shall commence from the last date of extended delivery period. The additional delivery time shall be (Increased quantity ÷ Original quantity) × Original delivery period (in days), subject to minimum of 30 days. If the original delivery period is less than 30 days, the additional time equals the original delivery period. The Purchaser may extend this calculated delivery duration up to the original delivery period while exercising the option clause. Bidders must comply with these terms. /Disclaimer The additional terms and conditions have been incorporated by the Buyer after approval of the Competent Authority in Buyer Organization, whereby Buyer organization is solely responsible for the impact of these clauses on the bidding process, its outcome, and consequences thereof including any eccentricity / restriction arising in the bidding process due to these ATCs and due to modification of technical specifications and / or terms and conditions governing the bid. If any clause(s) is / are incorporated by the Buyer regarding following, the bid and resultant contracts shall be treated as null and void and such bids may be cancelled by GeM at any stage of bidding process without any notice:- 1. Definition of Class I and Class II suppliers in the bid not in line with the extant Order / Office Memorandum 5 / 7",
      "lines": [
        "// ..../S.N /Delivery o. /Consignee /Address /Quantity Days Reporting/Officer 1 *********** ***********SRINAGAR 6 30 CG4+ CARTRIDGE (BOX OF 25 KIT) ( 6 box ) (Minimum 50% Local Content required for qualifying as Class 1 Local Supplier) /Technical Specifications /Buyer Download Specification Document // /Consignees/Reporting Officer and Quantity // ..../S.N /Delivery o. /Consignee /Address /Quantity Days Reporting/Officer 1 *********** ***********SRINAGAR 6 30 /Buyer Added Bid Specific Terms and Conditions 1. Generic OPTION CLAUSE: The Purchaser reserves the right to increase or decrease the quantity to be ordered up to 50 percent of bid quantity at the time of placement of contract. The purchaser also reserves the right to increase the ordered quantity up to 50% of the contracted quantity during the currency of the contract at the contracted rates. The delivery period of quantity shall commence from the last date of original delivery order and in cases where option clause is exercised during the extended delivery period the additional time shall commence from the last date of extended delivery period. The additional delivery time shall be (Increased quantity ÷ Original quantity) × Original delivery period (in days), subject to minimum of 30 days. If the original delivery period is less than 30 days, the additional time equals the original delivery period. The Purchaser may extend this calculated delivery duration up to the original delivery period while exercising the option clause. Bidders must comply with these terms. /Disclaimer The additional terms and conditions have been incorporated by the Buyer after approval of the Competent Authority in Buyer Organization, whereby Buyer organization is solely responsible for the impact of these clauses on the bidding process, its outcome, and consequences thereof including any eccentricity / restriction arising in the bidding process due to these ATCs and due to modification of technical specifications and / or terms and conditions governing the bid. If any clause(s) is / are incorporated by the Buyer regarding following, the bid and resultant contracts shall be treated as null and void and such bids may be cancelled by GeM at any stage of bidding process without any notice:- 1. Definition of Class I and Class II suppliers in the bid not in line with the extant Order / Office Memorandum 5 / 7"
      ],
      "tables": [
        [
          [
            "..../S.N o.",
            "// /Consignee Reporting/Officer",
            "/Address",
            "/Quantity",
            "/Delivery Days"
          ],
          [
            "1",
            "***********",
            "***********SRINAGAR",
            "6",
            "30"
          ]
        ],
        [
          [
            "/Buyer Specification Document",
            "Download"
          ]
        ],
        [
          [
            "..../S.N o.",
            "// /Consignee Reporting/Officer",
            "/Address",
            "/Quantity",
            "/Delivery Days"
          ],
          [
            "1",
            "***********",
            "***********SRINAGAR",
            "6",
            "30"
          ]
        ]
      ]
    },
    {
      "page_number": 6,
      "used_ocr": false,
      "cleaned_text": "issued by DPIIT in this regard. 2. Seeking EMD submission from bidder(s), including via Additional Terms & Conditions, in contravention to exemption provided to such sellers under GeM GTC. 3. Publishing Custom / BOQ bids for items for which regular GeM categories are available without any Category item bunched with it. 4. Creating BoQ bid for single item. 5. Mentioning specific Brand or Make or Model or Manufacturer or Dealer name. 6. Mandating submission of documents in physical form as a pre-requisite to qualify bidders. 7. Floating / creation of work contracts as Custom Bids in Services. 8. Seeking sample with bid or approval of samples during bid evaluation process. (However, in bids for attached categories, trials are allowed as per approved procurement policy of the buyer nodal Ministries) 9. Mandating foreign / international certifications even in case of existence of Indian Standards without specifying equivalent Indian Certification / standards. 10. Seeking experience from specific organization / department / institute only or from foreign / export experience. 11. Creating bid for items from irrelevant categories. 12. Incorporating any clause against the MSME policy and Preference to Make in India Policy. 13. Reference of conditions published on any external site or reference to external documents/clauses. 14. Asking for any Tender fee / Bid Participation fee / Auction fee in case of Bids / Forward Auction, as the case may be. 15. Buyer added ATC Clauses which are in contravention of clauses defined by buyer in system generated bid template as indicated above in the Bid Details section, EMD Detail, ePBG Detail and MII and MSE Purchase Preference sections of the bid, unless otherwise allowed by GeM GTC. 16. In a category based bid, adding additional items, through buyer added additional scope of work/ additional terms and conditions/or any other document. If buyer needs more items along with the main item, the same must be added through bunching category based items or by bunching custom catalogs or bunching a BoQ with the main category based item, the same must not be done through ATC or Scope of Work. Further, if any seller has any objection/grievance against these additional clauses or otherwise on any aspect of this bid, they can raise their representation against the same by using the Representation window provided in the bid details field in Seller dashboard after logging in as a seller within 4 days of bid publication on GeM. Buyer is duty bound to reply to all such representations and would not be allowed to open bids if he fails to reply to such representations. All GeM Sellers/Service Providers shall ensure full compliance with all applicable labour laws, including the provisions, rules, schemes and guidelines under the four Labour Codes i.e. the Code on Wages, 2019; the Industrial Relations Code, 2020; the Occupational Safety, Health and Working Conditions Code, 2020; and the Code on Social Security, 2020 as and when notified and brought into force by the Government of India. For all provisions of the Labour Codes that are pending operationalisation through rules, schemes or notifications, the corresponding provisions of the pre-existing labour enactments (such as The Minimum Wages Act, 1948, The Payment of Wages Act, 1936, The Payment of Bonus Act, 1965, The Equal Remuneration Act, 1976, The Payment of Gratuity Act, 1972, etc. and relevant State Rules) shall continue to remain applicable. The Seller/ Service Providers shall, therefore, be responsible for ensuring compliance under: All notified and enforceable provisions of the new Labour Codes as mentioned hereinabove; and All operative provisions of the erstwhile Labour Laws until their complete substitution. All obligations relating to wages, social security, safety, working conditions, industrial relations etc. and any other statutory requirements shall be strictly met by the Seller/ Service Provider. Any non- compliance shall constitute a breach of the contract and shall entitle the Buyer to take appropriate action in accordance with the contract and applicable law. /This Bid is also governed by the General Terms and Conditions 6 / 7",
      "lines": [
        "issued by DPIIT in this regard. 2. Seeking EMD submission from bidder(s), including via Additional Terms & Conditions, in contravention to exemption provided to such sellers under GeM GTC. 3. Publishing Custom / BOQ bids for items for which regular GeM categories are available without any Category item bunched with it. 4. Creating BoQ bid for single item. 5. Mentioning specific Brand or Make or Model or Manufacturer or Dealer name. 6. Mandating submission of documents in physical form as a pre-requisite to qualify bidders. 7. Floating / creation of work contracts as Custom Bids in Services. 8. Seeking sample with bid or approval of samples during bid evaluation process. (However, in bids for attached categories, trials are allowed as per approved procurement policy of the buyer nodal Ministries) 9. Mandating foreign / international certifications even in case of existence of Indian Standards without specifying equivalent Indian Certification / standards. 10. Seeking experience from specific organization / department / institute only or from foreign / export experience. 11. Creating bid for items from irrelevant categories. 12. Incorporating any clause against the MSME policy and Preference to Make in India Policy. 13. Reference of conditions published on any external site or reference to external documents/clauses. 14. Asking for any Tender fee / Bid Participation fee / Auction fee in case of Bids / Forward Auction, as the case may be. 15. Buyer added ATC Clauses which are in contravention of clauses defined by buyer in system generated bid template as indicated above in the Bid Details section, EMD Detail, ePBG Detail and MII and MSE Purchase Preference sections of the bid, unless otherwise allowed by GeM GTC. 16. In a category based bid, adding additional items, through buyer added additional scope of work/ additional terms and conditions/or any other document. If buyer needs more items along with the main item, the same must be added through bunching category based items or by bunching custom catalogs or bunching a BoQ with the main category based item, the same must not be done through ATC or Scope of Work. Further, if any seller has any objection/grievance against these additional clauses or otherwise on any aspect of this bid, they can raise their representation against the same by using the Representation window provided in the bid details field in Seller dashboard after logging in as a seller within 4 days of bid publication on GeM. Buyer is duty bound to reply to all such representations and would not be allowed to open bids if he fails to reply to such representations. All GeM Sellers/Service Providers shall ensure full compliance with all applicable labour laws, including the provisions, rules, schemes and guidelines under the four Labour Codes i.e. the Code on Wages, 2019; the Industrial Relations Code, 2020; the Occupational Safety, Health and Working Conditions Code, 2020; and the Code on Social Security, 2020 as and when notified and brought into force by the Government of India. For all provisions of the Labour Codes that are pending operationalisation through rules, schemes or notifications, the corresponding provisions of the pre-existing labour enactments (such as The Minimum Wages Act, 1948, The Payment of Wages Act, 1936, The Payment of Bonus Act, 1965, The Equal Remuneration Act, 1976, The Payment of Gratuity Act, 1972, etc. and relevant State Rules) shall continue to remain applicable. The Seller/ Service Providers shall, therefore, be responsible for ensuring compliance under: All notified and enforceable provisions of the new Labour Codes as mentioned hereinabove; and All operative provisions of the erstwhile Labour Laws until their complete substitution. All obligations relating to wages, social security, safety, working conditions, industrial relations etc. and any other statutory requirements shall be strictly met by the Seller/ Service Provider. Any non- compliance shall constitute a breach of the contract and shall entitle the Buyer to take appropriate action in accordance with the contract and applicable law. /This Bid is also governed by the General Terms and Conditions 6 / 7"
      ],
      "tables": []
    },
    {
      "page_number": 7,
      "used_ocr": false,
      "cleaned_text": "26 /In terms of GeM GTC clause 26 regarding Restrictions on procurement from a bidder of a country which shares a land border with India, any bidder from a country which shares a land border with India will be eligible to bid in this tender only if the bidder is registered with the Competent Authority. While participating in bid, Bidder has to undertake compliance of this and any false declaration and non-compliance of this would be a ground for immediate termination of the contract and further legal action in accordance with the laws. ---/Thank You--- 7 / 7",
      "lines": [
        "26 /In terms of GeM GTC clause 26 regarding Restrictions on procurement from a bidder of a country which shares a land border with India, any bidder from a country which shares a land border with India will be eligible to bid in this tender only if the bidder is registered with the Competent Authority. While participating in bid, Bidder has to undertake compliance of this and any false declaration and non-compliance of this would be a ground for immediate termination of the contract and further legal action in accordance with the laws. ---/Thank You--- 7 / 7"
      ],
      "tables": []
    }
  ],
  "links": [
    {
      "page_number": 1,
      "uri": "https://bidplus.gem.gov.in/bidding/downloadOmppdfile/",
      "attachment_filename": null,
      "rect": null,
      "label": null,
      "source": "dict:/URI"
    },
    {
      "page_number": 1,
      "uri": "https://mkp.gem.gov.in/catalog_data/catalog_support_document/buyer_documents/13373327/54/78/703/CatalogAttrs/SpecificationDocument/2025/12/17/bbqr-3_2025-12-17-12-13-53_ca7e20b44a5ec95925e098b64e791691.pdf",
      "attachment_filename": null,
      "rect": null,
      "label": null,
      "source": "dict:/URI"
    },
    {
      "page_number": 1,
      "uri": "https://mkp.gem.gov.in/catalog_data/catalog_support_document/buyer_documents/13373327/54/78/703/CatalogAttrs/SpecificationDocument/2025/12/17/bbqr-3_2025-12-17-12-09-34_051e8a4762efc90dbdb852608c4b9bca.pdf",
      "attachment_filename": null,
      "rect": null,
      "label": null,
      "source": "dict:/URI"
    },
    {
      "page_number": 1,
      "uri": "https://assets-bg.gem.gov.in/resources/upload/shared_doc/list-of-categories-where-trials-are-allowed_1712126171.pdf",
      "attachment_filename": null,
      "rect": null,
      "label": null,
      "source": "dict:/URI"
    },
    {
      "page_number": 1,
      "uri": "https://admin.gem.gov.in/apis/v1/gtc/pdfByDate/?date=20251230",
      "attachment_filename": null,
      "rect": null,
      "label": null,
      "source": "dict:/URI"
    },
    {
      "page_number": 2,
      "uri": "https://bidplus.gem.gov.in/bidding/downloadOmppdfile/",
      "attachment_filename": null,
      "rect": null,
      "label": null,
      "source": "dict:/URI"
    },
    {
      "page_number": 2,
      "uri": "https://mkp.gem.gov.in/catalog_data/catalog_support_document/buyer_documents/13373327/54/78/703/CatalogAttrs/SpecificationDocument/2025/12/17/bbqr-3_2025-12-17-12-13-53_ca7e20b44a5ec95925e098b64e791691.pdf",
      "attachment_filename": null,
      "rect": null,
      "label": null,
      "source": "dict:/URI"
    },
    {
      "page_number": 2,
      "uri": "https://mkp.gem.gov.in/catalog_data/catalog_support_document/buyer_documents/13373327/54/78/703/CatalogAttrs/SpecificationDocument/2025/12/17/bbqr-3_2025-12-17-12-09-34_051e8a4762efc90dbdb852608c4b9bca.pdf",
      "attachment_filename": null,
      "rect": null,
      "label": null,
      "source": "dict:/URI"
    },
    {
      "page_number": 2,
      "uri": "https://assets-bg.gem.gov.in/resources/upload/shared_doc/list-of-categories-where-trials-are-allowed_1712126171.pdf",
      "attachment_filename": null,
      "rect": null,
      "label": null,
      "source": "dict:/URI"
    },
    {
      "page_number": 2,
      "uri": "https://admin.gem.gov.in/apis/v1/gtc/pdfByDate/?date=20251230",
      "attachment_filename": null,
      "rect": null,
      "label": null,
      "source": "dict:/URI"
    },
    {
      "page_number": 3,
      "uri": "https://bidplus.gem.gov.in/bidding/downloadOmppdfile/",
      "attachment_filename": null,
      "rect": null,
      "label": null,
      "source": "dict:/URI"
    },
    {
      "page_number": 3,
      "uri": "https://mkp.gem.gov.in/catalog_data/catalog_support_document/buyer_documents/13373327/54/78/703/CatalogAttrs/SpecificationDocument/2025/12/17/bbqr-3_2025-12-17-12-13-53_ca7e20b44a5ec95925e098b64e791691.pdf",
      "attachment_filename": null,
      "rect": null,
      "label": null,
      "source": "dict:/URI"
    },
    {
      "page_number": 3,
      "uri": "https://mkp.gem.gov.in/catalog_data/catalog_support_document/buyer_documents/13373327/54/78/703/CatalogAttrs/SpecificationDocument/2025/12/17/bbqr-3_2025-12-17-12-09-34_051e8a4762efc90dbdb852608c4b9bca.pdf",
      "attachment_filename": null,
      "rect": null,
      "label": null,
      "source": "dict:/URI"
    },
    {
      "page_number": 3,
      "uri": "https://assets-bg.gem.gov.in/resources/upload/shared_doc/list-of-categories-where-trials-are-allowed_1712126171.pdf",
      "attachment_filename": null,
      "rect": null,
      "label": null,
      "source": "dict:/URI"
    },
    {
      "page_number": 3,
      "uri": "https://admin.gem.gov.in/apis/v1/gtc/pdfByDate/?date=20251230",
      "attachment_filename": null,
      "rect": null,
      "label": null,
      "source": "dict:/URI"
    },
    {
      "page_number": 4,
      "uri": "https://bidplus.gem.gov.in/bidding/downloadOmppdfile/",
      "attachment_filename": null,
      "rect": [
        323.25,
        526.25,
        510.0,
        537.5
      ],
      "label": "(directly is / are participated coming within or through price band its reseller) of 15% if of available. Non",
      "source": "dict:/URI"
    },
    {
      "page_number": 4,
      "uri": "https://mkp.gem.gov.in/catalog_data/catalog_support_document/buyer_documents/13373327/54/78/703/CatalogAttrs/SpecificationDocument/2025/12/17/bbqr-3_2025-12-17-12-13-53_ca7e20b44a5ec95925e098b64e791691.pdf",
      "attachment_filename": null,
      "rect": [
        201.0,
        177.5,
        246.0,
        188.75
      ],
      "label": "dated Registration 23.03.2012",
      "source": "dict:/URI"
    },
    {
      "page_number": 4,
      "uri": "https://bidplus.gem.gov.in/bidding/downloadOmppdfile/",
      "attachment_filename": null,
      "rect": null,
      "label": null,
      "source": "dict:/URI"
    },
    {
      "page_number": 4,
      "uri": "https://mkp.gem.gov.in/catalog_data/catalog_support_document/buyer_documents/13373327/54/78/703/CatalogAttrs/SpecificationDocument/2025/12/17/bbqr-3_2025-12-17-12-13-53_ca7e20b44a5ec95925e098b64e791691.pdf",
      "attachment_filename": null,
      "rect": null,
      "label": null,
      "source": "dict:/URI"
    },
    {
      "page_number": 4,
      "uri": "https://mkp.gem.gov.in/catalog_data/catalog_support_document/buyer_documents/13373327/54/78/703/CatalogAttrs/SpecificationDocument/2025/12/17/bbqr-3_2025-12-17-12-09-34_051e8a4762efc90dbdb852608c4b9bca.pdf",
      "attachment_filename": null,
      "rect": null,
      "label": null,
      "source": "dict:/URI"
    },
    {
      "page_number": 4,
      "uri": "https://assets-bg.gem.gov.in/resources/upload/shared_doc/list-of-categories-where-trials-are-allowed_1712126171.pdf",
      "attachment_filename": null,
      "rect": null,
      "label": null,
      "source": "dict:/URI"
    },
    {
      "page_number": 4,
      "uri": "https://admin.gem.gov.in/apis/v1/gtc/pdfByDate/?date=20251230",
      "attachment_filename": null,
      "rect": null,
      "label": null,
      "source": "dict:/URI"
    },
    {
      "page_number": 5,
      "uri": "https://mkp.gem.gov.in/catalog_data/catalog_support_document/buyer_documents/13373327/54/78/703/CatalogAttrs/SpecificationDocument/2025/12/17/bbqr-3_2025-12-17-12-09-34_051e8a4762efc90dbdb852608c4b9bca.pdf",
      "attachment_filename": null,
      "rect": [
        201.0,
        605.0,
        246.0,
        616.25
      ],
      "label": "the option",
      "source": "dict:/URI"
    },
    {
      "page_number": 5,
      "uri": "https://bidplus.gem.gov.in/bidding/downloadOmppdfile/",
      "attachment_filename": null,
      "rect": null,
      "label": null,
      "source": "dict:/URI"
    },
    {
      "page_number": 5,
      "uri": "https://mkp.gem.gov.in/catalog_data/catalog_support_document/buyer_documents/13373327/54/78/703/CatalogAttrs/SpecificationDocument/2025/12/17/bbqr-3_2025-12-17-12-13-53_ca7e20b44a5ec95925e098b64e791691.pdf",
      "attachment_filename": null,
      "rect": null,
      "label": null,
      "source": "dict:/URI"
    },
    {
      "page_number": 5,
      "uri": "https://mkp.gem.gov.in/catalog_data/catalog_support_document/buyer_documents/13373327/54/78/703/CatalogAttrs/SpecificationDocument/2025/12/17/bbqr-3_2025-12-17-12-09-34_051e8a4762efc90dbdb852608c4b9bca.pdf",
      "attachment_filename": null,
      "rect": null,
      "label": null,
      "source": "dict:/URI"
    },
    {
      "page_number": 5,
      "uri": "https://assets-bg.gem.gov.in/resources/upload/shared_doc/list-of-categories-where-trials-are-allowed_1712126171.pdf",
      "attachment_filename": null,
      "rect": null,
      "label": null,
      "source": "dict:/URI"
    },
    {
      "page_number": 5,
      "uri": "https://admin.gem.gov.in/apis/v1/gtc/pdfByDate/?date=20251230",
      "attachment_filename": null,
      "rect": null,
      "label": null,
      "source": "dict:/URI"
    },
    {
      "page_number": 6,
      "uri": "https://assets-bg.gem.gov.in/resources/upload/shared_doc/list-of-categories-where-trials-are-allowed_1712126171.pdf",
      "attachment_filename": null,
      "rect": [
        72.0,
        640.25,
        162.0,
        651.5
      ],
      "label": "Seller/ Service Providers",
      "source": "dict:/URI"
    },
    {
      "page_number": 6,
      "uri": "https://admin.gem.gov.in/apis/v1/gtc/pdfByDate/?date=20251230",
      "attachment_filename": null,
      "rect": [
        63.0,
        62.0,
        531.75,
        73.25
      ],
      "label": "issued by DPIIT in this regard.",
      "source": "dict:/URI"
    },
    {
      "page_number": 6,
      "uri": "https://bidplus.gem.gov.in/bidding/downloadOmppdfile/",
      "attachment_filename": null,
      "rect": null,
      "label": null,
      "source": "dict:/URI"
    },
    {
      "page_number": 6,
      "uri": "https://mkp.gem.gov.in/catalog_data/catalog_support_document/buyer_documents/13373327/54/78/703/CatalogAttrs/SpecificationDocument/2025/12/17/bbqr-3_2025-12-17-12-13-53_ca7e20b44a5ec95925e098b64e791691.pdf",
      "attachment_filename": null,
      "rect": null,
      "label": null,
      "source": "dict:/URI"
    },
    {
      "page_number": 6,
      "uri": "https://mkp.gem.gov.in/catalog_data/catalog_support_document/buyer_documents/13373327/54/78/703/CatalogAttrs/SpecificationDocument/2025/12/17/bbqr-3_2025-12-17-12-09-34_051e8a4762efc90dbdb852608c4b9bca.pdf",
      "attachment_filename": null,
      "rect": null,
      "label": null,
      "source": "dict:/URI"
    },
    {
      "page_number": 6,
      "uri": "https://assets-bg.gem.gov.in/resources/upload/shared_doc/list-of-categories-where-trials-are-allowed_1712126171.pdf",
      "attachment_filename": null,
      "rect": null,
      "label": null,
      "source": "dict:/URI"
    },
    {
      "page_number": 6,
      "uri": "https://admin.gem.gov.in/apis/v1/gtc/pdfByDate/?date=20251230",
      "attachment_filename": null,
      "rect": null,
      "label": null,
      "source": "dict:/URI"
    },
    {
      "page_number": 7,
      "uri": "https://bidplus.gem.gov.in/bidding/downloadOmppdfile/",
      "attachment_filename": null,
      "rect": null,
      "label": null,
      "source": "dict:/URI"
    },
    {
      "page_number": 7,
      "uri": "https://mkp.gem.gov.in/catalog_data/catalog_support_document/buyer_documents/13373327/54/78/703/CatalogAttrs/SpecificationDocument/2025/12/17/bbqr-3_2025-12-17-12-13-53_ca7e20b44a5ec95925e098b64e791691.pdf",
      "attachment_filename": null,
      "rect": null,
      "label": null,
      "source": "dict:/URI"
    },
    {
      "page_number": 7,
      "uri": "https://mkp.gem.gov.in/catalog_data/catalog_support_document/buyer_documents/13373327/54/78/703/CatalogAttrs/SpecificationDocument/2025/12/17/bbqr-3_2025-12-17-12-09-34_051e8a4762efc90dbdb852608c4b9bca.pdf",
      "attachment_filename": null,
      "rect": null,
      "label": null,
      "source": "dict:/URI"
    },
    {
      "page_number": 7,
      "uri": "https://assets-bg.gem.gov.in/resources/upload/shared_doc/list-of-categories-where-trials-are-allowed_1712126171.pdf",
      "attachment_filename": null,
      "rect": null,
      "label": null,
      "source": "dict:/URI"
    },
    {
      "page_number": 7,
      "uri": "https://admin.gem.gov.in/apis/v1/gtc/pdfByDate/?date=20251230",
      "attachment_filename": null,
      "rect": null,
      "label": null,
      "source": "dict:/URI"
    }
  ],
  "combined_cleaned_text": "/Bid Number: GEM/2025/B/7013101 /Dated: 30-12-2025 / Bid Document //Bid Details // /Bid End Date/Time 09-01-2026 14:00:00 // /Bid Opening 09-01-2026 14:30:00 Date/Time (( ))/Bid Offer 180 (Days) Validity (From End Date) // /Ministry/State Name Ministry Of Defence /Department Name Department Of Military Affairs /Organisation Name Indian Army /Office Name *********** /Total Quantity 12 EG4+ CARTRIDGE (BOX OF 25 KIT) , CG4+ CARTRIDGE (BOX /Item Category OF 25 KIT) GeMARPTS / Searched CG4+ CARTRIDGE (BOX OF 25 KIT) Strings used in GeMARPTS Point of Care Rapid Test Kits for Humans – Dengue, Malaria, Typhoid & Others, Lubricating soaps, Swing (Preschool Kit), Wild - Life Cages, Rapid Test Kit for HIV / Syphilis / Hepatitis B Virus (HBV) / Hepatitis C Virus (HCV), Precast Concrete GeMARPTS / Searched Pipes (With And Without Reinforcement) (V2) As Per Is 458, Result generated in GeMARPTS Alumino - Ferric (V2) Conforming to IS 299, Alphabet Block Set / Number Block Set (Preschool Kit), Endotracheal Tube - Sterile (Single Use), Galvanized Steel Chain Link Fence Fabric (V2) conforming to IS 2721 / Relevant Arterial Blood Gas Analyzer (V2) Categories selected for notification ((33 )) /Minimum Average Annual Turnover of the 1 Lakh (s) bidder (For 3 Years) (( 33 4 Lakh (s) ))/OEM Average Turnover (Last 3 Years) // /Years of Past Experience Required for 3 Year (s) same/similar service 1 / 7\n\n//Bid Details /MSE Relaxation for Years of No Experience and Turnover /Startup Relaxation for Years of No Experience and Turnover Experience Criteria,Past Performance,Bidder Turnover,Certificate (Requested in ATC),OEM Authorization Certificate,OEM Annual Turnover,Compliance of BoQ /Document required specification and supporting document from seller *In case any bidder is seeking exemption from Experience / Turnover Criteria, the supporting documents to prove his eligibility for exemption must be uploaded for evaluation by the buyer No ?? /Do you want to show documents uploaded by bidders to all bidders participated in bid? / Minimum number of 1 bids required to disable automatic bid extension ,, -- // Number of days for which Bid 3 would be auto--extended // 1 Number of Auto Extension count /Past Performance 50 % /Bid to RA enabled Yes /RA Qualification Rule 50% Lowest Priced Technically Qualified Bidders /Type of Bid Two Packet Bid /Primary product category EG4+ CARTRIDGE (BOX OF 25 KIT) /Time allowed for Technical 2 Days Clarifications during technical evaluation ( / )/Inspection Required (By No Empanelled Inspection Authority / Agencies pre-registered with GeM) /Evaluation Method Total value wise evaluation /Arbitration Clause No /Mediation Clause No 2 / 7\n\n/EMD Detail /Required No /ePBG Detail /Required No / Bid splitting not applied. / Reserved for Make In India products / Reserved for Make In Yes India products /MSE Purchase Preference /MSE Purchase Preference Yes , L1+X% / 15 Purchase Preference to MSE OEMs available upto price within L1+X% / Maximum 25 Percentage of Bid quantity for MSE purchase preference 1. The minimum average annual financial turnover of the bidder during the last three years, ending on 31st March of the previous financial year, should be as indicated above in the bid document. Documentary evidence in the form of certified Audited Balance Sheets of relevant periods or a certificate from the Chartered Accountant / Cost Accountant indicating the turnover details for the relevant period shall be uploaded with the bid. In case the date of constitution / incorporation of the bidder is less than 3-year-old, the average turnover in respect of the completed financial years after the date of constitution shall be taken into account for this criteria. 2. Experience Criteria: In respect of the filter applied for experience criteria, the Bidder or its OEM of the product offered in the bid {themselves or through reseller(s)} should have regularly, manufactured and supplied same or similar Category Products to any Central / State Govt Organization / PSU for number of Financial years as indicated above in the bid document before the bid opening date. Copies of relevant contracts and delivery acceptance certificates like CRAC to be submitted along with bid in support of having supplied some quantity during each of the Financial year. In case of bunch bids, the category of primary product having highest value should meet this criterion. 3. OEM Turn Over Criteria: The minimum average annual financial turnover of the OEM of the offered product during the last three years, ending on 31st March of the previous financial year, should be as indicated in the bid document. Documentary evidence in the form of certified Audited Balance Sheets of relevant periods or a certificate from the Chartered Accountant / Cost Accountant indicating the turnover details for the relevant period shall be uploaded with the bid. In case the date of constitution / incorporation of the OEM is less than 3 year old, the average turnover in respect of the completed financial years after the date of constitution shall be taken into account for this criteria. 4. Bid reserved for Make In India products: : Procurement under this bid is reserved for purchase from Class 1 local supplier as defined in public procurement (Preference to Make in India), Order 2017 as amended from time to time and its subsequent Orders/Notifications issued by concerned Nodal Ministry for specific Goods/Products. 3 / 7\n\nHowever, eligible micro and small enterprises will be allowed to participate. The minimum local content to qualify as a class 1 local supplier is denoted in the bid document. All bidders must upload a certificate from the OEM regarding the percentage of the local content and the details of locations at which the local value addition is made along with their bid, failing which the bid is liable to be rejected. In case the bid value is more than Rs 10 Crore, the declaration relating to percentage of local content shall be certified by the statutory auditor or cost auditor, if the OEM is a company and by a practicing cost accountant or a chartered accountant for OEMs other than companies as per the Public Procurement (preference to Make-in -India) order 2017 dated 04.06.2020 . In case Buyer has selected Purchase preference to Micro and Small Enterprises clause in the bid, the same will get precedence over this clause. 5. Purchase preference will be given to MSEs having valid Udyam Registration and whose credentials are validated online through Udyam Registration portal as defined in Public Procurement Policy for Micro and Small Enterprises (MSEs) Order, 2012 dated 23.03.2012 issued by Ministry of Micro, Small and Medium Enterprises and its subsequent Orders/Notifications issued by concerned Ministry. If the bidder wants to avail themselves of the Purchase preference, the bidder must be the manufacturer / OEM of the offered product on GeM. Traders are excluded from the purview of Public Procurement Policy for Micro and Small Enterprises and hence resellers offering products manufactured by some other OEM are not eligible for any purchase preference. In respect of bid for Services, the bidder must be the Service provider of the offered Service. Relevant documentary evidence in this regard shall be uploaded along with the bid in respect of the offered product or service and Buyer will decide eligibility for purchase preference based on documentary evidence submitted, while evaluating the bid. If L-1 is not an MSE and MSE Seller (s) has / have quoted price within L-1+ 15% (Selected by Buyer) of margin of purchase preference /price band defined in relevant policy, such MSE Seller shall be given opportunity to match L-1 price and contract will be awarded for 25% (selected by Buyer) percentage of total quantity. The buyers are advised to refer the OM No. F.1/4/2021-PPD dated 18.05.2023 OM_No.1_4_2021_PPD_dated_18.05.2023 for compliance of Concurrent application of Public Procurement Policy for Micro and Small Enterprises Order, 2012 and Public Procurement (Preference to Make in India) Order, 2017. Benefits of MSE will be allowed only if seller is validated on-line in GeM profile as well as validated and approved by Buyer after evaluation of documents submitted. 6. Past Performance: The Bidder or its OEM {themselves or through re-seller(s)} should have supplied same or similar Category Products for 50% of bid quantity, in at least one of the last three Financial years before the bid opening date to any Central / State Govt Organization / PSU. Copies of relevant contracts (proving supply of cumulative order quantity in any one financial year) to be submitted along with bid in support of quantity supplied in the relevant Financial year. In case of bunch bids, the category related to primary product having highest bid value should meet this criterion. 7. Reverse Auction would be conducted amongst first 50% of the technically qualified bidders arranged in the order of prices from lowest to highest. Number of sellers eligible for participating in RA would be rounded off to next higher integer value if number of technically qualified bidders is odd (e.g. if 7 bids are technically qualified, then RA will be conducted amongst L-1 to L-4). In case number of technically qualified bidders are 2 or 3, RA will be between all without any elimination. If Buyer has chosen to split the bid amongst N sellers, then minimum N sellers would be taken to RA round. In case Primary products of only one OEM are left in contention for participation in RA based on lowest 50% bidders qualifying for RA, the number of sellers qualifying for RA would be increased to get at least products of one more OEM (directly participated or through its reseller) if available. Further, if bid(s) of any seller(s) eligible for MSE preference is / are coming within price band of 15% of Non MSE L-1 or if bid of any seller(s) eligible for Make in India preference is / are coming within price band of 20% of non MII L-1, then such MSE / Make in India seller shall also be allowed to participate in the RA process. EG4+ CARTRIDGE (BOX OF 25 KIT) ( 6 box ) (Minimum 50% Local Content required for qualifying as Class 1 Local Supplier) /Technical Specifications /Buyer Download Specification Document // /Consignees/Reporting Officer and Quantity 4 / 7\n\n// ..../S.N /Delivery o. /Consignee /Address /Quantity Days Reporting/Officer 1 *********** ***********SRINAGAR 6 30 CG4+ CARTRIDGE (BOX OF 25 KIT) ( 6 box ) (Minimum 50% Local Content required for qualifying as Class 1 Local Supplier) /Technical Specifications /Buyer Download Specification Document // /Consignees/Reporting Officer and Quantity // ..../S.N /Delivery o. /Consignee /Address /Quantity Days Reporting/Officer 1 *********** ***********SRINAGAR 6 30 /Buyer Added Bid Specific Terms and Conditions 1. Generic OPTION CLAUSE: The Purchaser reserves the right to increase or decrease the quantity to be ordered up to 50 percent of bid quantity at the time of placement of contract. The purchaser also reserves the right to increase the ordered quantity up to 50% of the contracted quantity during the currency of the contract at the contracted rates. The delivery period of quantity shall commence from the last date of original delivery order and in cases where option clause is exercised during the extended delivery period the additional time shall commence from the last date of extended delivery period. The additional delivery time shall be (Increased quantity ÷ Original quantity) × Original delivery period (in days), subject to minimum of 30 days. If the original delivery period is less than 30 days, the additional time equals the original delivery period. The Purchaser may extend this calculated delivery duration up to the original delivery period while exercising the option clause. Bidders must comply with these terms. /Disclaimer The additional terms and conditions have been incorporated by the Buyer after approval of the Competent Authority in Buyer Organization, whereby Buyer organization is solely responsible for the impact of these clauses on the bidding process, its outcome, and consequences thereof including any eccentricity / restriction arising in the bidding process due to these ATCs and due to modification of technical specifications and / or terms and conditions governing the bid. If any clause(s) is / are incorporated by the Buyer regarding following, the bid and resultant contracts shall be treated as null and void and such bids may be cancelled by GeM at any stage of bidding process without any notice:- 1. Definition of Class I and Class II suppliers in the bid not in line with the extant Order / Office Memorandum 5 / 7\n\nissued by DPIIT in this regard. 2. Seeking EMD submission from bidder(s), including via Additional Terms & Conditions, in contravention to exemption provided to such sellers under GeM GTC. 3. Publishing Custom / BOQ bids for items for which regular GeM categories are available without any Category item bunched with it. 4. Creating BoQ bid for single item. 5. Mentioning specific Brand or Make or Model or Manufacturer or Dealer name. 6. Mandating submission of documents in physical form as a pre-requisite to qualify bidders. 7. Floating / creation of work contracts as Custom Bids in Services. 8. Seeking sample with bid or approval of samples during bid evaluation process. (However, in bids for attached categories, trials are allowed as per approved procurement policy of the buyer nodal Ministries) 9. Mandating foreign / international certifications even in case of existence of Indian Standards without specifying equivalent Indian Certification / standards. 10. Seeking experience from specific organization / department / institute only or from foreign / export experience. 11. Creating bid for items from irrelevant categories. 12. Incorporating any clause against the MSME policy and Preference to Make in India Policy. 13. Reference of conditions published on any external site or reference to external documents/clauses. 14. Asking for any Tender fee / Bid Participation fee / Auction fee in case of Bids / Forward Auction, as the case may be. 15. Buyer added ATC Clauses which are in contravention of clauses defined by buyer in system generated bid template as indicated above in the Bid Details section, EMD Detail, ePBG Detail and MII and MSE Purchase Preference sections of the bid, unless otherwise allowed by GeM GTC. 16. In a category based bid, adding additional items, through buyer added additional scope of work/ additional terms and conditions/or any other document. If buyer needs more items along with the main item, the same must be added through bunching category based items or by bunching custom catalogs or bunching a BoQ with the main category based item, the same must not be done through ATC or Scope of Work. Further, if any seller has any objection/grievance against these additional clauses or otherwise on any aspect of this bid, they can raise their representation against the same by using the Representation window provided in the bid details field in Seller dashboard after logging in as a seller within 4 days of bid publication on GeM. Buyer is duty bound to reply to all such representations and would not be allowed to open bids if he fails to reply to such representations. All GeM Sellers/Service Providers shall ensure full compliance with all applicable labour laws, including the provisions, rules, schemes and guidelines under the four Labour Codes i.e. the Code on Wages, 2019; the Industrial Relations Code, 2020; the Occupational Safety, Health and Working Conditions Code, 2020; and the Code on Social Security, 2020 as and when notified and brought into force by the Government of India. For all provisions of the Labour Codes that are pending operationalisation through rules, schemes or notifications, the corresponding provisions of the pre-existing labour enactments (such as The Minimum Wages Act, 1948, The Payment of Wages Act, 1936, The Payment of Bonus Act, 1965, The Equal Remuneration Act, 1976, The Payment of Gratuity Act, 1972, etc. and relevant State Rules) shall continue to remain applicable. The Seller/ Service Providers shall, therefore, be responsible for ensuring compliance under: All notified and enforceable provisions of the new Labour Codes as mentioned hereinabove; and All operative provisions of the erstwhile Labour Laws until their complete substitution. All obligations relating to wages, social security, safety, working conditions, industrial relations etc. and any other statutory requirements shall be strictly met by the Seller/ Service Provider. Any non- compliance shall constitute a breach of the contract and shall entitle the Buyer to take appropriate action in accordance with the contract and applicable law. /This Bid is also governed by the General Terms and Conditions 6 / 7\n\n26 /In terms of GeM GTC clause 26 regarding Restrictions on procurement from a bidder of a country which shares a land border with India, any bidder from a country which shares a land border with India will be eligible to bid in this tender only if the bidder is registered with the Competent Authority. While participating in bid, Bidder has to undertake compliance of this and any false declaration and non-compliance of this would be a ground for immediate termination of the contract and further legal action in accordance with the laws. ---/Thank You--- 7 / 7"
}