{
  "source_file": "GEM_2025_B_6955642.pdf",
  "num_pages": 7,
  "pages": [
    {
      "page_number": 1,
      "used_ocr": false,
      "cleaned_text": "/Bid Number: GEM/2025/B/6955642 /Dated: 03-12-2025 / Bid Document //Bid Details // /Bid End Date/Time 15-12-2025 10:00:00 // /Bid Opening 15-12-2025 10:30:00 Date/Time (( ))/Bid Offer 180 (Days) Validity (From End Date) // /Ministry/State Name Ministry Of Defence /Department Name Department Of Military Affairs /Organisation Name Indian Air Force /Office Name *********** /Total Quantity 4 /Item Category POWER BANK FOR EQPT GeMARPTS / Searched POWER BANK FOR EQPT Strings used in GeMARPTS Power Bank for Mobile and Laptops (V2), Power Spray Machine for Disinfection Purpose, Capacitor Banks For Use On 11 KV System (PSPCL)), Solar Power Plant (Roof Top) for ONGRID System, Three Phase (V2), Switching Power Supply for Wireless Application, Solar Power Plant (Roof Top) for GeMARPTS / Searched ONGRID System, Single Phase, Power cable for direct burial Result generated in GeMARPTS xlpe ugac cable for DMRC, Spares for Coal Mills of Thermal Power Stations, Shunt Power Capacitors of the Self - Healing Type for AC Systems as per IS 13340 (Part 1), Reinforced Concrete Poles For Overhead Power And Telecommunication Lines-IS:785 / Relevant Charging Station Categories selected for notification ((33 )) /Minimum Average Annual Turnover of the 1 Lakh (s) bidder (For 3 Years) (( 33 1 Lakh (s) ))/OEM Average Turnover (Last 3 Years) // /Years of Past Experience Required for 3 Year (s) same/similar service 1 / 7",
      "lines": [
        "/Bid Number: GEM/2025/B/6955642 /Dated: 03-12-2025 / Bid Document //Bid Details // /Bid End Date/Time 15-12-2025 10:00:00 // /Bid Opening 15-12-2025 10:30:00 Date/Time (( ))/Bid Offer 180 (Days) Validity (From End Date) // /Ministry/State Name Ministry Of Defence /Department Name Department Of Military Affairs /Organisation Name Indian Air Force /Office Name *********** /Total Quantity 4 /Item Category POWER BANK FOR EQPT GeMARPTS / Searched POWER BANK FOR EQPT Strings used in GeMARPTS Power Bank for Mobile and Laptops (V2), Power Spray Machine for Disinfection Purpose, Capacitor Banks For Use On 11 KV System (PSPCL)), Solar Power Plant (Roof Top) for ONGRID System, Three Phase (V2), Switching Power Supply for Wireless Application, Solar Power Plant (Roof Top) for GeMARPTS / Searched ONGRID System, Single Phase, Power cable for direct burial Result generated in GeMARPTS xlpe ugac cable for DMRC, Spares for Coal Mills of Thermal Power Stations, Shunt Power Capacitors of the Self - Healing Type for AC Systems as per IS 13340 (Part 1), Reinforced Concrete Poles For Overhead Power And Telecommunication Lines-IS:785 / Relevant Charging Station Categories selected for notification ((33 )) /Minimum Average Annual Turnover of the 1 Lakh (s) bidder (For 3 Years) (( 33 1 Lakh (s) ))/OEM Average Turnover (Last 3 Years) // /Years of Past Experience Required for 3 Year (s) same/similar service 1 / 7"
      ],
      "tables": [
        [
          [
            "//Bid Details",
            ""
          ],
          [
            "// /Bid End Date/Time",
            "15-12-2025 10:00:00"
          ],
          [
            "// /Bid Opening Date/Time",
            "15-12-2025 10:30:00"
          ],
          [
            "(( ))/Bid Offer Validity (From End Date)",
            "180 (Days)"
          ],
          [
            "// /Ministry/State Name",
            "Ministry Of Defence"
          ],
          [
            "/Department Name",
            "Department Of Military Affairs"
          ],
          [
            "/Organisation Name",
            "Indian Air Force"
          ],
          [
            "/Office Name",
            "***********"
          ],
          [
            "/Total Quantity",
            "4"
          ],
          [
            "/Item Category",
            "POWER BANK FOR EQPT"
          ],
          [
            "GeMARPTS / Searched Strings used in GeMARPTS",
            "POWER BANK FOR EQPT"
          ],
          [
            "GeMARPTS / Searched Result generated in GeMARPTS",
            "Power Bank for Mobile and Laptops (V2), Power Spray Machine for Disinfection Purpose, Capacitor Banks For Use On 11 KV System (PSPCL)), Solar Power Plant (Roof Top) for ONGRID System, Three Phase (V2), Switching Power Supply for Wireless Application, Solar Power Plant (Roof Top) for ONGRID System, Single Phase, Power cable for direct burial xlpe ugac cable for DMRC, Spares for Coal Mills of Thermal Power Stations, Shunt Power Capacitors of the Self - Healing Type for AC Systems as per IS 13340 (Part 1), Reinforced Concrete Poles For Overhead Power And Telecommunication Lines-IS:785"
          ],
          [
            "/ Relevant Categories selected for notification",
            "Charging Station"
          ],
          [
            "((33 )) /Minimum Average Annual Turnover of the bidder (For 3 Years)",
            "1 Lakh (s)"
          ],
          [
            "(( 33 ))/OEM Average Turnover (Last 3 Years)",
            "1 Lakh (s)"
          ],
          [
            "// /Years of Past Experience Required for same/similar service",
            "3 Year (s)"
          ],
          [
            "",
            ""
          ]
        ]
      ]
    },
    {
      "page_number": 2,
      "used_ocr": false,
      "cleaned_text": "//Bid Details / MSE Exemption for Years Of Experience Yes | Complete and Turnover / Startup Exemption for Years Of Yes | Complete Experience and Turnover Experience Criteria,Past Performance,Bidder Turnover,Certificate (Requested in ATC),OEM Authorization Certificate,OEM Annual Turnover,Additional Doc 1 /Document required (Requested in ATC) from seller *In case any bidder is seeking exemption from Experience / Turnover Criteria, the supporting documents to prove his eligibility for exemption must be uploaded for evaluation by the buyer Yes (Documents submitted as part of a clarification or representation during the tender/bid process will also be ?? /Do you want to show displayed to other participated bidders after log in) documents uploaded by bidders to all bidders participated in bid? / Minimum number of 1 bids required to disable automatic bid extension ,, -- // Number of days for which Bid 3 would be auto--extended // 1 Number of Auto Extension count /Past Performance 30 % /Bid to RA enabled Yes /RA Qualification Rule H1-Highest Priced Bid Elimination /Type of Bid Two Packet Bid /Time allowed for Technical 2 Days Clarifications during technical evaluation ( / )/Inspection Required (By No Empanelled Inspection Authority / Agencies pre-registered with GeM) /Evaluation Method Total value wise evaluation /Arbitration Clause No /Mediation Clause No /EMD Detail 2 / 7",
      "lines": [
        "//Bid Details / MSE Exemption for Years Of Experience Yes | Complete and Turnover / Startup Exemption for Years Of Yes | Complete Experience and Turnover Experience Criteria,Past Performance,Bidder Turnover,Certificate (Requested in ATC),OEM Authorization Certificate,OEM Annual Turnover,Additional Doc 1 /Document required (Requested in ATC) from seller *In case any bidder is seeking exemption from Experience / Turnover Criteria, the supporting documents to prove his eligibility for exemption must be uploaded for evaluation by the buyer Yes (Documents submitted as part of a clarification or representation during the tender/bid process will also be ?? /Do you want to show displayed to other participated bidders after log in) documents uploaded by bidders to all bidders participated in bid? / Minimum number of 1 bids required to disable automatic bid extension ,, -- // Number of days for which Bid 3 would be auto--extended // 1 Number of Auto Extension count /Past Performance 30 % /Bid to RA enabled Yes /RA Qualification Rule H1-Highest Priced Bid Elimination /Type of Bid Two Packet Bid /Time allowed for Technical 2 Days Clarifications during technical evaluation ( / )/Inspection Required (By No Empanelled Inspection Authority / Agencies pre-registered with GeM) /Evaluation Method Total value wise evaluation /Arbitration Clause No /Mediation Clause No /EMD Detail 2 / 7"
      ],
      "tables": [
        [
          [
            "",
            ""
          ],
          [
            "//Bid Details",
            ""
          ],
          [
            "/ MSE Exemption for Years Of Experience and Turnover",
            "Yes | Complete"
          ],
          [
            "/ Startup Exemption for Years Of Experience and Turnover",
            "Yes | Complete"
          ],
          [
            "/Document required from seller",
            "Experience Criteria,Past Performance,Bidder Turnover,Certificate (Requested in ATC),OEM Authorization Certificate,OEM Annual Turnover,Additional Doc 1 (Requested in ATC) *In case any bidder is seeking exemption from Experience / Turnover Criteria, the supporting documents to prove his eligibility for exemption must be uploaded for evaluation by the buyer"
          ],
          [
            "?? /Do you want to show documents uploaded by bidders to all bidders participated in bid?",
            "Yes (Documents submitted as part of a clarification or representation during the tender/bid process will also be displayed to other participated bidders after log in)"
          ],
          [
            "/ Minimum number of bids required to disable automatic bid extension",
            "1"
          ],
          [
            ",, -- // Number of days for which Bid would be auto--extended",
            "3"
          ],
          [
            "// Number of Auto Extension count",
            "1"
          ],
          [
            "/Past Performance",
            "30 %"
          ],
          [
            "/Bid to RA enabled",
            "Yes"
          ],
          [
            "/RA Qualification Rule",
            "H1-Highest Priced Bid Elimination"
          ],
          [
            "/Type of Bid",
            "Two Packet Bid"
          ],
          [
            "/Time allowed for Technical Clarifications during technical evaluation",
            "2 Days"
          ],
          [
            "( / )/Inspection Required (By Empanelled Inspection Authority / Agencies pre-registered with GeM)",
            "No"
          ],
          [
            "/Evaluation Method",
            "Total value wise evaluation"
          ],
          [
            "/Arbitration Clause",
            "No"
          ],
          [
            "/Mediation Clause",
            "No"
          ]
        ]
      ]
    },
    {
      "page_number": 3,
      "used_ocr": false,
      "cleaned_text": "/Required No /ePBG Detail /Advisory Bank State Bank of India (%)/ePBG Percentage(%) 3.00 () /Duration of ePBG 12 required (Months). (a). , , / EMD & Performance securityshould be in favour of Beneficiary, wherever it is applicable. /Beneficiary : AOC AIR FORCE STATION SULUR COIMBATORE 641401, Department of Military Affairs, Indian Air Force, Ministry of Defence (Aoc) / Bid splitting not applied. /MII Purchase Preference /MII Purchase Preference No /MSE Purchase Preference /MSE Purchase Preference Yes , L1+X% / 15 Purchase Preference to MSE OEMs available upto price within L1+X% / Maximum 25 Percentage of Bid quantity for MSE purchase preference 1. If the bidder is a Micro or Small Enterprise as per latest orders issued by Ministry of MSME, the bidder shall be exempted from the eligibility criteria of \"Experience Criteria\" as defined above subject to meeting of quality and technical specifications. The bidder seeking exemption from Experience Criteria, shall upload the supporting documents to prove his eligibility for exemption. 2. If the bidder is a Micro or Small Enterprise (MSE) as per latest orders issued by Ministry of MSME, the bidder shall be exempted from the eligibility criteria of \"Bidder Turnover\" as defined above subject to meeting of quality and technical specifications. If the bidder itself is MSE OEM of the offered products, it would be exempted from the \"OEM Average Turnover\" criteria also subject to meeting of quality and technical specifications. The bidder seeking exemption from Turnover, shall upload the supporting documents to prove his eligibility for exemption. 3. If the bidder is a DPIIT registered Startup, the bidder shall be exempted from the the eligibility criteria of 3 / 7",
      "lines": [
        "/Required No /ePBG Detail /Advisory Bank State Bank of India (%)/ePBG Percentage(%) 3.00 () /Duration of ePBG 12 required (Months). (a). , , / EMD & Performance securityshould be in favour of Beneficiary, wherever it is applicable. /Beneficiary : AOC AIR FORCE STATION SULUR COIMBATORE 641401, Department of Military Affairs, Indian Air Force, Ministry of Defence (Aoc) / Bid splitting not applied. /MII Purchase Preference /MII Purchase Preference No /MSE Purchase Preference /MSE Purchase Preference Yes , L1+X% / 15 Purchase Preference to MSE OEMs available upto price within L1+X% / Maximum 25 Percentage of Bid quantity for MSE purchase preference 1. If the bidder is a Micro or Small Enterprise as per latest orders issued by Ministry of MSME, the bidder shall be exempted from the eligibility criteria of \"Experience Criteria\" as defined above subject to meeting of quality and technical specifications. The bidder seeking exemption from Experience Criteria, shall upload the supporting documents to prove his eligibility for exemption. 2. If the bidder is a Micro or Small Enterprise (MSE) as per latest orders issued by Ministry of MSME, the bidder shall be exempted from the eligibility criteria of \"Bidder Turnover\" as defined above subject to meeting of quality and technical specifications. If the bidder itself is MSE OEM of the offered products, it would be exempted from the \"OEM Average Turnover\" criteria also subject to meeting of quality and technical specifications. The bidder seeking exemption from Turnover, shall upload the supporting documents to prove his eligibility for exemption. 3. If the bidder is a DPIIT registered Startup, the bidder shall be exempted from the the eligibility criteria of 3 / 7"
      ],
      "tables": [
        [
          [
            "/Required",
            "No"
          ]
        ],
        [
          [
            "/Advisory Bank",
            "State Bank of India"
          ],
          [
            "(%)/ePBG Percentage(%)",
            "3.00"
          ],
          [
            "() /Duration of ePBG required (Months).",
            "12"
          ]
        ],
        [
          [
            "/MII Purchase Preference",
            "No"
          ]
        ],
        [
          [
            "/MSE Purchase Preference",
            "Yes"
          ],
          [
            ", L1+X% / Purchase Preference to MSE OEMs available upto price within L1+X%",
            "15"
          ],
          [
            "/ Maximum Percentage of Bid quantity for MSE purchase preference",
            "25"
          ]
        ]
      ]
    },
    {
      "page_number": 4,
      "used_ocr": false,
      "cleaned_text": "\"Experience Criteria\" as defined above subject to their meeting of quality and technical specifications. The bidder seeking exemption from Experience Criteria, shall upload the supporting documents to prove his eligibility for exemption. 4. If the bidder is a DPIIT registered Startup, the bidder shall be exempted from the the eligibility criteria of \"Bidder Turnover\" as defined above subject to their meeting of quality and technical specifications. If the bidder is DPIIT Registered OEM of the offered products, it would be exempted from the \"OEM Average Turnover\" criteria also subject to meeting of quality and technical specifications. The bidder seeking exemption from Turnover shall upload the supporting documents to prove his eligibility for exemption. 5. The minimum average annual financial turnover of the bidder during the last three years, ending on 31st March of the previous financial year, should be as indicated above in the bid document. Documentary evidence in the form of certified Audited Balance Sheets of relevant periods or a certificate from the Chartered Accountant / Cost Accountant indicating the turnover details for the relevant period shall be uploaded with the bid. In case the date of constitution / incorporation of the bidder is less than 3-year-old, the average turnover in respect of the completed financial years after the date of constitution shall be taken into account for this criteria. 6. Experience Criteria: In respect of the filter applied for experience criteria, the Bidder or its OEM of the product offered in the bid {themselves or through reseller(s)} should have regularly, manufactured and supplied same or similar Category Products to any Central / State Govt Organization / PSU for number of Financial years as indicated above in the bid document before the bid opening date. Copies of relevant contracts and delivery acceptance certificates like CRAC to be submitted along with bid in support of having supplied some quantity during each of the Financial year. In case of bunch bids, the category of primary product having highest value should meet this criterion. 7. OEM Turn Over Criteria: The minimum average annual financial turnover of the OEM of the offered product during the last three years, ending on 31st March of the previous financial year, should be as indicated in the bid document. Documentary evidence in the form of certified Audited Balance Sheets of relevant periods or a certificate from the Chartered Accountant / Cost Accountant indicating the turnover details for the relevant period shall be uploaded with the bid. In case the date of constitution / incorporation of the OEM is less than 3 year old, the average turnover in respect of the completed financial years after the date of constitution shall be taken into account for this criteria. 8. Purchase preference will be given to MSEs having valid Udyam Registration and whose credentials are validated online through Udyam Registration portal as defined in Public Procurement Policy for Micro and Small Enterprises (MSEs) Order, 2012 dated 23.03.2012 issued by Ministry of Micro, Small and Medium Enterprises and its subsequent Orders/Notifications issued by concerned Ministry. If the bidder wants to avail themselves of the Purchase preference, the bidder must be the manufacturer / OEM of the offered product on GeM. Traders are excluded from the purview of Public Procurement Policy for Micro and Small Enterprises and hence resellers offering products manufactured by some other OEM are not eligible for any purchase preference. In respect of bid for Services, the bidder must be the Service provider of the offered Service. Relevant documentary evidence in this regard shall be uploaded along with the bid in respect of the offered product or service and Buyer will decide eligibility for purchase preference based on documentary evidence submitted, while evaluating the bid. If L-1 is not an MSE and MSE Seller (s) has / have quoted price within L-1+ 15% (Selected by Buyer) of margin of purchase preference /price band defined in relevant policy, such MSE Seller shall be given opportunity to match L-1 price and contract will be awarded for 25% (selected by Buyer) percentage of total quantity. The buyers are advised to refer the OM No. F.1/4/2021-PPD dated 18.05.2023 OM_No.1_4_2021_PPD_dated_18.05.2023 for compliance of Concurrent application of Public Procurement Policy for Micro and Small Enterprises Order, 2012 and Public Procurement (Preference to Make in India) Order, 2017. Benefits of MSE will be allowed only if seller is validated on-line in GeM profile as well as validated and approved by Buyer after evaluation of documents submitted. 9. Past Performance: The Bidder or its OEM {themselves or through re-seller(s)} should have supplied same or similar Category Products for 30% of bid quantity, in at least one of the last three Financial years before the bid opening date to any Central / State Govt Organization / PSU. Copies of relevant contracts (proving supply of cumulative order quantity in any one financial year) to be submitted along with bid in support of quantity supplied in the relevant Financial year. In case of bunch bids, the category related to primary product having highest bid value should meet this criterion. 10. Reverse Auction would be conducted amongst all the technically qualified bidders except the Highest quoting bidder. The technically qualified Highest Quoting bidder will not be allowed to participate in RA. However, H-1 will also be allowed to participate in RA in following cases: i. If number of technically qualified bidders are only 2 or 3. ii. If Buyer has chosen to split the bid amongst N sellers, and H1 bid is coming within N. iii. In case Primary product of only one OEM is left in contention for participation in RA on elimination of H-1. iv. If L-1 is non-MSE and H-1 is eligible MSE and H-1 price is coming within price band of 15% of Non-MSE L-1 v. If L-1 is non-MII and H-1 is eligible MII and H-1 price is coming within price band of 20% of Non-MII L-1 POWER BANK FOR EQPT ( 4 pieces ) 4 / 7",
      "lines": [
        "\"Experience Criteria\" as defined above subject to their meeting of quality and technical specifications. The bidder seeking exemption from Experience Criteria, shall upload the supporting documents to prove his eligibility for exemption. 4. If the bidder is a DPIIT registered Startup, the bidder shall be exempted from the the eligibility criteria of \"Bidder Turnover\" as defined above subject to their meeting of quality and technical specifications. If the bidder is DPIIT Registered OEM of the offered products, it would be exempted from the \"OEM Average Turnover\" criteria also subject to meeting of quality and technical specifications. The bidder seeking exemption from Turnover shall upload the supporting documents to prove his eligibility for exemption. 5. The minimum average annual financial turnover of the bidder during the last three years, ending on 31st March of the previous financial year, should be as indicated above in the bid document. Documentary evidence in the form of certified Audited Balance Sheets of relevant periods or a certificate from the Chartered Accountant / Cost Accountant indicating the turnover details for the relevant period shall be uploaded with the bid. In case the date of constitution / incorporation of the bidder is less than 3-year-old, the average turnover in respect of the completed financial years after the date of constitution shall be taken into account for this criteria. 6. Experience Criteria: In respect of the filter applied for experience criteria, the Bidder or its OEM of the product offered in the bid {themselves or through reseller(s)} should have regularly, manufactured and supplied same or similar Category Products to any Central / State Govt Organization / PSU for number of Financial years as indicated above in the bid document before the bid opening date. Copies of relevant contracts and delivery acceptance certificates like CRAC to be submitted along with bid in support of having supplied some quantity during each of the Financial year. In case of bunch bids, the category of primary product having highest value should meet this criterion. 7. OEM Turn Over Criteria: The minimum average annual financial turnover of the OEM of the offered product during the last three years, ending on 31st March of the previous financial year, should be as indicated in the bid document. Documentary evidence in the form of certified Audited Balance Sheets of relevant periods or a certificate from the Chartered Accountant / Cost Accountant indicating the turnover details for the relevant period shall be uploaded with the bid. In case the date of constitution / incorporation of the OEM is less than 3 year old, the average turnover in respect of the completed financial years after the date of constitution shall be taken into account for this criteria. 8. Purchase preference will be given to MSEs having valid Udyam Registration and whose credentials are validated online through Udyam Registration portal as defined in Public Procurement Policy for Micro and Small Enterprises (MSEs) Order, 2012 dated 23.03.2012 issued by Ministry of Micro, Small and Medium Enterprises and its subsequent Orders/Notifications issued by concerned Ministry. If the bidder wants to avail themselves of the Purchase preference, the bidder must be the manufacturer / OEM of the offered product on GeM. Traders are excluded from the purview of Public Procurement Policy for Micro and Small Enterprises and hence resellers offering products manufactured by some other OEM are not eligible for any purchase preference. In respect of bid for Services, the bidder must be the Service provider of the offered Service. Relevant documentary evidence in this regard shall be uploaded along with the bid in respect of the offered product or service and Buyer will decide eligibility for purchase preference based on documentary evidence submitted, while evaluating the bid. If L-1 is not an MSE and MSE Seller (s) has / have quoted price within L-1+ 15% (Selected by Buyer) of margin of purchase preference /price band defined in relevant policy, such MSE Seller shall be given opportunity to match L-1 price and contract will be awarded for 25% (selected by Buyer) percentage of total quantity. The buyers are advised to refer the OM No. F.1/4/2021-PPD dated 18.05.2023 OM_No.1_4_2021_PPD_dated_18.05.2023 for compliance of Concurrent application of Public Procurement Policy for Micro and Small Enterprises Order, 2012 and Public Procurement (Preference to Make in India) Order, 2017. Benefits of MSE will be allowed only if seller is validated on-line in GeM profile as well as validated and approved by Buyer after evaluation of documents submitted. 9. Past Performance: The Bidder or its OEM {themselves or through re-seller(s)} should have supplied same or similar Category Products for 30% of bid quantity, in at least one of the last three Financial years before the bid opening date to any Central / State Govt Organization / PSU. Copies of relevant contracts (proving supply of cumulative order quantity in any one financial year) to be submitted along with bid in support of quantity supplied in the relevant Financial year. In case of bunch bids, the category related to primary product having highest bid value should meet this criterion. 10. Reverse Auction would be conducted amongst all the technically qualified bidders except the Highest quoting bidder. The technically qualified Highest Quoting bidder will not be allowed to participate in RA. However, H-1 will also be allowed to participate in RA in following cases: i. If number of technically qualified bidders are only 2 or 3. ii. If Buyer has chosen to split the bid amongst N sellers, and H1 bid is coming within N. iii. In case Primary product of only one OEM is left in contention for participation in RA on elimination of H-1. iv. If L-1 is non-MSE and H-1 is eligible MSE and H-1 price is coming within price band of 15% of Non-MSE L-1 v. If L-1 is non-MII and H-1 is eligible MII and H-1 price is coming within price band of 20% of Non-MII L-1 POWER BANK FOR EQPT ( 4 pieces ) 4 / 7"
      ],
      "tables": []
    },
    {
      "page_number": 5,
      "used_ocr": false,
      "cleaned_text": "/Technical Specifications /Buyer Download Specification Document // /Consignees/Reporting Officer and Quantity // ..../S.N /Delivery o. /Consignee /Address /Quantity Days Reporting/Officer 1 *********** ***********COIMBATORE 4 30 /Buyer Added Bid Specific Terms and Conditions 1. Generic OPTION CLAUSE: The Purchaser reserves the right to increase or decrease the quantity to be ordered up to 25 percent of bid quantity at the time of placement of contract. The purchaser also reserves the right to increase the ordered quantity up to 25% of the contracted quantity during the currency of the contract at the contracted rates. The delivery period of quantity shall commence from the last date of original delivery order and in cases where option clause is exercised during the extended delivery period the additional time shall commence from the last date of extended delivery period. The additional delivery time shall be (Increased quantity ÷ Original quantity) × Original delivery period (in days), subject to minimum of 30 days. If the original delivery period is less than 30 days, the additional time equals the original delivery period. The Purchaser may extend this calculated delivery duration up to the original delivery period while exercising the option clause. Bidders must comply with these terms. 2. Warranty Warranty period of the supplied products shall be 2 years from the date of final acceptance of goods or after completion of installation, commissioning & testing of goods (if included in the scope of supply), at consignee location. OEM Warranty certificates must be submitted by Successful Bidder at the time of delivery of Goods. The seller should guarantee the rectification of goods in case of any break down during the guarantee period. Seller should have well established Installation, Commissioning, Training, Troubleshooting and Maintenance Service group in INDIA for attending the after sales service. Details of Service Centres near consignee destinations are to be uploaded along with the bid. 3. Buyer Added Bid Specific ATC Buyer Added text based ATC clauses 1.TECHNICAL SPECIFICATION OF ITEM IS UPLOADED IN BUYER ATC DOCUMENTS. 2.BIDDER HAS DULY CERTIFY THAT WITH OFFICIAL SEAL AND SIGNATURE THAT ALL POINTS MENTION IN B UYER ADDED SPECIFIC DOCUMENT 3.100% PAYMENT DONE AFTER COMPLETION OF DELIVERY. 4.LD CLAUSE AS PER DPM 2009 WILL BE APLICIABLE. 5.E-PBG TO BE DEPOSITED IN FOLLOWING ACCOUNT NO: NAME AIR FORCE PUBLIC FUND,43 WG,AIR FORC E 5 / 7",
      "lines": [
        "/Technical Specifications /Buyer Download Specification Document // /Consignees/Reporting Officer and Quantity // ..../S.N /Delivery o. /Consignee /Address /Quantity Days Reporting/Officer 1 *********** ***********COIMBATORE 4 30 /Buyer Added Bid Specific Terms and Conditions 1. Generic OPTION CLAUSE: The Purchaser reserves the right to increase or decrease the quantity to be ordered up to 25 percent of bid quantity at the time of placement of contract. The purchaser also reserves the right to increase the ordered quantity up to 25% of the contracted quantity during the currency of the contract at the contracted rates. The delivery period of quantity shall commence from the last date of original delivery order and in cases where option clause is exercised during the extended delivery period the additional time shall commence from the last date of extended delivery period. The additional delivery time shall be (Increased quantity ÷ Original quantity) × Original delivery period (in days), subject to minimum of 30 days. If the original delivery period is less than 30 days, the additional time equals the original delivery period. The Purchaser may extend this calculated delivery duration up to the original delivery period while exercising the option clause. Bidders must comply with these terms. 2. Warranty Warranty period of the supplied products shall be 2 years from the date of final acceptance of goods or after completion of installation, commissioning & testing of goods (if included in the scope of supply), at consignee location. OEM Warranty certificates must be submitted by Successful Bidder at the time of delivery of Goods. The seller should guarantee the rectification of goods in case of any break down during the guarantee period. Seller should have well established Installation, Commissioning, Training, Troubleshooting and Maintenance Service group in INDIA for attending the after sales service. Details of Service Centres near consignee destinations are to be uploaded along with the bid. 3. Buyer Added Bid Specific ATC Buyer Added text based ATC clauses 1.TECHNICAL SPECIFICATION OF ITEM IS UPLOADED IN BUYER ATC DOCUMENTS. 2.BIDDER HAS DULY CERTIFY THAT WITH OFFICIAL SEAL AND SIGNATURE THAT ALL POINTS MENTION IN B UYER ADDED SPECIFIC DOCUMENT 3.100% PAYMENT DONE AFTER COMPLETION OF DELIVERY. 4.LD CLAUSE AS PER DPM 2009 WILL BE APLICIABLE. 5.E-PBG TO BE DEPOSITED IN FOLLOWING ACCOUNT NO: NAME AIR FORCE PUBLIC FUND,43 WG,AIR FORC E 5 / 7"
      ],
      "tables": [
        [
          [
            "/Buyer Specification Document",
            "Download"
          ]
        ],
        [
          [
            "..../S.N o.",
            "// /Consignee Reporting/Officer",
            "/Address",
            "/Quantity",
            "/Delivery Days"
          ],
          [
            "1",
            "***********",
            "***********COIMBATORE",
            "4",
            "30"
          ]
        ]
      ]
    },
    {
      "page_number": 6,
      "used_ocr": false,
      "cleaned_text": "ACCOUNT NO 10526162063 IFSC SBIN0004882 . 4. Buyer Added Bid Specific ATC Buyer uploaded ATC document Click here to view the file. /Disclaimer The additional terms and conditions have been incorporated by the Buyer after approval of the Competent Authority in Buyer Organization, whereby Buyer organization is solely responsible for the impact of these clauses on the bidding process, its outcome, and consequences thereof including any eccentricity / restriction arising in the bidding process due to these ATCs and due to modification of technical specifications and / or terms and conditions governing the bid. If any clause(s) is / are incorporated by the Buyer regarding following, the bid and resultant contracts shall be treated as null and void and such bids may be cancelled by GeM at any stage of bidding process without any notice:- 1. Definition of Class I and Class II suppliers in the bid not in line with the extant Order / Office Memorandum issued by DPIIT in this regard. 2. Seeking EMD submission from bidder(s), including via Additional Terms & Conditions, in contravention to exemption provided to such sellers under GeM GTC. 3. Publishing Custom / BOQ bids for items for which regular GeM categories are available without any Category item bunched with it. 4. Creating BoQ bid for single item. 5. Mentioning specific Brand or Make or Model or Manufacturer or Dealer name. 6. Mandating submission of documents in physical form as a pre-requisite to qualify bidders. 7. Floating / creation of work contracts as Custom Bids in Services. 8. Seeking sample with bid or approval of samples during bid evaluation process. (However, in bids for attached categories, trials are allowed as per approved procurement policy of the buyer nodal Ministries) 9. Mandating foreign / international certifications even in case of existence of Indian Standards without specifying equivalent Indian Certification / standards. 10. Seeking experience from specific organization / department / institute only or from foreign / export experience. 11. Creating bid for items from irrelevant categories. 12. Incorporating any clause against the MSME policy and Preference to Make in India Policy. 13. Reference of conditions published on any external site or reference to external documents/clauses. 14. Asking for any Tender fee / Bid Participation fee / Auction fee in case of Bids / Forward Auction, as the case may be. 15. Buyer added ATC Clauses which are in contravention of clauses defined by buyer in system generated bid template as indicated above in the Bid Details section, EMD Detail, ePBG Detail and MII and MSE Purchase Preference sections of the bid, unless otherwise allowed by GeM GTC. 16. In a category based bid, adding additional items, through buyer added additional scope of work/ additional terms and conditions/or any other document. If buyer needs more items along with the main item, the same must be added through bunching category based items or by bunching custom catalogs or bunching a BoQ with the main category based item, the same must not be done through ATC or Scope of Work. Further, if any seller has any objection/grievance against these additional clauses or otherwise on any aspect of this bid, they can raise their representation against the same by using the Representation window provided in the bid details field in Seller dashboard after logging in as a seller within 4 days of bid publication on GeM. Buyer is duty bound to reply to all such representations and would not be allowed to open bids if he fails to reply to such representations. All GeM Sellers/Service Providers shall ensure full compliance with all applicable labour laws, 6 / 7",
      "lines": [
        "ACCOUNT NO 10526162063 IFSC SBIN0004882 . 4. Buyer Added Bid Specific ATC Buyer uploaded ATC document Click here to view the file. /Disclaimer The additional terms and conditions have been incorporated by the Buyer after approval of the Competent Authority in Buyer Organization, whereby Buyer organization is solely responsible for the impact of these clauses on the bidding process, its outcome, and consequences thereof including any eccentricity / restriction arising in the bidding process due to these ATCs and due to modification of technical specifications and / or terms and conditions governing the bid. If any clause(s) is / are incorporated by the Buyer regarding following, the bid and resultant contracts shall be treated as null and void and such bids may be cancelled by GeM at any stage of bidding process without any notice:- 1. Definition of Class I and Class II suppliers in the bid not in line with the extant Order / Office Memorandum issued by DPIIT in this regard. 2. Seeking EMD submission from bidder(s), including via Additional Terms & Conditions, in contravention to exemption provided to such sellers under GeM GTC. 3. Publishing Custom / BOQ bids for items for which regular GeM categories are available without any Category item bunched with it. 4. Creating BoQ bid for single item. 5. Mentioning specific Brand or Make or Model or Manufacturer or Dealer name. 6. Mandating submission of documents in physical form as a pre-requisite to qualify bidders. 7. Floating / creation of work contracts as Custom Bids in Services. 8. Seeking sample with bid or approval of samples during bid evaluation process. (However, in bids for attached categories, trials are allowed as per approved procurement policy of the buyer nodal Ministries) 9. Mandating foreign / international certifications even in case of existence of Indian Standards without specifying equivalent Indian Certification / standards. 10. Seeking experience from specific organization / department / institute only or from foreign / export experience. 11. Creating bid for items from irrelevant categories. 12. Incorporating any clause against the MSME policy and Preference to Make in India Policy. 13. Reference of conditions published on any external site or reference to external documents/clauses. 14. Asking for any Tender fee / Bid Participation fee / Auction fee in case of Bids / Forward Auction, as the case may be. 15. Buyer added ATC Clauses which are in contravention of clauses defined by buyer in system generated bid template as indicated above in the Bid Details section, EMD Detail, ePBG Detail and MII and MSE Purchase Preference sections of the bid, unless otherwise allowed by GeM GTC. 16. In a category based bid, adding additional items, through buyer added additional scope of work/ additional terms and conditions/or any other document. If buyer needs more items along with the main item, the same must be added through bunching category based items or by bunching custom catalogs or bunching a BoQ with the main category based item, the same must not be done through ATC or Scope of Work. Further, if any seller has any objection/grievance against these additional clauses or otherwise on any aspect of this bid, they can raise their representation against the same by using the Representation window provided in the bid details field in Seller dashboard after logging in as a seller within 4 days of bid publication on GeM. Buyer is duty bound to reply to all such representations and would not be allowed to open bids if he fails to reply to such representations. All GeM Sellers/Service Providers shall ensure full compliance with all applicable labour laws, 6 / 7"
      ],
      "tables": []
    },
    {
      "page_number": 7,
      "used_ocr": false,
      "cleaned_text": "including the provisions, rules, schemes and guidelines under the four Labour Codes i.e. the Code on Wages, 2019; the Industrial Relations Code, 2020; the Occupational Safety, Health and Working Conditions Code, 2020; and the Code on Social Security, 2020 as and when notified and brought into force by the Government of India. For all provisions of the Labour Codes that are pending operationalisation through rules, schemes or notifications, the corresponding provisions of the pre-existing labour enactments (such as The Minimum Wages Act, 1948, The Payment of Wages Act, 1936, The Payment of Bonus Act, 1965, The Equal Remuneration Act, 1976, The Payment of Gratuity Act, 1972, etc. and relevant State Rules) shall continue to remain applicable. The Seller/ Service Providers shall, therefore, be responsible for ensuring compliance under: All notified and enforceable provisions of the new Labour Codes as mentioned hereinabove; and All operative provisions of the erstwhile Labour Laws until their complete substitution. All obligations relating to wages, social security, safety, working conditions, industrial relations etc. and any other statutory requirements shall be strictly met by the Seller/ Service Provider. Any non- compliance shall constitute a breach of the contract and shall entitle the Buyer to take appropriate action in accordance with the contract and applicable law. /This Bid is also governed by the General Terms and Conditions 26 /In terms of GeM GTC clause 26 regarding Restrictions on procurement from a bidder of a country which shares a land border with India, any bidder from a country which shares a land border with India will be eligible to bid in this tender only if the bidder is registered with the Competent Authority. While participating in bid, Bidder has to undertake compliance of this and any false declaration and non-compliance of this would be a ground for immediate termination of the contract and further legal action in accordance with the laws. ---/Thank You--- 7 / 7",
      "lines": [
        "including the provisions, rules, schemes and guidelines under the four Labour Codes i.e. the Code on Wages, 2019; the Industrial Relations Code, 2020; the Occupational Safety, Health and Working Conditions Code, 2020; and the Code on Social Security, 2020 as and when notified and brought into force by the Government of India. For all provisions of the Labour Codes that are pending operationalisation through rules, schemes or notifications, the corresponding provisions of the pre-existing labour enactments (such as The Minimum Wages Act, 1948, The Payment of Wages Act, 1936, The Payment of Bonus Act, 1965, The Equal Remuneration Act, 1976, The Payment of Gratuity Act, 1972, etc. and relevant State Rules) shall continue to remain applicable. The Seller/ Service Providers shall, therefore, be responsible for ensuring compliance under: All notified and enforceable provisions of the new Labour Codes as mentioned hereinabove; and All operative provisions of the erstwhile Labour Laws until their complete substitution. All obligations relating to wages, social security, safety, working conditions, industrial relations etc. and any other statutory requirements shall be strictly met by the Seller/ Service Provider. Any non- compliance shall constitute a breach of the contract and shall entitle the Buyer to take appropriate action in accordance with the contract and applicable law. /This Bid is also governed by the General Terms and Conditions 26 /In terms of GeM GTC clause 26 regarding Restrictions on procurement from a bidder of a country which shares a land border with India, any bidder from a country which shares a land border with India will be eligible to bid in this tender only if the bidder is registered with the Competent Authority. While participating in bid, Bidder has to undertake compliance of this and any false declaration and non-compliance of this would be a ground for immediate termination of the contract and further legal action in accordance with the laws. ---/Thank You--- 7 / 7"
      ],
      "tables": []
    }
  ],
  "links": [
    {
      "page_number": 1,
      "uri": "https://bidplus.gem.gov.in/bidding/downloadOmppdfile/",
      "attachment_filename": null,
      "rect": null,
      "label": null,
      "source": "dict:/URI"
    },
    {
      "page_number": 1,
      "uri": "https://mkp.gem.gov.in/catalog_data/catalog_support_document/buyer_documents/2956661/54/78/703/CatalogAttrs/SpecificationDocument/2025/11/14/power_bank_2025-11-14-11-23-14_4059e91cb054b1c497a27a9e2b7f0685.pdf",
      "attachment_filename": null,
      "rect": null,
      "label": null,
      "source": "dict:/URI"
    },
    {
      "page_number": 1,
      "uri": "https://fulfilment.gem.gov.in/contract/slafds?fileDownloadPath=SLA_UPLOAD_PATH/2025/Dec/GEM_2025_B_6955642/CLM0010/Bank_f3a91c23-37d1-445e-a5b61764750787559_con165.iaf.tn@gembuyer.in.pdf",
      "attachment_filename": null,
      "rect": null,
      "label": null,
      "source": "dict:/URI"
    },
    {
      "page_number": 1,
      "uri": "https://assets-bg.gem.gov.in/resources/upload/shared_doc/list-of-categories-where-trials-are-allowed_1712126171.pdf",
      "attachment_filename": null,
      "rect": null,
      "label": null,
      "source": "dict:/URI"
    },
    {
      "page_number": 1,
      "uri": "https://admin.gem.gov.in/apis/v1/gtc/pdfByDate/?date=20251203",
      "attachment_filename": null,
      "rect": null,
      "label": null,
      "source": "dict:/URI"
    },
    {
      "page_number": 2,
      "uri": "https://bidplus.gem.gov.in/bidding/downloadOmppdfile/",
      "attachment_filename": null,
      "rect": null,
      "label": null,
      "source": "dict:/URI"
    },
    {
      "page_number": 2,
      "uri": "https://mkp.gem.gov.in/catalog_data/catalog_support_document/buyer_documents/2956661/54/78/703/CatalogAttrs/SpecificationDocument/2025/11/14/power_bank_2025-11-14-11-23-14_4059e91cb054b1c497a27a9e2b7f0685.pdf",
      "attachment_filename": null,
      "rect": null,
      "label": null,
      "source": "dict:/URI"
    },
    {
      "page_number": 2,
      "uri": "https://fulfilment.gem.gov.in/contract/slafds?fileDownloadPath=SLA_UPLOAD_PATH/2025/Dec/GEM_2025_B_6955642/CLM0010/Bank_f3a91c23-37d1-445e-a5b61764750787559_con165.iaf.tn@gembuyer.in.pdf",
      "attachment_filename": null,
      "rect": null,
      "label": null,
      "source": "dict:/URI"
    },
    {
      "page_number": 2,
      "uri": "https://assets-bg.gem.gov.in/resources/upload/shared_doc/list-of-categories-where-trials-are-allowed_1712126171.pdf",
      "attachment_filename": null,
      "rect": null,
      "label": null,
      "source": "dict:/URI"
    },
    {
      "page_number": 2,
      "uri": "https://admin.gem.gov.in/apis/v1/gtc/pdfByDate/?date=20251203",
      "attachment_filename": null,
      "rect": null,
      "label": null,
      "source": "dict:/URI"
    },
    {
      "page_number": 3,
      "uri": "https://bidplus.gem.gov.in/bidding/downloadOmppdfile/",
      "attachment_filename": null,
      "rect": null,
      "label": null,
      "source": "dict:/URI"
    },
    {
      "page_number": 3,
      "uri": "https://mkp.gem.gov.in/catalog_data/catalog_support_document/buyer_documents/2956661/54/78/703/CatalogAttrs/SpecificationDocument/2025/11/14/power_bank_2025-11-14-11-23-14_4059e91cb054b1c497a27a9e2b7f0685.pdf",
      "attachment_filename": null,
      "rect": null,
      "label": null,
      "source": "dict:/URI"
    },
    {
      "page_number": 3,
      "uri": "https://fulfilment.gem.gov.in/contract/slafds?fileDownloadPath=SLA_UPLOAD_PATH/2025/Dec/GEM_2025_B_6955642/CLM0010/Bank_f3a91c23-37d1-445e-a5b61764750787559_con165.iaf.tn@gembuyer.in.pdf",
      "attachment_filename": null,
      "rect": null,
      "label": null,
      "source": "dict:/URI"
    },
    {
      "page_number": 3,
      "uri": "https://assets-bg.gem.gov.in/resources/upload/shared_doc/list-of-categories-where-trials-are-allowed_1712126171.pdf",
      "attachment_filename": null,
      "rect": null,
      "label": null,
      "source": "dict:/URI"
    },
    {
      "page_number": 3,
      "uri": "https://admin.gem.gov.in/apis/v1/gtc/pdfByDate/?date=20251203",
      "attachment_filename": null,
      "rect": null,
      "label": null,
      "source": "dict:/URI"
    },
    {
      "page_number": 4,
      "uri": "https://bidplus.gem.gov.in/bidding/downloadOmppdfile/",
      "attachment_filename": null,
      "rect": [
        323.25,
        312.5,
        510.0,
        323.75
      ],
      "label": "previous Audited financial Balance year, Sheets should of relevant be as indicated periods or in a the",
      "source": "dict:/URI"
    },
    {
      "page_number": 4,
      "uri": "https://bidplus.gem.gov.in/bidding/downloadOmppdfile/",
      "attachment_filename": null,
      "rect": null,
      "label": null,
      "source": "dict:/URI"
    },
    {
      "page_number": 4,
      "uri": "https://mkp.gem.gov.in/catalog_data/catalog_support_document/buyer_documents/2956661/54/78/703/CatalogAttrs/SpecificationDocument/2025/11/14/power_bank_2025-11-14-11-23-14_4059e91cb054b1c497a27a9e2b7f0685.pdf",
      "attachment_filename": null,
      "rect": null,
      "label": null,
      "source": "dict:/URI"
    },
    {
      "page_number": 4,
      "uri": "https://fulfilment.gem.gov.in/contract/slafds?fileDownloadPath=SLA_UPLOAD_PATH/2025/Dec/GEM_2025_B_6955642/CLM0010/Bank_f3a91c23-37d1-445e-a5b61764750787559_con165.iaf.tn@gembuyer.in.pdf",
      "attachment_filename": null,
      "rect": null,
      "label": null,
      "source": "dict:/URI"
    },
    {
      "page_number": 4,
      "uri": "https://assets-bg.gem.gov.in/resources/upload/shared_doc/list-of-categories-where-trials-are-allowed_1712126171.pdf",
      "attachment_filename": null,
      "rect": null,
      "label": null,
      "source": "dict:/URI"
    },
    {
      "page_number": 4,
      "uri": "https://admin.gem.gov.in/apis/v1/gtc/pdfByDate/?date=20251203",
      "attachment_filename": null,
      "rect": null,
      "label": null,
      "source": "dict:/URI"
    },
    {
      "page_number": 5,
      "uri": "https://mkp.gem.gov.in/catalog_data/catalog_support_document/buyer_documents/2956661/54/78/703/CatalogAttrs/SpecificationDocument/2025/11/14/power_bank_2025-11-14-11-23-14_4059e91cb054b1c497a27a9e2b7f0685.pdf",
      "attachment_filename": null,
      "rect": [
        201.0,
        735.5,
        246.0,
        746.75
      ],
      "label": "2009 WILL BE",
      "source": "dict:/URI"
    },
    {
      "page_number": 5,
      "uri": "https://bidplus.gem.gov.in/bidding/downloadOmppdfile/",
      "attachment_filename": null,
      "rect": null,
      "label": null,
      "source": "dict:/URI"
    },
    {
      "page_number": 5,
      "uri": "https://mkp.gem.gov.in/catalog_data/catalog_support_document/buyer_documents/2956661/54/78/703/CatalogAttrs/SpecificationDocument/2025/11/14/power_bank_2025-11-14-11-23-14_4059e91cb054b1c497a27a9e2b7f0685.pdf",
      "attachment_filename": null,
      "rect": null,
      "label": null,
      "source": "dict:/URI"
    },
    {
      "page_number": 5,
      "uri": "https://fulfilment.gem.gov.in/contract/slafds?fileDownloadPath=SLA_UPLOAD_PATH/2025/Dec/GEM_2025_B_6955642/CLM0010/Bank_f3a91c23-37d1-445e-a5b61764750787559_con165.iaf.tn@gembuyer.in.pdf",
      "attachment_filename": null,
      "rect": null,
      "label": null,
      "source": "dict:/URI"
    },
    {
      "page_number": 5,
      "uri": "https://assets-bg.gem.gov.in/resources/upload/shared_doc/list-of-categories-where-trials-are-allowed_1712126171.pdf",
      "attachment_filename": null,
      "rect": null,
      "label": null,
      "source": "dict:/URI"
    },
    {
      "page_number": 5,
      "uri": "https://admin.gem.gov.in/apis/v1/gtc/pdfByDate/?date=20251203",
      "attachment_filename": null,
      "rect": null,
      "label": null,
      "source": "dict:/URI"
    },
    {
      "page_number": 6,
      "uri": "https://fulfilment.gem.gov.in/contract/slafds?fileDownloadPath=SLA_UPLOAD_PATH/2025/Dec/GEM_2025_B_6955642/CLM0010/Bank_f3a91c23-37d1-445e-a5b61764750787559_con165.iaf.tn@gembuyer.in.pdf",
      "attachment_filename": null,
      "rect": [
        215.25,
        688.25,
        330.75,
        699.5
      ],
      "label": "representation objection/grievance against against the same these by",
      "source": "dict:/URI"
    },
    {
      "page_number": 6,
      "uri": "https://assets-bg.gem.gov.in/resources/upload/shared_doc/list-of-categories-where-trials-are-allowed_1712126171.pdf",
      "attachment_filename": null,
      "rect": [
        72.0,
        383.75,
        162.0,
        395.0
      ],
      "label": "Creating BoQ bid for",
      "source": "dict:/URI"
    },
    {
      "page_number": 6,
      "uri": "https://bidplus.gem.gov.in/bidding/downloadOmppdfile/",
      "attachment_filename": null,
      "rect": null,
      "label": null,
      "source": "dict:/URI"
    },
    {
      "page_number": 6,
      "uri": "https://mkp.gem.gov.in/catalog_data/catalog_support_document/buyer_documents/2956661/54/78/703/CatalogAttrs/SpecificationDocument/2025/11/14/power_bank_2025-11-14-11-23-14_4059e91cb054b1c497a27a9e2b7f0685.pdf",
      "attachment_filename": null,
      "rect": null,
      "label": null,
      "source": "dict:/URI"
    },
    {
      "page_number": 6,
      "uri": "https://fulfilment.gem.gov.in/contract/slafds?fileDownloadPath=SLA_UPLOAD_PATH/2025/Dec/GEM_2025_B_6955642/CLM0010/Bank_f3a91c23-37d1-445e-a5b61764750787559_con165.iaf.tn@gembuyer.in.pdf",
      "attachment_filename": null,
      "rect": null,
      "label": null,
      "source": "dict:/URI"
    },
    {
      "page_number": 6,
      "uri": "https://assets-bg.gem.gov.in/resources/upload/shared_doc/list-of-categories-where-trials-are-allowed_1712126171.pdf",
      "attachment_filename": null,
      "rect": null,
      "label": null,
      "source": "dict:/URI"
    },
    {
      "page_number": 6,
      "uri": "https://admin.gem.gov.in/apis/v1/gtc/pdfByDate/?date=20251203",
      "attachment_filename": null,
      "rect": null,
      "label": null,
      "source": "dict:/URI"
    },
    {
      "page_number": 7,
      "uri": "https://admin.gem.gov.in/apis/v1/gtc/pdfByDate/?date=20251203",
      "attachment_filename": null,
      "rect": [
        63.0,
        529.25,
        531.75,
        540.5
      ],
      "label": null,
      "source": "dict:/URI"
    },
    {
      "page_number": 7,
      "uri": "https://bidplus.gem.gov.in/bidding/downloadOmppdfile/",
      "attachment_filename": null,
      "rect": null,
      "label": null,
      "source": "dict:/URI"
    },
    {
      "page_number": 7,
      "uri": "https://mkp.gem.gov.in/catalog_data/catalog_support_document/buyer_documents/2956661/54/78/703/CatalogAttrs/SpecificationDocument/2025/11/14/power_bank_2025-11-14-11-23-14_4059e91cb054b1c497a27a9e2b7f0685.pdf",
      "attachment_filename": null,
      "rect": null,
      "label": null,
      "source": "dict:/URI"
    },
    {
      "page_number": 7,
      "uri": "https://fulfilment.gem.gov.in/contract/slafds?fileDownloadPath=SLA_UPLOAD_PATH/2025/Dec/GEM_2025_B_6955642/CLM0010/Bank_f3a91c23-37d1-445e-a5b61764750787559_con165.iaf.tn@gembuyer.in.pdf",
      "attachment_filename": null,
      "rect": null,
      "label": null,
      "source": "dict:/URI"
    },
    {
      "page_number": 7,
      "uri": "https://assets-bg.gem.gov.in/resources/upload/shared_doc/list-of-categories-where-trials-are-allowed_1712126171.pdf",
      "attachment_filename": null,
      "rect": null,
      "label": null,
      "source": "dict:/URI"
    },
    {
      "page_number": 7,
      "uri": "https://admin.gem.gov.in/apis/v1/gtc/pdfByDate/?date=20251203",
      "attachment_filename": null,
      "rect": null,
      "label": null,
      "source": "dict:/URI"
    }
  ],
  "combined_cleaned_text": "/Bid Number: GEM/2025/B/6955642 /Dated: 03-12-2025 / Bid Document //Bid Details // /Bid End Date/Time 15-12-2025 10:00:00 // /Bid Opening 15-12-2025 10:30:00 Date/Time (( ))/Bid Offer 180 (Days) Validity (From End Date) // /Ministry/State Name Ministry Of Defence /Department Name Department Of Military Affairs /Organisation Name Indian Air Force /Office Name *********** /Total Quantity 4 /Item Category POWER BANK FOR EQPT GeMARPTS / Searched POWER BANK FOR EQPT Strings used in GeMARPTS Power Bank for Mobile and Laptops (V2), Power Spray Machine for Disinfection Purpose, Capacitor Banks For Use On 11 KV System (PSPCL)), Solar Power Plant (Roof Top) for ONGRID System, Three Phase (V2), Switching Power Supply for Wireless Application, Solar Power Plant (Roof Top) for GeMARPTS / Searched ONGRID System, Single Phase, Power cable for direct burial Result generated in GeMARPTS xlpe ugac cable for DMRC, Spares for Coal Mills of Thermal Power Stations, Shunt Power Capacitors of the Self - Healing Type for AC Systems as per IS 13340 (Part 1), Reinforced Concrete Poles For Overhead Power And Telecommunication Lines-IS:785 / Relevant Charging Station Categories selected for notification ((33 )) /Minimum Average Annual Turnover of the 1 Lakh (s) bidder (For 3 Years) (( 33 1 Lakh (s) ))/OEM Average Turnover (Last 3 Years) // /Years of Past Experience Required for 3 Year (s) same/similar service 1 / 7\n\n//Bid Details / MSE Exemption for Years Of Experience Yes | Complete and Turnover / Startup Exemption for Years Of Yes | Complete Experience and Turnover Experience Criteria,Past Performance,Bidder Turnover,Certificate (Requested in ATC),OEM Authorization Certificate,OEM Annual Turnover,Additional Doc 1 /Document required (Requested in ATC) from seller *In case any bidder is seeking exemption from Experience / Turnover Criteria, the supporting documents to prove his eligibility for exemption must be uploaded for evaluation by the buyer Yes (Documents submitted as part of a clarification or representation during the tender/bid process will also be ?? /Do you want to show displayed to other participated bidders after log in) documents uploaded by bidders to all bidders participated in bid? / Minimum number of 1 bids required to disable automatic bid extension ,, -- // Number of days for which Bid 3 would be auto--extended // 1 Number of Auto Extension count /Past Performance 30 % /Bid to RA enabled Yes /RA Qualification Rule H1-Highest Priced Bid Elimination /Type of Bid Two Packet Bid /Time allowed for Technical 2 Days Clarifications during technical evaluation ( / )/Inspection Required (By No Empanelled Inspection Authority / Agencies pre-registered with GeM) /Evaluation Method Total value wise evaluation /Arbitration Clause No /Mediation Clause No /EMD Detail 2 / 7\n\n/Required No /ePBG Detail /Advisory Bank State Bank of India (%)/ePBG Percentage(%) 3.00 () /Duration of ePBG 12 required (Months). (a). , , / EMD & Performance securityshould be in favour of Beneficiary, wherever it is applicable. /Beneficiary : AOC AIR FORCE STATION SULUR COIMBATORE 641401, Department of Military Affairs, Indian Air Force, Ministry of Defence (Aoc) / Bid splitting not applied. /MII Purchase Preference /MII Purchase Preference No /MSE Purchase Preference /MSE Purchase Preference Yes , L1+X% / 15 Purchase Preference to MSE OEMs available upto price within L1+X% / Maximum 25 Percentage of Bid quantity for MSE purchase preference 1. If the bidder is a Micro or Small Enterprise as per latest orders issued by Ministry of MSME, the bidder shall be exempted from the eligibility criteria of \"Experience Criteria\" as defined above subject to meeting of quality and technical specifications. The bidder seeking exemption from Experience Criteria, shall upload the supporting documents to prove his eligibility for exemption. 2. If the bidder is a Micro or Small Enterprise (MSE) as per latest orders issued by Ministry of MSME, the bidder shall be exempted from the eligibility criteria of \"Bidder Turnover\" as defined above subject to meeting of quality and technical specifications. If the bidder itself is MSE OEM of the offered products, it would be exempted from the \"OEM Average Turnover\" criteria also subject to meeting of quality and technical specifications. The bidder seeking exemption from Turnover, shall upload the supporting documents to prove his eligibility for exemption. 3. If the bidder is a DPIIT registered Startup, the bidder shall be exempted from the the eligibility criteria of 3 / 7\n\n\"Experience Criteria\" as defined above subject to their meeting of quality and technical specifications. The bidder seeking exemption from Experience Criteria, shall upload the supporting documents to prove his eligibility for exemption. 4. If the bidder is a DPIIT registered Startup, the bidder shall be exempted from the the eligibility criteria of \"Bidder Turnover\" as defined above subject to their meeting of quality and technical specifications. If the bidder is DPIIT Registered OEM of the offered products, it would be exempted from the \"OEM Average Turnover\" criteria also subject to meeting of quality and technical specifications. The bidder seeking exemption from Turnover shall upload the supporting documents to prove his eligibility for exemption. 5. The minimum average annual financial turnover of the bidder during the last three years, ending on 31st March of the previous financial year, should be as indicated above in the bid document. Documentary evidence in the form of certified Audited Balance Sheets of relevant periods or a certificate from the Chartered Accountant / Cost Accountant indicating the turnover details for the relevant period shall be uploaded with the bid. In case the date of constitution / incorporation of the bidder is less than 3-year-old, the average turnover in respect of the completed financial years after the date of constitution shall be taken into account for this criteria. 6. Experience Criteria: In respect of the filter applied for experience criteria, the Bidder or its OEM of the product offered in the bid {themselves or through reseller(s)} should have regularly, manufactured and supplied same or similar Category Products to any Central / State Govt Organization / PSU for number of Financial years as indicated above in the bid document before the bid opening date. Copies of relevant contracts and delivery acceptance certificates like CRAC to be submitted along with bid in support of having supplied some quantity during each of the Financial year. In case of bunch bids, the category of primary product having highest value should meet this criterion. 7. OEM Turn Over Criteria: The minimum average annual financial turnover of the OEM of the offered product during the last three years, ending on 31st March of the previous financial year, should be as indicated in the bid document. Documentary evidence in the form of certified Audited Balance Sheets of relevant periods or a certificate from the Chartered Accountant / Cost Accountant indicating the turnover details for the relevant period shall be uploaded with the bid. In case the date of constitution / incorporation of the OEM is less than 3 year old, the average turnover in respect of the completed financial years after the date of constitution shall be taken into account for this criteria. 8. Purchase preference will be given to MSEs having valid Udyam Registration and whose credentials are validated online through Udyam Registration portal as defined in Public Procurement Policy for Micro and Small Enterprises (MSEs) Order, 2012 dated 23.03.2012 issued by Ministry of Micro, Small and Medium Enterprises and its subsequent Orders/Notifications issued by concerned Ministry. If the bidder wants to avail themselves of the Purchase preference, the bidder must be the manufacturer / OEM of the offered product on GeM. Traders are excluded from the purview of Public Procurement Policy for Micro and Small Enterprises and hence resellers offering products manufactured by some other OEM are not eligible for any purchase preference. In respect of bid for Services, the bidder must be the Service provider of the offered Service. Relevant documentary evidence in this regard shall be uploaded along with the bid in respect of the offered product or service and Buyer will decide eligibility for purchase preference based on documentary evidence submitted, while evaluating the bid. If L-1 is not an MSE and MSE Seller (s) has / have quoted price within L-1+ 15% (Selected by Buyer) of margin of purchase preference /price band defined in relevant policy, such MSE Seller shall be given opportunity to match L-1 price and contract will be awarded for 25% (selected by Buyer) percentage of total quantity. The buyers are advised to refer the OM No. F.1/4/2021-PPD dated 18.05.2023 OM_No.1_4_2021_PPD_dated_18.05.2023 for compliance of Concurrent application of Public Procurement Policy for Micro and Small Enterprises Order, 2012 and Public Procurement (Preference to Make in India) Order, 2017. Benefits of MSE will be allowed only if seller is validated on-line in GeM profile as well as validated and approved by Buyer after evaluation of documents submitted. 9. Past Performance: The Bidder or its OEM {themselves or through re-seller(s)} should have supplied same or similar Category Products for 30% of bid quantity, in at least one of the last three Financial years before the bid opening date to any Central / State Govt Organization / PSU. Copies of relevant contracts (proving supply of cumulative order quantity in any one financial year) to be submitted along with bid in support of quantity supplied in the relevant Financial year. In case of bunch bids, the category related to primary product having highest bid value should meet this criterion. 10. Reverse Auction would be conducted amongst all the technically qualified bidders except the Highest quoting bidder. The technically qualified Highest Quoting bidder will not be allowed to participate in RA. However, H-1 will also be allowed to participate in RA in following cases: i. If number of technically qualified bidders are only 2 or 3. ii. If Buyer has chosen to split the bid amongst N sellers, and H1 bid is coming within N. iii. In case Primary product of only one OEM is left in contention for participation in RA on elimination of H-1. iv. If L-1 is non-MSE and H-1 is eligible MSE and H-1 price is coming within price band of 15% of Non-MSE L-1 v. If L-1 is non-MII and H-1 is eligible MII and H-1 price is coming within price band of 20% of Non-MII L-1 POWER BANK FOR EQPT ( 4 pieces ) 4 / 7\n\n/Technical Specifications /Buyer Download Specification Document // /Consignees/Reporting Officer and Quantity // ..../S.N /Delivery o. /Consignee /Address /Quantity Days Reporting/Officer 1 *********** ***********COIMBATORE 4 30 /Buyer Added Bid Specific Terms and Conditions 1. Generic OPTION CLAUSE: The Purchaser reserves the right to increase or decrease the quantity to be ordered up to 25 percent of bid quantity at the time of placement of contract. The purchaser also reserves the right to increase the ordered quantity up to 25% of the contracted quantity during the currency of the contract at the contracted rates. The delivery period of quantity shall commence from the last date of original delivery order and in cases where option clause is exercised during the extended delivery period the additional time shall commence from the last date of extended delivery period. The additional delivery time shall be (Increased quantity ÷ Original quantity) × Original delivery period (in days), subject to minimum of 30 days. If the original delivery period is less than 30 days, the additional time equals the original delivery period. The Purchaser may extend this calculated delivery duration up to the original delivery period while exercising the option clause. Bidders must comply with these terms. 2. Warranty Warranty period of the supplied products shall be 2 years from the date of final acceptance of goods or after completion of installation, commissioning & testing of goods (if included in the scope of supply), at consignee location. OEM Warranty certificates must be submitted by Successful Bidder at the time of delivery of Goods. The seller should guarantee the rectification of goods in case of any break down during the guarantee period. Seller should have well established Installation, Commissioning, Training, Troubleshooting and Maintenance Service group in INDIA for attending the after sales service. Details of Service Centres near consignee destinations are to be uploaded along with the bid. 3. Buyer Added Bid Specific ATC Buyer Added text based ATC clauses 1.TECHNICAL SPECIFICATION OF ITEM IS UPLOADED IN BUYER ATC DOCUMENTS. 2.BIDDER HAS DULY CERTIFY THAT WITH OFFICIAL SEAL AND SIGNATURE THAT ALL POINTS MENTION IN B UYER ADDED SPECIFIC DOCUMENT 3.100% PAYMENT DONE AFTER COMPLETION OF DELIVERY. 4.LD CLAUSE AS PER DPM 2009 WILL BE APLICIABLE. 5.E-PBG TO BE DEPOSITED IN FOLLOWING ACCOUNT NO: NAME AIR FORCE PUBLIC FUND,43 WG,AIR FORC E 5 / 7\n\nACCOUNT NO 10526162063 IFSC SBIN0004882 . 4. Buyer Added Bid Specific ATC Buyer uploaded ATC document Click here to view the file. /Disclaimer The additional terms and conditions have been incorporated by the Buyer after approval of the Competent Authority in Buyer Organization, whereby Buyer organization is solely responsible for the impact of these clauses on the bidding process, its outcome, and consequences thereof including any eccentricity / restriction arising in the bidding process due to these ATCs and due to modification of technical specifications and / or terms and conditions governing the bid. If any clause(s) is / are incorporated by the Buyer regarding following, the bid and resultant contracts shall be treated as null and void and such bids may be cancelled by GeM at any stage of bidding process without any notice:- 1. Definition of Class I and Class II suppliers in the bid not in line with the extant Order / Office Memorandum issued by DPIIT in this regard. 2. Seeking EMD submission from bidder(s), including via Additional Terms & Conditions, in contravention to exemption provided to such sellers under GeM GTC. 3. Publishing Custom / BOQ bids for items for which regular GeM categories are available without any Category item bunched with it. 4. Creating BoQ bid for single item. 5. Mentioning specific Brand or Make or Model or Manufacturer or Dealer name. 6. Mandating submission of documents in physical form as a pre-requisite to qualify bidders. 7. Floating / creation of work contracts as Custom Bids in Services. 8. Seeking sample with bid or approval of samples during bid evaluation process. (However, in bids for attached categories, trials are allowed as per approved procurement policy of the buyer nodal Ministries) 9. Mandating foreign / international certifications even in case of existence of Indian Standards without specifying equivalent Indian Certification / standards. 10. Seeking experience from specific organization / department / institute only or from foreign / export experience. 11. Creating bid for items from irrelevant categories. 12. Incorporating any clause against the MSME policy and Preference to Make in India Policy. 13. Reference of conditions published on any external site or reference to external documents/clauses. 14. Asking for any Tender fee / Bid Participation fee / Auction fee in case of Bids / Forward Auction, as the case may be. 15. Buyer added ATC Clauses which are in contravention of clauses defined by buyer in system generated bid template as indicated above in the Bid Details section, EMD Detail, ePBG Detail and MII and MSE Purchase Preference sections of the bid, unless otherwise allowed by GeM GTC. 16. In a category based bid, adding additional items, through buyer added additional scope of work/ additional terms and conditions/or any other document. If buyer needs more items along with the main item, the same must be added through bunching category based items or by bunching custom catalogs or bunching a BoQ with the main category based item, the same must not be done through ATC or Scope of Work. Further, if any seller has any objection/grievance against these additional clauses or otherwise on any aspect of this bid, they can raise their representation against the same by using the Representation window provided in the bid details field in Seller dashboard after logging in as a seller within 4 days of bid publication on GeM. Buyer is duty bound to reply to all such representations and would not be allowed to open bids if he fails to reply to such representations. All GeM Sellers/Service Providers shall ensure full compliance with all applicable labour laws, 6 / 7\n\nincluding the provisions, rules, schemes and guidelines under the four Labour Codes i.e. the Code on Wages, 2019; the Industrial Relations Code, 2020; the Occupational Safety, Health and Working Conditions Code, 2020; and the Code on Social Security, 2020 as and when notified and brought into force by the Government of India. For all provisions of the Labour Codes that are pending operationalisation through rules, schemes or notifications, the corresponding provisions of the pre-existing labour enactments (such as The Minimum Wages Act, 1948, The Payment of Wages Act, 1936, The Payment of Bonus Act, 1965, The Equal Remuneration Act, 1976, The Payment of Gratuity Act, 1972, etc. and relevant State Rules) shall continue to remain applicable. The Seller/ Service Providers shall, therefore, be responsible for ensuring compliance under: All notified and enforceable provisions of the new Labour Codes as mentioned hereinabove; and All operative provisions of the erstwhile Labour Laws until their complete substitution. All obligations relating to wages, social security, safety, working conditions, industrial relations etc. and any other statutory requirements shall be strictly met by the Seller/ Service Provider. Any non- compliance shall constitute a breach of the contract and shall entitle the Buyer to take appropriate action in accordance with the contract and applicable law. /This Bid is also governed by the General Terms and Conditions 26 /In terms of GeM GTC clause 26 regarding Restrictions on procurement from a bidder of a country which shares a land border with India, any bidder from a country which shares a land border with India will be eligible to bid in this tender only if the bidder is registered with the Competent Authority. While participating in bid, Bidder has to undertake compliance of this and any false declaration and non-compliance of this would be a ground for immediate termination of the contract and further legal action in accordance with the laws. ---/Thank You--- 7 / 7"
}